month,telecom,interest
2022-01,C:\Users\user\Desktop\Team_Together\서울시 공공데이터\서울 시민생활 데이터\29개 통신정보 7~12월\2022.1월_29개 통신정보.xlsx,C:\Users\user\Desktop\Team_Together\서울시 공공데이터\서울 시민생활 데이터\10개 관심집단수 7~12월\2022.1월_10개 관심집단수.xlsx
2022-02,C:\Users\user\Desktop\Team_Together\서울시 공공데이터\서울 시민생활 데이터\29개 통신정보 7~12월\2022.2월_29개 통신정보.xlsx,C:\Users\user\Desktop\Team_Together\서울시 공공데이터\서울 시민생활 데이터\10개 관심집단수 7~12월\2022.2월_10개 관심집단수.xlsx
2022-03,C:\Users\user\Desktop\Team_Together\서울시 공공데이터\서울 시민생활 데이터\29개 통신정보 7~12월\2022.3월_29개 통신정보.xlsx,C:\Users\user\Desktop\Team_Together\서울시 공공데이터\서울 시민생활 데이터\10개 관심집단수 7~12월\2022.3월_10개 관심집단수.xlsx
2022-04,C:\Users\user\Desktop\Team_Together\서울시 공공데이터\서울 시민생활 데이터\29개 통신정보 7~12월\2022.4월_29개 통신정보.xlsx,C:\Users\user\Desktop\Team_Together\서울시 공공데이터\서울 시민생활 데이터\10개 관심집단수 7~12월\2022.4월_10개 관심집단수.xlsx
2022-05,C:\Users\user\Desktop\Team_Together\서울시 공공데이터\서울 시민생활 데이터\29개 통신정보 7~12월\2022.5월_29개 통신정보.xlsx,C:\Users\user\Desktop\Team_Together\서울시 공공데이터\서울 시민생활 데이터\10개 관심집단수 7~12월\2022.5월_10개 관심집단수.xlsx
2022-06,C:\Users\user\Desktop\Team_Together\서울시 공공데이터\서울 시민생활 데이터\29개 통신정보 7~12월\2022.6월_29개 통신정보.xlsx,C:\Users\user\Desktop\Team_Together\서울시 공공데이터\서울 시민생활 데이터\10개 관심집단수 7~12월\2022.6월_10개 관심집단수.xlsx
2022-07,C:\Users\user\Desktop\Team_Together\서울시 공공데이터\서울 시민생활 데이터\29개 통신정보 7~12월\2022.7월_29개 통신정보.xlsx,C:\Users\user\Desktop\Team_Together\서울시 공공데이터\서울 시민생활 데이터\10개 관심집단수 7~12월\2022.7월_10개 관심집단수.xlsx
2022-08,C:\Users\user\Desktop\Team_Together\서울시 공공데이터\서울 시민생활 데이터\29개 통신정보 7~12월\2022.8월_29개 통신정보.xlsx,C:\Users\user\Desktop\Team_Together\서울시 공공데이터\서울 시민생활 데이터\10개 관심집단수 7~12월\2022.8월_10개 관심집단수.xlsx
2022-09,C:\Users\user\Desktop\Team_Together\서울시 공공데이터\서울 시민생활 데이터\29개 통신정보 7~12월\2022.9월_29개 통신정보.xlsx,C:\Users\user\Desktop\Team_Together\서울시 공공데이터\서울 시민생활 데이터\10개 관심집단수 7~12월\2022.9월_10개 관심집단수.xlsx
2022-10,C:\Users\user\Desktop\Team_Together\서울시 공공데이터\서울 시민생활 데이터\29개 통신정보 7~12월\2022.10월_29개 통신정보.xlsx,C:\Users\user\Desktop\Team_Together\서울시 공공데이터\서울 시민생활 데이터\10개 관심집단수 7~12월\2022.10월_10개 관심집단 수.xlsx
2022-11,C:\Users\user\Desktop\Team_Together\서울시 공공데이터\서울 시민생활 데이터\29개 통신정보 7~12월\2022.11월_29개 통신정보.xlsx,C:\Users\user\Desktop\Team_Together\서울시 공공데이터\서울 시민생활 데이터\10개 관심집단수 7~12월\2022.11월_10개 관심집단 수.xlsx
2022-12,C:\Users\user\Desktop\Team_Together\서울시 공공데이터\서울 시민생활 데이터\29개 통신정보 7~12월\2022.12월_29개 통신정보.xlsx,C:\Users\user\Desktop\Team_Together\서울시 공공데이터\서울 시민생활 데이터\10개 관심집단수 7~12월\2022.12월_10개 관심집단 수.xlsx
2023-01,C:\Users\user\Desktop\Team_Together\서울시 공공데이터\서울 시민생활 데이터\29개 통신정보 7~12월\2023.1월_29개 통신정보.xlsx,C:\Users\user\Desktop\Team_Together\서울시 공공데이터\서울 시민생활 데이터\10개 관심집단수 7~12월\2023.1월_10개 관심집단 수.xlsx
2023-02,C:\Users\user\Desktop\Team_Together\서울시 공공데이터\서울 시민생활 데이터\29개 통신정보 7~12월\2023.2월_29개 통신정보.xlsx,C:\Users\user\Desktop\Team_Together\서울시 공공데이터\서울 시민생활 데이터\10개 관심집단수 7~12월\2023.2월_10개 관심집단 수.xlsx
2023-03,C:\Users\user\Desktop\Team_Together\서울시 공공데이터\서울 시민생활 데이터\29개 통신정보 7~12월\2023.3월_29개 통신정보.xlsx,C:\Users\user\Desktop\Team_Together\서울시 공공데이터\서울 시민생활 데이터\10개 관심집단수 7~12월\2023.3월_10개 관심집단 수.xlsx
2023-04,C:\Users\user\Desktop\Team_Together\서울시 공공데이터\서울 시민생활 데이터\29개 통신정보 7~12월\2023.4월_29개 통신정보.xlsx,C:\Users\user\Desktop\Team_Together\서울시 공공데이터\서울 시민생활 데이터\10개 관심집단수 7~12월\2023.4월_10개 관심집단 수.xlsx
2023-05,C:\Users\user\Desktop\Team_Together\서울시 공공데이터\서울 시민생활 데이터\29개 통신정보 7~12월\2023.5월_29개 통신정보.xlsx,C:\Users\user\Desktop\Team_Together\서울시 공공데이터\서울 시민생활 데이터\10개 관심집단수 7~12월\2023.5월_10개 관심집단 수.xlsx
2023-06,C:\Users\user\Desktop\Team_Together\서울시 공공데이터\서울 시민생활 데이터\29개 통신정보 7~12월\2023.6월_29개 통신정보.xlsx,C:\Users\user\Desktop\Team_Together\서울시 공공데이터\서울 시민생활 데이터\10개 관심집단수 7~12월\2023.6월_10개 관심집단 수.xlsx
2023-07,C:\Users\user\Desktop\Team_Together\서울시 공공데이터\서울 시민생활 데이터\29개 통신정보 7~12월\2023.7월_29개 통신정보.xlsx,C:\Users\user\Desktop\Team_Together\서울시 공공데이터\서울 시민생활 데이터\10개 관심집단수 7~12월\2023.7월_10개 관심집단 수.xlsx
2023-08,C:\Users\user\Desktop\Team_Together\서울시 공공데이터\서울 시민생활 데이터\29개 통신정보 7~12월\2023.8월_29개 통신정보.xlsx,C:\Users\user\Desktop\Team_Together\서울시 공공데이터\서울 시민생활 데이터\10개 관심집단수 7~12월\2023.8월_10개 관심집단 수.xlsx
2023-09,C:\Users\user\Desktop\Team_Together\서울시 공공데이터\서울 시민생활 데이터\29개 통신정보 7~12월\2023.9월_29개 통신정보.xlsx,C:\Users\user\Desktop\Team_Together\서울시 공공데이터\서울 시민생활 데이터\10개 관심집단수 7~12월\2023.9월_10개 관심집단 수.xlsx
2023-10,C:\Users\user\Desktop\Team_Together\서울시 공공데이터\서울 시민생활 데이터\29개 통신정보 7~12월\2023.10월_29개 통신정보.xlsx,C:\Users\user\Desktop\Team_Together\서울시 공공데이터\서울 시민생활 데이터\10개 관심집단수 7~12월\2023.10월_10개 관심집단 수.xlsx
2023-11,C:\Users\user\Desktop\Team_Together\서울시 공공데이터\서울 시민생활 데이터\29개 통신정보 7~12월\2023.11월_29개 통신정보.xlsx,C:\Users\user\Desktop\Team_Together\서울시 공공데이터\서울 시민생활 데이터\10개 관심집단수 7~12월\2023.11월_10개 관심집단 수.xlsx
2023-12,C:\Users\user\Desktop\Team_Together\서울시 공공데이터\서울 시민생활 데이터\29개 통신정보 7~12월\2023.12월_29개 통신정보.xlsx,C:\Users\user\Desktop\Team_Together\서울시 공공데이터\서울 시민생활 데이터\10개 관심집단수 7~12월\2023.12월_10개 관심집단 수.xlsx
2024-01,C:\Users\user\Desktop\Team_Together\서울시 공공데이터\서울 시민생활 데이터\29개 통신정보 7~12월\2024.1월_29개 통신정보.xlsx,C:\Users\user\Desktop\Team_Together\서울시 공공데이터\서울 시민생활 데이터\10개 관심집단수 7~12월\2024.1월_10개 관심집단 수.xlsx
2024-02,C:\Users\user\Desktop\Team_Together\서울시 공공데이터\서울 시민생활 데이터\29개 통신정보 7~12월\2024.2월_29개 통신정보.xlsx,C:\Users\user\Desktop\Team_Together\서울시 공공데이터\서울 시민생활 데이터\10개 관심집단수 7~12월\2024.2월_10개 관심집단 수.xlsx
2024-03,C:\Users\user\Desktop\Team_Together\서울시 공공데이터\서울 시민생활 데이터\29개 통신정보 7~12월\2024.3월_29개 통신정보.xlsx,C:\Users\user\Desktop\Team_Together\서울시 공공데이터\서울 시민생활 데이터\10개 관심집단수 7~12월\2024.3월_10개 관심집단 수.xlsx
2024-04,C:\Users\user\Desktop\Team_Together\서울시 공공데이터\서울 시민생활 데이터\29개 통신정보 7~12월\2024.4월_29개 통신정보.xlsx,C:\Users\user\Desktop\Team_Together\서울시 공공데이터\서울 시민생활 데이터\10개 관심집단수 7~12월\2024.4월_10개 관심집단 수.xlsx
2024-05,C:\Users\user\Desktop\Team_Together\서울시 공공데이터\서울 시민생활 데이터\29개 통신정보 7~12월\2024.5월_29개 통신정보.xlsx,C:\Users\user\Desktop\Team_Together\서울시 공공데이터\서울 시민생활 데이터\10개 관심집단수 7~12월\2024.5월_10개 관심집단 수.xlsx
2024-06,C:\Users\user\Desktop\Team_Together\서울시 공공데이터\서울 시민생활 데이터\29개 통신정보 7~12월\2024.6월_29개 통신정보.xlsx,C:\Users\user\Desktop\Team_Together\서울시 공공데이터\서울 시민생활 데이터\10개 관심집단수 7~12월\2024.6월_10개 관심집단 수.xlsx
2024-07,C:\Users\user\Desktop\Team_Together\서울시 공공데이터\서울 시민생활 데이터\29개 통신정보 7~12월\2024.7월_29개 통신정보.xlsx,C:\Users\user\Desktop\Team_Together\서울시 공공데이터\서울 시민생활 데이터\10개 관심집단수 7~12월\2024.7월_10개 관심집단 수.xlsx
2024-08,C:\Users\user\Desktop\Team_Together\서울시 공공데이터\서울 시민생활 데이터\29개 통신정보 7~12월\2024.8월_29개 통신정보.xlsx,C:\Users\user\Desktop\Team_Together\서울시 공공데이터\서울 시민생활 데이터\10개 관심집단수 7~12월\2024.8월_10개 관심집단 수.xlsx
2024-09,C:\Users\user\Desktop\Team_Together\서울시 공공데이터\서울 시민생활 데이터\29개 통신정보 7~12월\2024.9월_29개 통신정보.xlsx,C:\Users\user\Desktop\Team_Together\서울시 공공데이터\서울 시민생활 데이터\10개 관심집단수 7~12월\2024.9월_10개 관심집단 수.xlsx
2024-10,C:\Users\user\Desktop\Team_Together\서울시 공공데이터\서울 시민생활 데이터\29개 통신정보 7~12월\2024.10월_29개 통신정보.xlsx,C:\Users\user\Desktop\Team_Together\서울시 공공데이터\서울 시민생활 데이터\10개 관심집단수 7~12월\2024.10월_10개 관심집단 수.xlsx
2024-11,C:\Users\user\Desktop\Team_Together\서울시 공공데이터\서울 시민생활 데이터\29개 통신정보 7~12월\2024.11월_29개 통신정보.xlsx,C:\Users\user\Desktop\Team_Together\서울시 공공데이터\서울 시민생활 데이터\10개 관심집단수 7~12월\2024.11월_10개 관심집단 수.xlsx
2024-12,C:\Users\user\Desktop\Team_Together\서울시 공공데이터\서울 시민생활 데이터\29개 통신정보 7~12월\2024.12월_29개 통신정보.xlsx,C:\Users\user\Desktop\Team_Together\서울시 공공데이터\서울 시민생활 데이터\10개 관심집단수 7~12월\2024.12월_10개 관심집단 수.xlsx
2025-01,C:\Users\user\Desktop\Team_Together\서울시 공공데이터\서울 시민생활 데이터\29개 통신정보 7~12월\2025.1월_29개 통신정보.xlsx,C:\Users\user\Desktop\Team_Together\서울시 공공데이터\서울 시민생활 데이터\10개 관심집단수 7~12월\2025.1월_10개 관심집단 수.xlsx
2025-02,C:\Users\user\Desktop\Team_Together\서울시 공공데이터\서울 시민생활 데이터\29개 통신정보 7~12월\2025.2월_29개 통신정보.xlsx,C:\Users\user\Desktop\Team_Together\서울시 공공데이터\서울 시민생활 데이터\10개 관심집단수 7~12월\2025.2월_10개 관심집단 수.xlsx
2025-03,C:\Users\user\Desktop\Team_Together\서울시 공공데이터\서울 시민생활 데이터\29개 통신정보 7~12월\2025.3월_29개 통신정보.xlsx,C:\Users\user\Desktop\Team_Together\서울시 공공데이터\서울 시민생활 데이터\10개 관심집단수 7~12월\2025.3월_10개 관심집단 수.xlsx
2025-04,C:\Users\user\Desktop\Team_Together\서울시 공공데이터\서울 시민생활 데이터\29개 통신정보 7~12월\2025.4월_29개 통신정보.xlsx,C:\Users\user\Desktop\Team_Together\서울시 공공데이터\서울 시민생활 데이터\10개 관심집단수 7~12월\2025.4월_10개 관심집단 수.xlsx
2025-05,C:\Users\user\Desktop\Team_Together\서울시 공공데이터\서울 시민생활 데이터\29개 통신정보 7~12월\2025.5월_29개 통신정보.xlsx,C:\Users\user\Desktop\Team_Together\서울시 공공데이터\서울 시민생활 데이터\10개 관심집단수 7~12월\2025.5월_10개 관심집단 수.xlsx
2025-06,C:\Users\user\Desktop\Team_Together\서울시 공공데이터\서울 시민생활 데이터\29개 통신정보 7~12월\2025.6월_29개 통신정보.xlsx,C:\Users\user\Desktop\Team_Together\서울시 공공데이터\서울 시민생활 데이터\10개 관심집단수 7~12월\2025.6월_10개 관심집단 수.xlsx
2025-07,C:\Users\user\Desktop\Team_Together\서울시 공공데이터\서울 시민생활 데이터\29개 통신정보 7~12월\2025.7월_29개 통신정보.xlsx,C:\Users\user\Desktop\Team_Together\서울시 공공데이터\서울 시민생활 데이터\10개 관심집단수 7~12월\2025.7월_10개 관심집단 수.xlsx
2025-08,C:\Users\user\Desktop\Team_Together\서울시 공공데이터\서울 시민생활 데이터\29개 통신정보 7~12월\2025.8월_29개 통신정보.xlsx,C:\Users\user\Desktop\Team_Together\서울시 공공데이터\서울 시민생활 데이터\10개 관심집단수 7~12월\2025.8월_10개 관심집단 수.xlsx
2025-09,C:\Users\user\Desktop\Team_Together\서울시 공공데이터\서울 시민생활 데이터\29개 통신정보 7~12월\2025.9월_29개 통신정보.xlsx,C:\Users\user\Desktop\Team_Together\서울시 공공데이터\서울 시민생활 데이터\10개 관심집단수 7~12월\2025.9월_10개 관심집단수.xlsx
2025-10,C:\Users\user\Desktop\Team_Together\서울시 공공데이터\서울 시민생활 데이터\29개 통신정보 7~12월\2025.10월_29개 통신정보.xlsx,C:\Users\user\Desktop\Team_Together\서울시 공공데이터\서울 시민생활 데이터\10개 관심집단수 7~12월\2025.10월_10개 관심집단수.xlsx
2025-11,C:\Users\user\Desktop\Team_Together\서울시 공공데이터\서울 시민생활 데이터\29개 통신정보 7~12월\2025.11월_29개 통신정보.xlsx,C:\Users\user\Desktop\Team_Together\서울시 공공데이터\서울 시민생활 데이터\10개 관심집단수 7~12월\2025.11월_10개 관심집단수.xlsx
2025-12,C:\Users\user\Desktop\Team_Together\서울시 공공데이터\서울 시민생활 데이터\29개 통신정보 7~12월\2025.12월_29개 통신정보.xlsx,C:\Users\user\Desktop\Team_Together\서울시 공공데이터\서울 시민생활 데이터\10개 관심집단수 7~12월\2025.12월_10개 관심집단수.xlsx
