date,rain_days,rainfall_mm,snow_days
2022-01-01,7,5.5,12
2022-02-01,5,4.7,6
2022-03-01,9,102.6,1
2022-04-01,7,20.4,0
2022-05-01,4,7.5,0
2022-06-01,12,393.8,0
2022-07-01,14,252.3,0
2022-08-01,19,564.8,0
2022-09-01,8,201.5,0
2022-10-01,5,124.1,0
2022-11-01,5,84.5,1
2022-12-01,9,13.6,11
2023-01-01,7,47.9,11
2023-02-01,2,1.0,3
2023-03-01,3,10.5,0
2023-04-01,11,96.9,0
2023-05-01,8,155.6,0
2023-06-01,11,195.6,0
2023-07-01,19,459.9,0
2023-08-01,13,298.1,0
2023-09-01,11,134.5,0
2023-10-01,5,31.0,0
2023-11-01,7,81.9,3
2023-12-01,12,85.9,8
2024-01-01,9,18.9,8
2024-02-01,11,74.7,10
2024-03-01,10,29.9,2
2024-04-01,4,33.2,0
2024-05-01,8,125.1,0
2024-06-01,7,115.9,0
2024-07-01,22,557.3,0
2024-08-01,11,72.8,0
2024-09-01,11,143.9,0
2024-10-01,6,74.0,0
2024-11-01,6,60.0,4
2024-12-01,5,5.7,7
2025-01-01,9,19.5,13
2025-02-01,3,5.2,5
2025-03-01,8,38.2,8
2025-04-01,7,94.6,2
2025-05-01,12,123.6,0
2025-06-01,12,98.1,0
2025-07-01,10,293.9,0
2025-08-01,12,290.3,0
2025-09-01,13,370.7,0
2025-10-01,15,186.3,0
2025-11-01,6,20.8,0
2025-12-01,10,41.2,6
