date,payload_json
2022-01-01,"{""available_from"": null, ""calendar_days"": 92, ""calendar_definition"": ""literal_Mon_Fri_and_Sat_Sun_not_provider_weekday_holiday_definition"", ""calendar_mon_fri_days"": 66, ""calendar_sat_sun_days"": 26, ""definition_source"": ""https://data.seoul.go.kr/dataVisual/seoul/seoulLiving.do"", ""exact_quarter"": ""2021Q4"", ""label_month"": ""2022-01"", ""observation_end"": ""2021-12-31"", ""observation_months"": [""2021-10"", ""2021-11"", ""2021-12""], ""observation_start"": ""2021-10-01"", ""overlap_quarters"": [""2021Q4""], ""provider_holiday_includes_public_holidays"": null, ""publication_note"": ""manual indicates publication next month; actual file-specific release date not verified; do not infer availability"", ""semantics_version"": ""source_semantics_v1"", ""window_basis"": ""provider_manual_previous_three_months; source-file date treated as aggregation label""}"
2022-02-01,"{""available_from"": null, ""calendar_days"": 92, ""calendar_definition"": ""literal_Mon_Fri_and_Sat_Sun_not_provider_weekday_holiday_definition"", ""calendar_mon_fri_days"": 66, ""calendar_sat_sun_days"": 26, ""definition_source"": ""https://data.seoul.go.kr/dataVisual/seoul/seoulLiving.do"", ""exact_quarter"": null, ""label_month"": ""2022-02"", ""observation_end"": ""2022-01-31"", ""observation_months"": [""2021-11"", ""2021-12"", ""2022-01""], ""observation_start"": ""2021-11-01"", ""overlap_quarters"": [""2021Q4"", ""2022Q1""], ""provider_holiday_includes_public_holidays"": null, ""publication_note"": ""manual indicates publication next month; actual file-specific release date not verified; do not infer availability"", ""semantics_version"": ""source_semantics_v1"", ""window_basis"": ""provider_manual_previous_three_months; source-file date treated as aggregation label""}"
2022-03-01,"{""available_from"": null, ""calendar_days"": 90, ""calendar_definition"": ""literal_Mon_Fri_and_Sat_Sun_not_provider_weekday_holiday_definition"", ""calendar_mon_fri_days"": 64, ""calendar_sat_sun_days"": 26, ""definition_source"": ""https://data.seoul.go.kr/dataVisual/seoul/seoulLiving.do"", ""exact_quarter"": null, ""label_month"": ""2022-03"", ""observation_end"": ""2022-02-28"", ""observation_months"": [""2021-12"", ""2022-01"", ""2022-02""], ""observation_start"": ""2021-12-01"", ""overlap_quarters"": [""2021Q4"", ""2022Q1""], ""provider_holiday_includes_public_holidays"": null, ""publication_note"": ""manual indicates publication next month; actual file-specific release date not verified; do not infer availability"", ""semantics_version"": ""source_semantics_v1"", ""window_basis"": ""provider_manual_previous_three_months; source-file date treated as aggregation label""}"
2022-04-01,"{""available_from"": null, ""calendar_days"": 90, ""calendar_definition"": ""literal_Mon_Fri_and_Sat_Sun_not_provider_weekday_holiday_definition"", ""calendar_mon_fri_days"": 64, ""calendar_sat_sun_days"": 26, ""definition_source"": ""https://data.seoul.go.kr/dataVisual/seoul/seoulLiving.do"", ""exact_quarter"": ""2022Q1"", ""label_month"": ""2022-04"", ""observation_end"": ""2022-03-31"", ""observation_months"": [""2022-01"", ""2022-02"", ""2022-03""], ""observation_start"": ""2022-01-01"", ""overlap_quarters"": [""2022Q1""], ""provider_holiday_includes_public_holidays"": null, ""publication_note"": ""manual indicates publication next month; actual file-specific release date not verified; do not infer availability"", ""semantics_version"": ""source_semantics_v1"", ""window_basis"": ""provider_manual_previous_three_months; source-file date treated as aggregation label""}"
2022-05-01,"{""available_from"": null, ""calendar_days"": 89, ""calendar_definition"": ""literal_Mon_Fri_and_Sat_Sun_not_provider_weekday_holiday_definition"", ""calendar_mon_fri_days"": 64, ""calendar_sat_sun_days"": 25, ""definition_source"": ""https://data.seoul.go.kr/dataVisual/seoul/seoulLiving.do"", ""exact_quarter"": null, ""label_month"": ""2022-05"", ""observation_end"": ""2022-04-30"", ""observation_months"": [""2022-02"", ""2022-03"", ""2022-04""], ""observation_start"": ""2022-02-01"", ""overlap_quarters"": [""2022Q1"", ""2022Q2""], ""provider_holiday_includes_public_holidays"": null, ""publication_note"": ""manual indicates publication next month; actual file-specific release date not verified; do not infer availability"", ""semantics_version"": ""source_semantics_v1"", ""window_basis"": ""provider_manual_previous_three_months; source-file date treated as aggregation label""}"
2022-06-01,"{""available_from"": null, ""calendar_days"": 92, ""calendar_definition"": ""literal_Mon_Fri_and_Sat_Sun_not_provider_weekday_holiday_definition"", ""calendar_mon_fri_days"": 66, ""calendar_sat_sun_days"": 26, ""definition_source"": ""https://data.seoul.go.kr/dataVisual/seoul/seoulLiving.do"", ""exact_quarter"": null, ""label_month"": ""2022-06"", ""observation_end"": ""2022-05-31"", ""observation_months"": [""2022-03"", ""2022-04"", ""2022-05""], ""observation_start"": ""2022-03-01"", ""overlap_quarters"": [""2022Q1"", ""2022Q2""], ""provider_holiday_includes_public_holidays"": null, ""publication_note"": ""manual indicates publication next month; actual file-specific release date not verified; do not infer availability"", ""semantics_version"": ""source_semantics_v1"", ""window_basis"": ""provider_manual_previous_three_months; source-file date treated as aggregation label""}"
2022-07-01,"{""available_from"": null, ""calendar_days"": 91, ""calendar_definition"": ""literal_Mon_Fri_and_Sat_Sun_not_provider_weekday_holiday_definition"", ""calendar_mon_fri_days"": 65, ""calendar_sat_sun_days"": 26, ""definition_source"": ""https://data.seoul.go.kr/dataVisual/seoul/seoulLiving.do"", ""exact_quarter"": ""2022Q2"", ""label_month"": ""2022-07"", ""observation_end"": ""2022-06-30"", ""observation_months"": [""2022-04"", ""2022-05"", ""2022-06""], ""observation_start"": ""2022-04-01"", ""overlap_quarters"": [""2022Q2""], ""provider_holiday_includes_public_holidays"": null, ""publication_note"": ""manual indicates publication next month; actual file-specific release date not verified; do not infer availability"", ""semantics_version"": ""source_semantics_v1"", ""window_basis"": ""provider_manual_previous_three_months; source-file date treated as aggregation label""}"
2022-08-01,"{""available_from"": null, ""calendar_days"": 92, ""calendar_definition"": ""literal_Mon_Fri_and_Sat_Sun_not_provider_weekday_holiday_definition"", ""calendar_mon_fri_days"": 65, ""calendar_sat_sun_days"": 27, ""definition_source"": ""https://data.seoul.go.kr/dataVisual/seoul/seoulLiving.do"", ""exact_quarter"": null, ""label_month"": ""2022-08"", ""observation_end"": ""2022-07-31"", ""observation_months"": [""2022-05"", ""2022-06"", ""2022-07""], ""observation_start"": ""2022-05-01"", ""overlap_quarters"": [""2022Q2"", ""2022Q3""], ""provider_holiday_includes_public_holidays"": null, ""publication_note"": ""manual indicates publication next month; actual file-specific release date not verified; do not infer availability"", ""semantics_version"": ""source_semantics_v1"", ""window_basis"": ""provider_manual_previous_three_months; source-file date treated as aggregation label""}"
2022-09-01,"{""available_from"": null, ""calendar_days"": 92, ""calendar_definition"": ""literal_Mon_Fri_and_Sat_Sun_not_provider_weekday_holiday_definition"", ""calendar_mon_fri_days"": 66, ""calendar_sat_sun_days"": 26, ""definition_source"": ""https://data.seoul.go.kr/dataVisual/seoul/seoulLiving.do"", ""exact_quarter"": null, ""label_month"": ""2022-09"", ""observation_end"": ""2022-08-31"", ""observation_months"": [""2022-06"", ""2022-07"", ""2022-08""], ""observation_start"": ""2022-06-01"", ""overlap_quarters"": [""2022Q2"", ""2022Q3""], ""provider_holiday_includes_public_holidays"": null, ""publication_note"": ""manual indicates publication next month; actual file-specific release date not verified; do not infer availability"", ""semantics_version"": ""source_semantics_v1"", ""window_basis"": ""provider_manual_previous_three_months; source-file date treated as aggregation label""}"
2022-10-01,"{""available_from"": null, ""calendar_days"": 92, ""calendar_definition"": ""literal_Mon_Fri_and_Sat_Sun_not_provider_weekday_holiday_definition"", ""calendar_mon_fri_days"": 66, ""calendar_sat_sun_days"": 26, ""definition_source"": ""https://data.seoul.go.kr/dataVisual/seoul/seoulLiving.do"", ""exact_quarter"": ""2022Q3"", ""label_month"": ""2022-10"", ""observation_end"": ""2022-09-30"", ""observation_months"": [""2022-07"", ""2022-08"", ""2022-09""], ""observation_start"": ""2022-07-01"", ""overlap_quarters"": [""2022Q3""], ""provider_holiday_includes_public_holidays"": null, ""publication_note"": ""manual indicates publication next month; actual file-specific release date not verified; do not infer availability"", ""semantics_version"": ""source_semantics_v1"", ""window_basis"": ""provider_manual_previous_three_months; source-file date treated as aggregation label""}"
2022-11-01,"{""available_from"": null, ""calendar_days"": 92, ""calendar_definition"": ""literal_Mon_Fri_and_Sat_Sun_not_provider_weekday_holiday_definition"", ""calendar_mon_fri_days"": 66, ""calendar_sat_sun_days"": 26, ""definition_source"": ""https://data.seoul.go.kr/dataVisual/seoul/seoulLiving.do"", ""exact_quarter"": null, ""label_month"": ""2022-11"", ""observation_end"": ""2022-10-31"", ""observation_months"": [""2022-08"", ""2022-09"", ""2022-10""], ""observation_start"": ""2022-08-01"", ""overlap_quarters"": [""2022Q3"", ""2022Q4""], ""provider_holiday_includes_public_holidays"": null, ""publication_note"": ""manual indicates publication next month; actual file-specific release date not verified; do not infer availability"", ""semantics_version"": ""source_semantics_v1"", ""window_basis"": ""provider_manual_previous_three_months; source-file date treated as aggregation label""}"
2022-12-01,"{""available_from"": null, ""calendar_days"": 91, ""calendar_definition"": ""literal_Mon_Fri_and_Sat_Sun_not_provider_weekday_holiday_definition"", ""calendar_mon_fri_days"": 65, ""calendar_sat_sun_days"": 26, ""definition_source"": ""https://data.seoul.go.kr/dataVisual/seoul/seoulLiving.do"", ""exact_quarter"": null, ""label_month"": ""2022-12"", ""observation_end"": ""2022-11-30"", ""observation_months"": [""2022-09"", ""2022-10"", ""2022-11""], ""observation_start"": ""2022-09-01"", ""overlap_quarters"": [""2022Q3"", ""2022Q4""], ""provider_holiday_includes_public_holidays"": null, ""publication_note"": ""manual indicates publication next month; actual file-specific release date not verified; do not infer availability"", ""semantics_version"": ""source_semantics_v1"", ""window_basis"": ""provider_manual_previous_three_months; source-file date treated as aggregation label""}"
2023-01-01,"{""available_from"": null, ""calendar_days"": 92, ""calendar_definition"": ""literal_Mon_Fri_and_Sat_Sun_not_provider_weekday_holiday_definition"", ""calendar_mon_fri_days"": 65, ""calendar_sat_sun_days"": 27, ""definition_source"": ""https://data.seoul.go.kr/dataVisual/seoul/seoulLiving.do"", ""exact_quarter"": ""2022Q4"", ""label_month"": ""2023-01"", ""observation_end"": ""2022-12-31"", ""observation_months"": [""2022-10"", ""2022-11"", ""2022-12""], ""observation_start"": ""2022-10-01"", ""overlap_quarters"": [""2022Q4""], ""provider_holiday_includes_public_holidays"": null, ""publication_note"": ""manual indicates publication next month; actual file-specific release date not verified; do not infer availability"", ""semantics_version"": ""source_semantics_v1"", ""window_basis"": ""provider_manual_previous_three_months; source-file date treated as aggregation label""}"
2023-02-01,"{""available_from"": null, ""calendar_days"": 92, ""calendar_definition"": ""literal_Mon_Fri_and_Sat_Sun_not_provider_weekday_holiday_definition"", ""calendar_mon_fri_days"": 66, ""calendar_sat_sun_days"": 26, ""definition_source"": ""https://data.seoul.go.kr/dataVisual/seoul/seoulLiving.do"", ""exact_quarter"": null, ""label_month"": ""2023-02"", ""observation_end"": ""2023-01-31"", ""observation_months"": [""2022-11"", ""2022-12"", ""2023-01""], ""observation_start"": ""2022-11-01"", ""overlap_quarters"": [""2022Q4"", ""2023Q1""], ""provider_holiday_includes_public_holidays"": null, ""publication_note"": ""manual indicates publication next month; actual file-specific release date not verified; do not infer availability"", ""semantics_version"": ""source_semantics_v1"", ""window_basis"": ""provider_manual_previous_three_months; source-file date treated as aggregation label""}"
2023-03-01,"{""available_from"": null, ""calendar_days"": 90, ""calendar_definition"": ""literal_Mon_Fri_and_Sat_Sun_not_provider_weekday_holiday_definition"", ""calendar_mon_fri_days"": 64, ""calendar_sat_sun_days"": 26, ""definition_source"": ""https://data.seoul.go.kr/dataVisual/seoul/seoulLiving.do"", ""exact_quarter"": null, ""label_month"": ""2023-03"", ""observation_end"": ""2023-02-28"", ""observation_months"": [""2022-12"", ""2023-01"", ""2023-02""], ""observation_start"": ""2022-12-01"", ""overlap_quarters"": [""2022Q4"", ""2023Q1""], ""provider_holiday_includes_public_holidays"": null, ""publication_note"": ""manual indicates publication next month; actual file-specific release date not verified; do not infer availability"", ""semantics_version"": ""source_semantics_v1"", ""window_basis"": ""provider_manual_previous_three_months; source-file date treated as aggregation label""}"
2023-04-01,"{""available_from"": null, ""calendar_days"": 90, ""calendar_definition"": ""literal_Mon_Fri_and_Sat_Sun_not_provider_weekday_holiday_definition"", ""calendar_mon_fri_days"": 65, ""calendar_sat_sun_days"": 25, ""definition_source"": ""https://data.seoul.go.kr/dataVisual/seoul/seoulLiving.do"", ""exact_quarter"": ""2023Q1"", ""label_month"": ""2023-04"", ""observation_end"": ""2023-03-31"", ""observation_months"": [""2023-01"", ""2023-02"", ""2023-03""], ""observation_start"": ""2023-01-01"", ""overlap_quarters"": [""2023Q1""], ""provider_holiday_includes_public_holidays"": null, ""publication_note"": ""manual indicates publication next month; actual file-specific release date not verified; do not infer availability"", ""semantics_version"": ""source_semantics_v1"", ""window_basis"": ""provider_manual_previous_three_months; source-file date treated as aggregation label""}"
2023-05-01,"{""available_from"": null, ""calendar_days"": 89, ""calendar_definition"": ""literal_Mon_Fri_and_Sat_Sun_not_provider_weekday_holiday_definition"", ""calendar_mon_fri_days"": 63, ""calendar_sat_sun_days"": 26, ""definition_source"": ""https://data.seoul.go.kr/dataVisual/seoul/seoulLiving.do"", ""exact_quarter"": null, ""label_month"": ""2023-05"", ""observation_end"": ""2023-04-30"", ""observation_months"": [""2023-02"", ""2023-03"", ""2023-04""], ""observation_start"": ""2023-02-01"", ""overlap_quarters"": [""2023Q1"", ""2023Q2""], ""provider_holiday_includes_public_holidays"": null, ""publication_note"": ""manual indicates publication next month; actual file-specific release date not verified; do not infer availability"", ""semantics_version"": ""source_semantics_v1"", ""window_basis"": ""provider_manual_previous_three_months; source-file date treated as aggregation label""}"
2023-06-01,"{""available_from"": null, ""calendar_days"": 92, ""calendar_definition"": ""literal_Mon_Fri_and_Sat_Sun_not_provider_weekday_holiday_definition"", ""calendar_mon_fri_days"": 66, ""calendar_sat_sun_days"": 26, ""definition_source"": ""https://data.seoul.go.kr/dataVisual/seoul/seoulLiving.do"", ""exact_quarter"": null, ""label_month"": ""2023-06"", ""observation_end"": ""2023-05-31"", ""observation_months"": [""2023-03"", ""2023-04"", ""2023-05""], ""observation_start"": ""2023-03-01"", ""overlap_quarters"": [""2023Q1"", ""2023Q2""], ""provider_holiday_includes_public_holidays"": null, ""publication_note"": ""manual indicates publication next month; actual file-specific release date not verified; do not infer availability"", ""semantics_version"": ""source_semantics_v1"", ""window_basis"": ""provider_manual_previous_three_months; source-file date treated as aggregation label""}"
2023-07-01,"{""available_from"": null, ""calendar_days"": 91, ""calendar_definition"": ""literal_Mon_Fri_and_Sat_Sun_not_provider_weekday_holiday_definition"", ""calendar_mon_fri_days"": 65, ""calendar_sat_sun_days"": 26, ""definition_source"": ""https://data.seoul.go.kr/dataVisual/seoul/seoulLiving.do"", ""exact_quarter"": ""2023Q2"", ""label_month"": ""2023-07"", ""observation_end"": ""2023-06-30"", ""observation_months"": [""2023-04"", ""2023-05"", ""2023-06""], ""observation_start"": ""2023-04-01"", ""overlap_quarters"": [""2023Q2""], ""provider_holiday_includes_public_holidays"": null, ""publication_note"": ""manual indicates publication next month; actual file-specific release date not verified; do not infer availability"", ""semantics_version"": ""source_semantics_v1"", ""window_basis"": ""provider_manual_previous_three_months; source-file date treated as aggregation label""}"
2023-08-01,"{""available_from"": null, ""calendar_days"": 92, ""calendar_definition"": ""literal_Mon_Fri_and_Sat_Sun_not_provider_weekday_holiday_definition"", ""calendar_mon_fri_days"": 66, ""calendar_sat_sun_days"": 26, ""definition_source"": ""https://data.seoul.go.kr/dataVisual/seoul/seoulLiving.do"", ""exact_quarter"": null, ""label_month"": ""2023-08"", ""observation_end"": ""2023-07-31"", ""observation_months"": [""2023-05"", ""2023-06"", ""2023-07""], ""observation_start"": ""2023-05-01"", ""overlap_quarters"": [""2023Q2"", ""2023Q3""], ""provider_holiday_includes_public_holidays"": null, ""publication_note"": ""manual indicates publication next month; actual file-specific release date not verified; do not infer availability"", ""semantics_version"": ""source_semantics_v1"", ""window_basis"": ""provider_manual_previous_three_months; source-file date treated as aggregation label""}"
2023-09-01,"{""available_from"": null, ""calendar_days"": 92, ""calendar_definition"": ""literal_Mon_Fri_and_Sat_Sun_not_provider_weekday_holiday_definition"", ""calendar_mon_fri_days"": 66, ""calendar_sat_sun_days"": 26, ""definition_source"": ""https://data.seoul.go.kr/dataVisual/seoul/seoulLiving.do"", ""exact_quarter"": null, ""label_month"": ""2023-09"", ""observation_end"": ""2023-08-31"", ""observation_months"": [""2023-06"", ""2023-07"", ""2023-08""], ""observation_start"": ""2023-06-01"", ""overlap_quarters"": [""2023Q2"", ""2023Q3""], ""provider_holiday_includes_public_holidays"": null, ""publication_note"": ""manual indicates publication next month; actual file-specific release date not verified; do not infer availability"", ""semantics_version"": ""source_semantics_v1"", ""window_basis"": ""provider_manual_previous_three_months; source-file date treated as aggregation label""}"
2023-10-01,"{""available_from"": null, ""calendar_days"": 92, ""calendar_definition"": ""literal_Mon_Fri_and_Sat_Sun_not_provider_weekday_holiday_definition"", ""calendar_mon_fri_days"": 65, ""calendar_sat_sun_days"": 27, ""definition_source"": ""https://data.seoul.go.kr/dataVisual/seoul/seoulLiving.do"", ""exact_quarter"": ""2023Q3"", ""label_month"": ""2023-10"", ""observation_end"": ""2023-09-30"", ""observation_months"": [""2023-07"", ""2023-08"", ""2023-09""], ""observation_start"": ""2023-07-01"", ""overlap_quarters"": [""2023Q3""], ""provider_holiday_includes_public_holidays"": null, ""publication_note"": ""manual indicates publication next month; actual file-specific release date not verified; do not infer availability"", ""semantics_version"": ""source_semantics_v1"", ""window_basis"": ""provider_manual_previous_three_months; source-file date treated as aggregation label""}"
2023-11-01,"{""available_from"": null, ""calendar_days"": 92, ""calendar_definition"": ""literal_Mon_Fri_and_Sat_Sun_not_provider_weekday_holiday_definition"", ""calendar_mon_fri_days"": 66, ""calendar_sat_sun_days"": 26, ""definition_source"": ""https://data.seoul.go.kr/dataVisual/seoul/seoulLiving.do"", ""exact_quarter"": null, ""label_month"": ""2023-11"", ""observation_end"": ""2023-10-31"", ""observation_months"": [""2023-08"", ""2023-09"", ""2023-10""], ""observation_start"": ""2023-08-01"", ""overlap_quarters"": [""2023Q3"", ""2023Q4""], ""provider_holiday_includes_public_holidays"": null, ""publication_note"": ""manual indicates publication next month; actual file-specific release date not verified; do not infer availability"", ""semantics_version"": ""source_semantics_v1"", ""window_basis"": ""provider_manual_previous_three_months; source-file date treated as aggregation label""}"
2023-12-01,"{""available_from"": null, ""calendar_days"": 91, ""calendar_definition"": ""literal_Mon_Fri_and_Sat_Sun_not_provider_weekday_holiday_definition"", ""calendar_mon_fri_days"": 65, ""calendar_sat_sun_days"": 26, ""definition_source"": ""https://data.seoul.go.kr/dataVisual/seoul/seoulLiving.do"", ""exact_quarter"": null, ""label_month"": ""2023-12"", ""observation_end"": ""2023-11-30"", ""observation_months"": [""2023-09"", ""2023-10"", ""2023-11""], ""observation_start"": ""2023-09-01"", ""overlap_quarters"": [""2023Q3"", ""2023Q4""], ""provider_holiday_includes_public_holidays"": null, ""publication_note"": ""manual indicates publication next month; actual file-specific release date not verified; do not infer availability"", ""semantics_version"": ""source_semantics_v1"", ""window_basis"": ""provider_manual_previous_three_months; source-file date treated as aggregation label""}"
2024-01-01,"{""available_from"": null, ""calendar_days"": 92, ""calendar_definition"": ""literal_Mon_Fri_and_Sat_Sun_not_provider_weekday_holiday_definition"", ""calendar_mon_fri_days"": 65, ""calendar_sat_sun_days"": 27, ""definition_source"": ""https://data.seoul.go.kr/dataVisual/seoul/seoulLiving.do"", ""exact_quarter"": ""2023Q4"", ""label_month"": ""2024-01"", ""observation_end"": ""2023-12-31"", ""observation_months"": [""2023-10"", ""2023-11"", ""2023-12""], ""observation_start"": ""2023-10-01"", ""overlap_quarters"": [""2023Q4""], ""provider_holiday_includes_public_holidays"": null, ""publication_note"": ""manual indicates publication next month; actual file-specific release date not verified; do not infer availability"", ""semantics_version"": ""source_semantics_v1"", ""window_basis"": ""provider_manual_previous_three_months; source-file date treated as aggregation label""}"
2024-02-01,"{""available_from"": null, ""calendar_days"": 92, ""calendar_definition"": ""literal_Mon_Fri_and_Sat_Sun_not_provider_weekday_holiday_definition"", ""calendar_mon_fri_days"": 66, ""calendar_sat_sun_days"": 26, ""definition_source"": ""https://data.seoul.go.kr/dataVisual/seoul/seoulLiving.do"", ""exact_quarter"": null, ""label_month"": ""2024-02"", ""observation_end"": ""2024-01-31"", ""observation_months"": [""2023-11"", ""2023-12"", ""2024-01""], ""observation_start"": ""2023-11-01"", ""overlap_quarters"": [""2023Q4"", ""2024Q1""], ""provider_holiday_includes_public_holidays"": null, ""publication_note"": ""manual indicates publication next month; actual file-specific release date not verified; do not infer availability"", ""semantics_version"": ""source_semantics_v1"", ""window_basis"": ""provider_manual_previous_three_months; source-file date treated as aggregation label""}"
2024-03-01,"{""available_from"": null, ""calendar_days"": 91, ""calendar_definition"": ""literal_Mon_Fri_and_Sat_Sun_not_provider_weekday_holiday_definition"", ""calendar_mon_fri_days"": 65, ""calendar_sat_sun_days"": 26, ""definition_source"": ""https://data.seoul.go.kr/dataVisual/seoul/seoulLiving.do"", ""exact_quarter"": null, ""label_month"": ""2024-03"", ""observation_end"": ""2024-02-29"", ""observation_months"": [""2023-12"", ""2024-01"", ""2024-02""], ""observation_start"": ""2023-12-01"", ""overlap_quarters"": [""2023Q4"", ""2024Q1""], ""provider_holiday_includes_public_holidays"": null, ""publication_note"": ""manual indicates publication next month; actual file-specific release date not verified; do not infer availability"", ""semantics_version"": ""source_semantics_v1"", ""window_basis"": ""provider_manual_previous_three_months; source-file date treated as aggregation label""}"
2024-04-01,"{""available_from"": null, ""calendar_days"": 91, ""calendar_definition"": ""literal_Mon_Fri_and_Sat_Sun_not_provider_weekday_holiday_definition"", ""calendar_mon_fri_days"": 65, ""calendar_sat_sun_days"": 26, ""definition_source"": ""https://data.seoul.go.kr/dataVisual/seoul/seoulLiving.do"", ""exact_quarter"": ""2024Q1"", ""label_month"": ""2024-04"", ""observation_end"": ""2024-03-31"", ""observation_months"": [""2024-01"", ""2024-02"", ""2024-03""], ""observation_start"": ""2024-01-01"", ""overlap_quarters"": [""2024Q1""], ""provider_holiday_includes_public_holidays"": null, ""publication_note"": ""manual indicates publication next month; actual file-specific release date not verified; do not infer availability"", ""semantics_version"": ""source_semantics_v1"", ""window_basis"": ""provider_manual_previous_three_months; source-file date treated as aggregation label""}"
2024-05-01,"{""available_from"": null, ""calendar_days"": 90, ""calendar_definition"": ""literal_Mon_Fri_and_Sat_Sun_not_provider_weekday_holiday_definition"", ""calendar_mon_fri_days"": 64, ""calendar_sat_sun_days"": 26, ""definition_source"": ""https://data.seoul.go.kr/dataVisual/seoul/seoulLiving.do"", ""exact_quarter"": null, ""label_month"": ""2024-05"", ""observation_end"": ""2024-04-30"", ""observation_months"": [""2024-02"", ""2024-03"", ""2024-04""], ""observation_start"": ""2024-02-01"", ""overlap_quarters"": [""2024Q1"", ""2024Q2""], ""provider_holiday_includes_public_holidays"": null, ""publication_note"": ""manual indicates publication next month; actual file-specific release date not verified; do not infer availability"", ""semantics_version"": ""source_semantics_v1"", ""window_basis"": ""provider_manual_previous_three_months; source-file date treated as aggregation label""}"
2024-06-01,"{""available_from"": null, ""calendar_days"": 92, ""calendar_definition"": ""literal_Mon_Fri_and_Sat_Sun_not_provider_weekday_holiday_definition"", ""calendar_mon_fri_days"": 66, ""calendar_sat_sun_days"": 26, ""definition_source"": ""https://data.seoul.go.kr/dataVisual/seoul/seoulLiving.do"", ""exact_quarter"": null, ""label_month"": ""2024-06"", ""observation_end"": ""2024-05-31"", ""observation_months"": [""2024-03"", ""2024-04"", ""2024-05""], ""observation_start"": ""2024-03-01"", ""overlap_quarters"": [""2024Q1"", ""2024Q2""], ""provider_holiday_includes_public_holidays"": null, ""publication_note"": ""manual indicates publication next month; actual file-specific release date not verified; do not infer availability"", ""semantics_version"": ""source_semantics_v1"", ""window_basis"": ""provider_manual_previous_three_months; source-file date treated as aggregation label""}"
2024-07-01,"{""available_from"": null, ""calendar_days"": 91, ""calendar_definition"": ""literal_Mon_Fri_and_Sat_Sun_not_provider_weekday_holiday_definition"", ""calendar_mon_fri_days"": 65, ""calendar_sat_sun_days"": 26, ""definition_source"": ""https://data.seoul.go.kr/dataVisual/seoul/seoulLiving.do"", ""exact_quarter"": ""2024Q2"", ""label_month"": ""2024-07"", ""observation_end"": ""2024-06-30"", ""observation_months"": [""2024-04"", ""2024-05"", ""2024-06""], ""observation_start"": ""2024-04-01"", ""overlap_quarters"": [""2024Q2""], ""provider_holiday_includes_public_holidays"": null, ""publication_note"": ""manual indicates publication next month; actual file-specific release date not verified; do not infer availability"", ""semantics_version"": ""source_semantics_v1"", ""window_basis"": ""provider_manual_previous_three_months; source-file date treated as aggregation label""}"
2024-08-01,"{""available_from"": null, ""calendar_days"": 92, ""calendar_definition"": ""literal_Mon_Fri_and_Sat_Sun_not_provider_weekday_holiday_definition"", ""calendar_mon_fri_days"": 66, ""calendar_sat_sun_days"": 26, ""definition_source"": ""https://data.seoul.go.kr/dataVisual/seoul/seoulLiving.do"", ""exact_quarter"": null, ""label_month"": ""2024-08"", ""observation_end"": ""2024-07-31"", ""observation_months"": [""2024-05"", ""2024-06"", ""2024-07""], ""observation_start"": ""2024-05-01"", ""overlap_quarters"": [""2024Q2"", ""2024Q3""], ""provider_holiday_includes_public_holidays"": null, ""publication_note"": ""manual indicates publication next month; actual file-specific release date not verified; do not infer availability"", ""semantics_version"": ""source_semantics_v1"", ""window_basis"": ""provider_manual_previous_three_months; source-file date treated as aggregation label""}"
2024-09-01,"{""available_from"": null, ""calendar_days"": 92, ""calendar_definition"": ""literal_Mon_Fri_and_Sat_Sun_not_provider_weekday_holiday_definition"", ""calendar_mon_fri_days"": 65, ""calendar_sat_sun_days"": 27, ""definition_source"": ""https://data.seoul.go.kr/dataVisual/seoul/seoulLiving.do"", ""exact_quarter"": null, ""label_month"": ""2024-09"", ""observation_end"": ""2024-08-31"", ""observation_months"": [""2024-06"", ""2024-07"", ""2024-08""], ""observation_start"": ""2024-06-01"", ""overlap_quarters"": [""2024Q2"", ""2024Q3""], ""provider_holiday_includes_public_holidays"": null, ""publication_note"": ""manual indicates publication next month; actual file-specific release date not verified; do not infer availability"", ""semantics_version"": ""source_semantics_v1"", ""window_basis"": ""provider_manual_previous_three_months; source-file date treated as aggregation label""}"
2024-10-01,"{""available_from"": null, ""calendar_days"": 92, ""calendar_definition"": ""literal_Mon_Fri_and_Sat_Sun_not_provider_weekday_holiday_definition"", ""calendar_mon_fri_days"": 66, ""calendar_sat_sun_days"": 26, ""definition_source"": ""https://data.seoul.go.kr/dataVisual/seoul/seoulLiving.do"", ""exact_quarter"": ""2024Q3"", ""label_month"": ""2024-10"", ""observation_end"": ""2024-09-30"", ""observation_months"": [""2024-07"", ""2024-08"", ""2024-09""], ""observation_start"": ""2024-07-01"", ""overlap_quarters"": [""2024Q3""], ""provider_holiday_includes_public_holidays"": null, ""publication_note"": ""manual indicates publication next month; actual file-specific release date not verified; do not infer availability"", ""semantics_version"": ""source_semantics_v1"", ""window_basis"": ""provider_manual_previous_three_months; source-file date treated as aggregation label""}"
2024-11-01,"{""available_from"": null, ""calendar_days"": 92, ""calendar_definition"": ""literal_Mon_Fri_and_Sat_Sun_not_provider_weekday_holiday_definition"", ""calendar_mon_fri_days"": 66, ""calendar_sat_sun_days"": 26, ""definition_source"": ""https://data.seoul.go.kr/dataVisual/seoul/seoulLiving.do"", ""exact_quarter"": null, ""label_month"": ""2024-11"", ""observation_end"": ""2024-10-31"", ""observation_months"": [""2024-08"", ""2024-09"", ""2024-10""], ""observation_start"": ""2024-08-01"", ""overlap_quarters"": [""2024Q3"", ""2024Q4""], ""provider_holiday_includes_public_holidays"": null, ""publication_note"": ""manual indicates publication next month; actual file-specific release date not verified; do not infer availability"", ""semantics_version"": ""source_semantics_v1"", ""window_basis"": ""provider_manual_previous_three_months; source-file date treated as aggregation label""}"
2024-12-01,"{""available_from"": null, ""calendar_days"": 91, ""calendar_definition"": ""literal_Mon_Fri_and_Sat_Sun_not_provider_weekday_holiday_definition"", ""calendar_mon_fri_days"": 65, ""calendar_sat_sun_days"": 26, ""definition_source"": ""https://data.seoul.go.kr/dataVisual/seoul/seoulLiving.do"", ""exact_quarter"": null, ""label_month"": ""2024-12"", ""observation_end"": ""2024-11-30"", ""observation_months"": [""2024-09"", ""2024-10"", ""2024-11""], ""observation_start"": ""2024-09-01"", ""overlap_quarters"": [""2024Q3"", ""2024Q4""], ""provider_holiday_includes_public_holidays"": null, ""publication_note"": ""manual indicates publication next month; actual file-specific release date not verified; do not infer availability"", ""semantics_version"": ""source_semantics_v1"", ""window_basis"": ""provider_manual_previous_three_months; source-file date treated as aggregation label""}"
2025-01-01,"{""available_from"": null, ""calendar_days"": 92, ""calendar_definition"": ""literal_Mon_Fri_and_Sat_Sun_not_provider_weekday_holiday_definition"", ""calendar_mon_fri_days"": 66, ""calendar_sat_sun_days"": 26, ""definition_source"": ""https://data.seoul.go.kr/dataVisual/seoul/seoulLiving.do"", ""exact_quarter"": ""2024Q4"", ""label_month"": ""2025-01"", ""observation_end"": ""2024-12-31"", ""observation_months"": [""2024-10"", ""2024-11"", ""2024-12""], ""observation_start"": ""2024-10-01"", ""overlap_quarters"": [""2024Q4""], ""provider_holiday_includes_public_holidays"": null, ""publication_note"": ""manual indicates publication next month; actual file-specific release date not verified; do not infer availability"", ""semantics_version"": ""source_semantics_v1"", ""window_basis"": ""provider_manual_previous_three_months; source-file date treated as aggregation label""}"
2025-02-01,"{""available_from"": null, ""calendar_days"": 92, ""calendar_definition"": ""literal_Mon_Fri_and_Sat_Sun_not_provider_weekday_holiday_definition"", ""calendar_mon_fri_days"": 66, ""calendar_sat_sun_days"": 26, ""definition_source"": ""https://data.seoul.go.kr/dataVisual/seoul/seoulLiving.do"", ""exact_quarter"": null, ""label_month"": ""2025-02"", ""observation_end"": ""2025-01-31"", ""observation_months"": [""2024-11"", ""2024-12"", ""2025-01""], ""observation_start"": ""2024-11-01"", ""overlap_quarters"": [""2024Q4"", ""2025Q1""], ""provider_holiday_includes_public_holidays"": null, ""publication_note"": ""manual indicates publication next month; actual file-specific release date not verified; do not infer availability"", ""semantics_version"": ""source_semantics_v1"", ""window_basis"": ""provider_manual_previous_three_months; source-file date treated as aggregation label""}"
2025-03-01,"{""available_from"": null, ""calendar_days"": 90, ""calendar_definition"": ""literal_Mon_Fri_and_Sat_Sun_not_provider_weekday_holiday_definition"", ""calendar_mon_fri_days"": 65, ""calendar_sat_sun_days"": 25, ""definition_source"": ""https://data.seoul.go.kr/dataVisual/seoul/seoulLiving.do"", ""exact_quarter"": null, ""label_month"": ""2025-03"", ""observation_end"": ""2025-02-28"", ""observation_months"": [""2024-12"", ""2025-01"", ""2025-02""], ""observation_start"": ""2024-12-01"", ""overlap_quarters"": [""2024Q4"", ""2025Q1""], ""provider_holiday_includes_public_holidays"": null, ""publication_note"": ""manual indicates publication next month; actual file-specific release date not verified; do not infer availability"", ""semantics_version"": ""source_semantics_v1"", ""window_basis"": ""provider_manual_previous_three_months; source-file date treated as aggregation label""}"
2025-04-01,"{""available_from"": null, ""calendar_days"": 90, ""calendar_definition"": ""literal_Mon_Fri_and_Sat_Sun_not_provider_weekday_holiday_definition"", ""calendar_mon_fri_days"": 64, ""calendar_sat_sun_days"": 26, ""definition_source"": ""https://data.seoul.go.kr/dataVisual/seoul/seoulLiving.do"", ""exact_quarter"": ""2025Q1"", ""label_month"": ""2025-04"", ""observation_end"": ""2025-03-31"", ""observation_months"": [""2025-01"", ""2025-02"", ""2025-03""], ""observation_start"": ""2025-01-01"", ""overlap_quarters"": [""2025Q1""], ""provider_holiday_includes_public_holidays"": null, ""publication_note"": ""manual indicates publication next month; actual file-specific release date not verified; do not infer availability"", ""semantics_version"": ""source_semantics_v1"", ""window_basis"": ""provider_manual_previous_three_months; source-file date treated as aggregation label""}"
2025-05-01,"{""available_from"": null, ""calendar_days"": 89, ""calendar_definition"": ""literal_Mon_Fri_and_Sat_Sun_not_provider_weekday_holiday_definition"", ""calendar_mon_fri_days"": 63, ""calendar_sat_sun_days"": 26, ""definition_source"": ""https://data.seoul.go.kr/dataVisual/seoul/seoulLiving.do"", ""exact_quarter"": null, ""label_month"": ""2025-05"", ""observation_end"": ""2025-04-30"", ""observation_months"": [""2025-02"", ""2025-03"", ""2025-04""], ""observation_start"": ""2025-02-01"", ""overlap_quarters"": [""2025Q1"", ""2025Q2""], ""provider_holiday_includes_public_holidays"": null, ""publication_note"": ""manual indicates publication next month; actual file-specific release date not verified; do not infer availability"", ""semantics_version"": ""source_semantics_v1"", ""window_basis"": ""provider_manual_previous_three_months; source-file date treated as aggregation label""}"
2025-06-01,"{""available_from"": null, ""calendar_days"": 92, ""calendar_definition"": ""literal_Mon_Fri_and_Sat_Sun_not_provider_weekday_holiday_definition"", ""calendar_mon_fri_days"": 65, ""calendar_sat_sun_days"": 27, ""definition_source"": ""https://data.seoul.go.kr/dataVisual/seoul/seoulLiving.do"", ""exact_quarter"": null, ""label_month"": ""2025-06"", ""observation_end"": ""2025-05-31"", ""observation_months"": [""2025-03"", ""2025-04"", ""2025-05""], ""observation_start"": ""2025-03-01"", ""overlap_quarters"": [""2025Q1"", ""2025Q2""], ""provider_holiday_includes_public_holidays"": null, ""publication_note"": ""manual indicates publication next month; actual file-specific release date not verified; do not infer availability"", ""semantics_version"": ""source_semantics_v1"", ""window_basis"": ""provider_manual_previous_three_months; source-file date treated as aggregation label""}"
2025-07-01,"{""available_from"": null, ""calendar_days"": 91, ""calendar_definition"": ""literal_Mon_Fri_and_Sat_Sun_not_provider_weekday_holiday_definition"", ""calendar_mon_fri_days"": 65, ""calendar_sat_sun_days"": 26, ""definition_source"": ""https://data.seoul.go.kr/dataVisual/seoul/seoulLiving.do"", ""exact_quarter"": ""2025Q2"", ""label_month"": ""2025-07"", ""observation_end"": ""2025-06-30"", ""observation_months"": [""2025-04"", ""2025-05"", ""2025-06""], ""observation_start"": ""2025-04-01"", ""overlap_quarters"": [""2025Q2""], ""provider_holiday_includes_public_holidays"": null, ""publication_note"": ""manual indicates publication next month; actual file-specific release date not verified; do not infer availability"", ""semantics_version"": ""source_semantics_v1"", ""window_basis"": ""provider_manual_previous_three_months; source-file date treated as aggregation label""}"
2025-08-01,"{""available_from"": null, ""calendar_days"": 92, ""calendar_definition"": ""literal_Mon_Fri_and_Sat_Sun_not_provider_weekday_holiday_definition"", ""calendar_mon_fri_days"": 66, ""calendar_sat_sun_days"": 26, ""definition_source"": ""https://data.seoul.go.kr/dataVisual/seoul/seoulLiving.do"", ""exact_quarter"": null, ""label_month"": ""2025-08"", ""observation_end"": ""2025-07-31"", ""observation_months"": [""2025-05"", ""2025-06"", ""2025-07""], ""observation_start"": ""2025-05-01"", ""overlap_quarters"": [""2025Q2"", ""2025Q3""], ""provider_holiday_includes_public_holidays"": null, ""publication_note"": ""manual indicates publication next month; actual file-specific release date not verified; do not infer availability"", ""semantics_version"": ""source_semantics_v1"", ""window_basis"": ""provider_manual_previous_three_months; source-file date treated as aggregation label""}"
2025-09-01,"{""available_from"": null, ""calendar_days"": 92, ""calendar_definition"": ""literal_Mon_Fri_and_Sat_Sun_not_provider_weekday_holiday_definition"", ""calendar_mon_fri_days"": 65, ""calendar_sat_sun_days"": 27, ""definition_source"": ""https://data.seoul.go.kr/dataVisual/seoul/seoulLiving.do"", ""exact_quarter"": null, ""label_month"": ""2025-09"", ""observation_end"": ""2025-08-31"", ""observation_months"": [""2025-06"", ""2025-07"", ""2025-08""], ""observation_start"": ""2025-06-01"", ""overlap_quarters"": [""2025Q2"", ""2025Q3""], ""provider_holiday_includes_public_holidays"": null, ""publication_note"": ""manual indicates publication next month; actual file-specific release date not verified; do not infer availability"", ""semantics_version"": ""source_semantics_v1"", ""window_basis"": ""provider_manual_previous_three_months; source-file date treated as aggregation label""}"
2025-10-01,"{""available_from"": null, ""calendar_days"": 92, ""calendar_definition"": ""literal_Mon_Fri_and_Sat_Sun_not_provider_weekday_holiday_definition"", ""calendar_mon_fri_days"": 66, ""calendar_sat_sun_days"": 26, ""definition_source"": ""https://data.seoul.go.kr/dataVisual/seoul/seoulLiving.do"", ""exact_quarter"": ""2025Q3"", ""label_month"": ""2025-10"", ""observation_end"": ""2025-09-30"", ""observation_months"": [""2025-07"", ""2025-08"", ""2025-09""], ""observation_start"": ""2025-07-01"", ""overlap_quarters"": [""2025Q3""], ""provider_holiday_includes_public_holidays"": null, ""publication_note"": ""manual indicates publication next month; actual file-specific release date not verified; do not infer availability"", ""semantics_version"": ""source_semantics_v1"", ""window_basis"": ""provider_manual_previous_three_months; source-file date treated as aggregation label""}"
2025-11-01,"{""available_from"": null, ""calendar_days"": 92, ""calendar_definition"": ""literal_Mon_Fri_and_Sat_Sun_not_provider_weekday_holiday_definition"", ""calendar_mon_fri_days"": 66, ""calendar_sat_sun_days"": 26, ""definition_source"": ""https://data.seoul.go.kr/dataVisual/seoul/seoulLiving.do"", ""exact_quarter"": null, ""label_month"": ""2025-11"", ""observation_end"": ""2025-10-31"", ""observation_months"": [""2025-08"", ""2025-09"", ""2025-10""], ""observation_start"": ""2025-08-01"", ""overlap_quarters"": [""2025Q3"", ""2025Q4""], ""provider_holiday_includes_public_holidays"": null, ""publication_note"": ""manual indicates publication next month; actual file-specific release date not verified; do not infer availability"", ""semantics_version"": ""source_semantics_v1"", ""window_basis"": ""provider_manual_previous_three_months; source-file date treated as aggregation label""}"
2025-12-01,"{""available_from"": null, ""calendar_days"": 91, ""calendar_definition"": ""literal_Mon_Fri_and_Sat_Sun_not_provider_weekday_holiday_definition"", ""calendar_mon_fri_days"": 65, ""calendar_sat_sun_days"": 26, ""definition_source"": ""https://data.seoul.go.kr/dataVisual/seoul/seoulLiving.do"", ""exact_quarter"": null, ""label_month"": ""2025-12"", ""observation_end"": ""2025-11-30"", ""observation_months"": [""2025-09"", ""2025-10"", ""2025-11""], ""observation_start"": ""2025-09-01"", ""overlap_quarters"": [""2025Q3"", ""2025Q4""], ""provider_holiday_includes_public_holidays"": null, ""publication_note"": ""manual indicates publication next month; actual file-specific release date not verified; do not infer availability"", ""semantics_version"": ""source_semantics_v1"", ""window_basis"": ""provider_manual_previous_three_months; source-file date treated as aggregation label""}"
