adm_cd,dong_name,activity_intensity,active_pop_pc1,active_pop_pc2,time_structure_pc1,time_structure_pc2,weekend_weekday_index,resident_age_pc1,resident_age_pc2,foreigner_ratio,household_structure_pc1,household_structure_pc2,disability_ratio,livelihood_recipient_ratio,cluster
1123051,신사동,607.2698402650532,1.0088791940287682,-0.5688564516594967,0.818974332451561,1.2570230042645776,0.8509529756754773,-0.16136111396294664,1.0441849821551372,0.0138153065986681,0.060522956942957895,0.4495198306068912,0.0232542948592331,0.0077732053040695,2
1123052,논현1동,696.1982087542087,3.4537887484681056,-0.4793198739224541,0.27596478825796666,0.7750585861084359,0.6598316944339361,3.7507521888889666,-1.2422024657975301,0.0392614362737223,3.1168283256548026,-0.8958968431732512,0.0253999210605744,0.0298112419029045,0
1123053,논현2동,698.9132497116494,2.9000233961088226,-0.10206052622030995,1.2320905687892938,-0.6568326529068873,0.6058801393255854,1.8362400462184019,-0.5567102677104776,0.0192359417126495,1.9479285504751773,-0.448696035356781,0.0220396420996172,0.0158958480629982,0
1123058,삼성1동,809.7405360670981,2.5679862614364954,0.46392116012723994,3.8344529860505903,-1.3973448705491052,0.7580710672406373,0.020313254582943346,1.096894160997531,0.0244693448059286,-0.02445449279740693,0.9379226306994811,0.0217082805967859,0.0068269857707206,0
1123059,삼성2동,705.2855931080185,1.9648971764163097,0.4260455530159283,1.0924956073545355,-0.7233181092951392,0.5882834439387897,-0.15441807500714277,-0.9841985998764199,0.010409578322043,0.5495489596363183,-0.6664725705103186,0.019152830435351,0.0110798797228395,0
1123060,대치1동,708.2130124223603,-2.7671757775560564,2.404686214764011,0.25095447940672444,2.2451794365989635,1.0087785504961273,-3.312423927946104,-1.5497345714980513,0.001741873802276,-3.045087898790697,-2.080405480267151,0.0127188011585442,0.0003358099315787,2
1123063,대치4동,1249.5277738095238,-0.09157669144460609,2.2677731244457346,1.530877669934593,1.5418833699014296,0.846502577728509,0.7443781034414868,-0.8817579610049344,0.0184464844604951,1.7565790336331804,-0.7536284500944905,0.0193911818871194,0.0182537103239085,0
1123064,역삼1동,1293.4531555790215,4.185841496062412,-0.2638326139732689,1.4095047852962521,-0.16662628009878852,0.5594494564513189,4.623294874053,-2.1956244530897044,0.0400718774442376,3.5605977216349443,-1.4993140543811145,0.0205263379274567,0.021872327299749,0
1123065,역삼2동,790.7354921700224,1.3018091854005989,1.6244964328054587,0.6510175471197581,-0.4907270054113872,0.6584753146488297,-1.027253657311876,-2.0722232053343865,0.0103601495975253,0.13141903571757965,-1.6607496857119304,0.0180617223044455,0.0092912349942443,0
1123066,도곡1동,348.9483497942387,0.2980286498529026,-0.2876559589438172,0.34019183212438614,-0.7501872642702956,0.7141460159554923,-0.430975955996625,-0.28577220484491017,0.0063101200796885,-0.5225651340482826,-0.19909637025312812,0.0169869718563305,0.0036949063077329,2
1123067,도곡2동,617.9922398373984,-2.347140466971329,0.32030525195260734,-0.21279047273387564,0.0881576167455411,0.8272026408808787,-1.6609075337507027,0.02709133552272183,0.0032730827262784,-1.8427378454546228,-0.07166108044714838,0.0163179202407358,0.0016131784268408,2
1123068,개포1동,126.0251696530874,-2.812180854863822,0.9946227822900724,-2.150922491485588,1.2288215453150348,0.6539578191524128,-1.565103510977924,-0.18970085406697113,0.002130607725486,-2.2532196550723445,0.2571108554560823,0.0195517673227536,0.0037010037570795,2
1123071,개포4동,196.30289831040764,-1.5820777078183719,-0.6026986265508293,-1.2711975546747598,0.6545384977311339,0.9570829021151136,-0.22734192775025427,0.5684808156887861,0.0080089781832915,-0.06075600038192675,0.5936495237570297,0.0262504587354014,0.0224078751376206,2
1123072,일원본동,228.42569285702675,-2.575098136001509,-0.4242878209748924,-1.2208106142407382,-2.9646572971401883,0.6260492523103128,-1.3853472759775172,-0.23576002340303925,0.0010030613062405,-1.9186226888022524,-0.01424222204515638,0.0306711544034059,0.0036555736352896,2
1123073,일원1동,264.40659090909094,-1.9429015574680553,-1.892431367454477,-2.117589090357818,-0.8003060081140264,1.0010790922466295,1.2110613160817687,2.0887583077053353,0.0106237213452306,1.3475908804799785,1.3454414092075715,0.0765103965777201,0.0838037799361828,1
1123074,개포3동,318.5769660618241,-1.7978863371288092,-1.3550047918047945,-1.9585843100934686,-0.1560086716727775,0.6872777922769003,0.16228898112752604,0.6754741557975855,0.0046668266181056,-0.10351208942511582,1.477974396602238,0.0685507379790727,0.0626591794777378,1
1123075,수서동,388.7399853335649,-0.8134711971606154,-2.824288524667402,-1.7772419940785276,-1.4057586884483109,0.7209299951958243,1.11676765302683,4.842647968610958,0.0058462753047252,1.7566435204062498,1.963571692364846,0.1461925947714821,0.2036253998602787,1
1123076,세곡동,85.2199295020683,-1.3005811448697073,-0.3662412022376049,-2.105656196523505,0.08030329222693595,0.957165084093544,0.5706225849375064,-0.18369216945119465,0.0042911192451539,0.21661059828969945,0.5640246494771073,0.0430198411408385,0.0368215164223096,2
1123077,압구정동,484.0394633074098,1.207786697329857,-0.34521033628610054,1.2810120234245375,0.6747482970387958,0.817443037464428,-0.9110099330730332,1.0620666983264277,0.0083757193030687,-0.9731322919495846,0.8155237885933626,0.0188161047157132,0.0024153177895946,2
1123078,청담동,500.49645992710174,1.0893285843899603,-0.37987023289476346,0.27464850893850307,-0.20337359436936125,0.7614574322902131,-0.11850047016917778,0.04683770938438568,0.0102213740078225,0.2016580709351911,0.14844437883248307,0.0210980676913146,0.0053249425148251,2
1123079,대치2동,578.4774766235814,0.4180570904012599,1.1384118228695,1.5044647512860547,0.09516604937317089,0.7661221887462503,-2.2332334995637257,-0.5540955233637969,0.005189255839585,-1.905938815892183,-0.7450016269652211,0.0153748592579171,0.0018377357025456,2
1123080,개포2동,356.1191324921136,-2.3663366086126105,0.25149598531965806,-1.6818571562464746,1.0742607469722485,1.1020346819350626,-0.8478421208714015,-0.5209638347474503,0.0038959992008093,-1.9959007411916614,0.481981263608599,0.0180231387734318,0.0026525513043684,2
