signal_month,dong,adm_cd,age_band,date,quality_status,population,call_contacts,call_contacts_vs_pre_pct,text_contacts,text_contacts_vs_pre_pct,weekday_move_count,weekday_move_count_vs_pre_pct,weekend_move_count,weekend_move_count_vs_pre_pct,assessment_status,communication_signal,mobility_signal,review_reasons
2025-10,신사동,1123051,30s,2025-09-01,available,2340.0,13.818884615384613,0.0,6.038320512820513,0.0,33.59328893371195,0.0,13.482157185297943,0.0,assessed,0,0,
2025-10,신사동,1123051,30s,2025-10-01,available,2340.0,13.056884615384615,-5.514193230556841,5.717615384615385,-5.31116437963518,30.721158987604262,-8.54971346144502,15.637344774429293,15.985480361269966,assessed,1,0,
2025-10,신사동,1123051,30s,2025-11-01,available,2340.0,13.358337606837608,-3.3327364788492186,5.590790598290598,-7.411496517611537,21.459851717783025,-36.1186344090073,10.379083243526633,-23.016153120920123,assessed,0,0,
2025-10,신사동,1123051,30s,2025-12-01,available,2340.0,13.480465811965813,-2.448958890951569,5.370970085470085,-11.051921240906559,20.41772168571007,-39.220831500007655,10.9985788001213,-18.42122407447484,assessed,0,0,
2025-10,삼성2동,1123059,30s,2025-09-01,available,4994.0,14.228650380456548,0.0,6.202889467360833,0.0,33.99217618681603,0.0,13.341151335626197,0.0,assessed,0,0,
2025-10,삼성2동,1123059,30s,2025-10-01,available,4994.0,13.623145774929913,-4.255530843306909,5.912064477372847,-4.688540582873291,31.23275386418312,-8.117816015860624,15.415642591330782,15.549566926543035,assessed,1,0,
2025-10,삼성2동,1123059,30s,2025-11-01,available,4994.0,13.629573488185825,-4.210356402414472,5.684403283940729,-8.358784823562326,20.719573139284634,-39.04605275810267,9.921863710762004,-25.629629248963926,assessed,0,0,
2025-10,삼성2동,1123059,30s,2025-12-01,available,4994.0,13.703504205046055,-3.690765893944481,5.361347617140568,-13.566932872952165,19.77958104120606,-41.81137173301182,10.428814682635156,-21.829725034404934,assessed,0,0,
2025-10,삼성2동,1123059,50s,2025-09-01,available,5558.0,16.657315581144296,0.0,6.480201511335013,0.0,36.48921934501142,0.0,13.005223820943245,0.0,assessed,0,0,
2025-10,삼성2동,1123059,50s,2025-10-01,available,5438.0,15.941309304891504,-4.29844936757574,6.210338359691063,-4.164425306403075,33.77028059236165,-7.451348100768529,15.137676282051283,16.39689166805416,assessed,1,0,
2025-10,삼성2동,1123059,50s,2025-11-01,available,5564.0,16.034245147375987,-3.7405212786723596,6.067868439971244,-6.362966809635862,22.841118908382068,-37.40310338674109,9.953155754371696,-23.468016457022323,assessed,0,0,
2025-10,삼성2동,1123059,50s,2025-12-01,available,5542.0,15.965673042223024,-4.152184879682508,5.727697582100324,-11.61235384298508,21.855949218750002,-40.10299586818097,10.62050724637681,-18.336605408713957,assessed,0,0,
2025-10,역삼1동,1123064,40s,2025-09-01,available,8750.0,16.66084114285714,0.0,6.82816,0.0,30.421622983870968,0.0,11.956433813536288,0.0,partially_assessed,0,,some_behavior_domains_unassessable;
2025-10,역삼1동,1123064,40s,2025-10-01,available,8322.0,15.885592405671712,-4.653118834386072,6.484381158375391,-5.034721530025788,27.69804151144226,-8.952781624677641,13.609297463061054,13.824052182294544,assessed,1,0,
2025-10,역삼1동,1123064,40s,2025-11-01,available,8572.0,16.08600559962669,-3.4502192194353465,6.429780681287914,-5.834358285571595,18.93901221455125,-37.744898670947315,9.121935211267605,-23.706889917791795,assessed,0,0,
2025-10,역삼1동,1123064,40s,2025-12-01,available,8622.0,16.235056831361632,-2.5555991311882353,6.230730688935282,-8.749491972430611,17.881033571239755,-41.222617936196315,9.533886242644996,-20.26145595477342,assessed,0,0,
2025-10,역삼2동,1123065,40s,2025-09-01,available,8785.0,16.443908935685826,0.0,6.953439954467843,0.0,35.19165185849757,0.0,12.37391155730608,0.0,assessed,0,0,
2025-10,역삼2동,1123065,40s,2025-10-01,available,8655.0,15.749659156556902,-4.2219266832735585,6.650769497400347,-4.352816146388361,32.342284237219616,-8.096714620657774,14.418663745837943,16.524703438053546,assessed,1,0,
2025-10,역삼2동,1123065,40s,2025-11-01,available,8854.0,15.782272419245537,-4.023596329972589,6.53423989157443,-6.028671645090733,21.91112469437653,-37.73772034777121,9.443093017393496,-23.68546539499149,assessed,0,0,
2025-10,역삼2동,1123065,40s,2025-12-01,available,8802.0,15.952883435582821,-2.9860631193195375,6.328847989093388,-8.982488803590394,20.833148285220823,-40.80087979675119,9.93098637739657,-19.742545989567095,assessed,0,0,
2025-10,도곡2동,1123067,40s,2025-09-01,available,6476.0,16.547835083384804,0.0,7.381349598517604,0.0,38.16392322554205,0.0,13.500638861709751,0.0,assessed,0,0,
2025-10,도곡2동,1123067,40s,2025-10-01,available,6452.0,15.89246125232486,-3.960480798590904,7.051661500309981,-4.466501603904982,35.1565229337542,-7.880217853952409,15.658372687642279,15.982457186172505,assessed,1,0,
2025-10,도곡2동,1123067,40s,2025-11-01,available,6460.0,15.980907120743035,-3.4259947587404027,6.91866253869969,-6.268326051252682,23.882514190317195,-37.421228815560305,10.20913982179575,-24.380320617636,assessed,0,0,
2025-10,도곡2동,1123067,40s,2025-12-01,available,6536.0,16.13467870257038,-2.4967397773335454,6.649602203182375,-9.913463460424444,22.668825832991622,-40.601426905135355,10.718481813122882,-20.607595515183874,assessed,0,0,
2025-10,일원본동,1123072,40s,2025-09-01,available,4732.0,15.066466610312766,0.0,6.520849535080305,0.0,40.63228070175439,0.0,14.422886783942264,0.0,assessed,0,0,
2025-10,일원본동,1123072,40s,2025-10-01,available,4744.0,14.469430860033723,-3.962679277903025,6.180514333895447,-5.21918500578723,36.86859388646288,-9.26279979929604,16.625751896474785,15.273399462478498,assessed,1,0,
2025-10,일원본동,1123072,40s,2025-11-01,available,4740.0,14.534299578059072,-3.532128972359283,6.122037974683544,-6.115944835887843,24.705593971631203,-39.19712714879802,10.671888080072794,-26.007267200111762,assessed,0,0,
2025-10,일원본동,1123072,40s,2025-12-01,available,4714.0,14.725239711497666,-2.264810374195736,5.972868052609249,-8.40352901141289,23.171707097933513,-42.972172130783136,11.238651480637813,-22.0776558188727,assessed,0,0,
2025-10,일원2동,1123074,40s,2025-09-01,review_required,2574.0,14.335959595959594,0.0,6.169689199689199,0.0,39.61810506452399,0.0,13.902801286603449,0.0,assessed,0,0,interest_evidence_unavailable;
2025-10,일원2동,1123074,40s,2025-10-01,review_required,2563.0,13.638049161139287,-4.868250570523392,5.950803745610613,-3.5477549515721574,36.42089482981789,-8.070073592613692,16.19137032364802,16.46120799590083,assessed,1,0,interest_evidence_unavailable;
2025-10,일원2동,1123074,40s,2025-11-01,review_required,2543.0,13.688588281557214,-4.515716649932755,5.818462445930004,-5.69277871852748,24.039755719693165,-39.321288384336306,10.370313706814443,-25.408459108114158,assessed,0,0,interest_evidence_unavailable;
2025-10,일원2동,1123074,40s,2025-12-01,review_required,2534.0,13.593938437253355,-5.175943429105145,5.581590370955012,-9.532065711897019,22.96061742151421,-42.04513975587821,11.004066520958212,-20.850005016171945,assessed,0,0,interest_evidence_unavailable;
2025-10,압구정동,1123077,40s,2025-09-01,available,4743.0,17.90091292430951,0.0,7.385831752055661,0.0,38.28518808070481,0.0,14.280733862636591,0.0,assessed,0,0,
2025-10,압구정동,1123077,40s,2025-10-01,available,4651.0,17.117284454955925,-4.377589414947735,7.091472801548055,-3.9854543183396873,34.90620726994031,-8.82581745097254,16.171797715961265,13.242063548795358,assessed,1,0,
2025-10,압구정동,1123077,40s,2025-11-01,available,4763.0,17.095171110644554,-4.501121351027604,6.832710476590384,-7.488950385463755,23.539894050820415,-38.51435703750876,10.517926688163183,-26.348836205947592,assessed,0,0,
2025-10,압구정동,1123077,40s,2025-12-01,available,4773.0,17.286379635449403,-3.432971778917304,6.620106851037084,-10.367483673121258,22.577122850558414,-41.029092496643734,11.199123331336072,-21.578796726708095,assessed,0,0,
2025-11,역삼2동,1123065,30s,2025-10-01,available,5016.0,13.043732057416268,0.0,5.841941786283892,0.0,30.593990751430447,0.0,15.26686392116729,0.0,assessed,0,0,
2025-11,역삼2동,1123065,30s,2025-11-01,available,5016.0,12.750255183413078,-2.2499455885122033,5.608480861244019,-3.9962898224697785,20.36282087492793,-33.441762990740756,9.900635142722393,-35.14951601163286,assessed,1,0,
2025-11,역삼2동,1123065,30s,2025-12-01,available,5016.0,12.998572567783093,-0.3462160172747364,5.436311802232855,-6.943410237387204,19.32507858929152,-36.833743769148654,10.431274624049719,-31.673756457690672,assessed,0,0,
