"자치구별(1)","자치구별(2)",성별(1),2025,2025,2025,2025,2025,2025,2025,2025,2025,2025,2025,2025,2025,2025,2025,2025
"자치구별(1)","자치구별(2)",성별(1),합계,합계,합계,합계,합계,합계,합계,합계,합계,합계,합계,합계,합계,합계,합계,합계
"자치구별(1)","자치구별(2)",성별(1),소계,20세미만,20~24세,25~29세,30~34세,35~39세,40~44세,45~49세,50~54세,55~59세,60~64세,65~69세,70~74세,75~79세,80~84세,85세이상
"합계","소계",계,1699910,12116,122879,278658,260616,148446,110414,90071,95359,95129,104158,116265,91049,74159,56110,44481
"합계","소계",남자,788068,4785,43796,123777,137793,83002,60954,50333,54515,53630,52412,48811,31621,20489,12861,9289
"합계","소계",여자,911842,7331,79083,154881,122823,65444,49460,39738,40844,41499,51746,67454,59428,53670,43249,35192
"합계","종로구",계,30684,500,3101,5043,4102,2326,1887,1542,1798,1851,1974,1980,1441,1208,1046,885
"합계","종로구",남자,14524,208,1169,2379,2092,1258,1014,785,1023,1012,1103,962,612,413,277,217
"합계","종로구",여자,16160,292,1932,2664,2010,1068,873,757,775,839,871,1018,829,795,769,668
"합계","중구",계,29148,445,2338,4210,4362,2620,2083,1558,1668,1710,1709,1954,1564,1177,958,792
"합계","중구",남자,13772,164,913,1752,2186,1426,1080,831,982,1015,944,979,695,395,254,156
"합계","중구",여자,15376,281,1425,2458,2176,1194,1003,727,686,695,765,975,869,782,704,636
"합계","용산구",계,40988,198,2324,5757,7637,4687,3246,2461,2495,2245,2181,2247,1726,1405,1213,1166
"합계","용산구",남자,18518,31,378,2326,3906,2463,1764,1310,1375,1248,1169,1043,654,384,240,227
"합계","용산구",여자,22470,167,1946,3431,3731,2224,1482,1151,1120,997,1012,1204,1072,1021,973,939
"합계","성동구",계,48664,443,4736,8116,7006,4131,3114,2547,2707,2788,2954,3155,2301,1895,1529,1242
"합계","성동구",남자,23368,141,1940,4123,3777,2297,1697,1356,1517,1630,1569,1428,834,494,329,236
"합계","성동구",여자,25296,302,2796,3993,3229,1834,1417,1191,1190,1158,1385,1727,1467,1401,1200,1006
"합계","광진구",계,75319,704,7587,15382,12916,6880,4703,3577,3677,3753,3997,4049,2875,2204,1671,1344
"합계","광진구",남자,35655,303,2965,6968,6642,3706,2447,1977,2090,2194,2162,1815,1040,650,418,278
"합계","광진구",여자,39664,401,4622,8414,6274,3174,2256,1600,1587,1559,1835,2234,1835,1554,1253,1066
"합계","동대문구",계,73639,1243,11457,13519,8975,4840,3710,3180,3466,3707,4191,4589,3652,2959,2344,1807
"합계","동대문구",남자,35773,522,4534,6717,4928,2822,2122,1903,2126,2313,2359,2154,1442,882,565,384
"합계","동대문구",여자,37866,721,6923,6802,4047,2018,1588,1277,1340,1394,1832,2435,2210,2077,1779,1423
"합계","중랑구",계,71249,188,2751,8091,8818,5298,4372,3899,4765,5732,6789,7102,5075,3728,2729,1912
"합계","중랑구",남자,34334,82,858,3281,4560,3052,2525,2361,2898,3455,3680,3317,2046,1115,673,431
"합계","중랑구",여자,36915,106,1893,4810,4258,2246,1847,1538,1867,2277,3109,3785,3029,2613,2056,1481
"합계","성북구",계,71799,1470,11805,11005,7241,4463,3666,3177,3756,3923,4331,4851,3775,3336,2746,2254
"합계","성북구",남자,31786,563,4306,5385,3950,2544,1991,1728,2087,2172,2061,1952,1236,786,577,448
"합계","성북구",여자,40013,907,7499,5620,3291,1919,1675,1449,1669,1751,2270,2899,2539,2550,2169,1806
"합계","강북구",계,54655,383,3640,5442,4812,3119,2960,2925,3806,4255,4895,5491,4363,3639,2936,1989
"합계","강북구",남자,24773,81,914,2359,2623,1875,1814,1792,2270,2435,2502,2459,1591,973,659,426
"합계","강북구",여자,29882,302,2726,3083,2189,1244,1146,1133,1536,1820,2393,3032,2772,2666,2277,1563
"합계","도봉구",계,44448,176,1594,3347,3993,2786,2562,2533,3207,3604,4255,4932,3773,3059,2517,2110
"합계","도봉구",남자,19636,41,358,1440,2115,1600,1510,1410,1825,1983,2017,2063,1338,884,572,480
"합계","도봉구",여자,24812,135,1236,1907,1878,1186,1052,1123,1382,1621,2238,2869,2435,2175,1945,1630
"합계","노원구",계,68464,750,5978,5713,5387,3994,3609,3443,4303,4687,5445,6864,5807,5075,4084,3325
"합계","노원구",남자,28992,316,2533,3032,2946,2305,1949,1824,2285,2317,2370,2526,1769,1309,882,629
"합계","노원구",여자,39472,434,3445,2681,2441,1689,1660,1619,2018,2370,3075,4338,4038,3766,3202,2696
"합계","은평구",계,71796,174,2822,9407,9523,5664,4612,4017,4733,4677,5364,6201,4790,4138,3241,2433
"합계","은평구",남자,30062,62,832,3424,4449,3032,2387,2108,2567,2415,2437,2432,1534,1104,728,551
"합계","은평구",여자,41734,112,1990,5983,5074,2632,2225,1909,2166,2262,2927,3769,3256,3034,2513,1882
"합계","서대문구",계,57273,646,8583,10085,7128,4161,3161,2617,2854,2817,3028,3322,2638,2429,2025,1779
"합계","서대문구",남자,24626,208,2717,4664,3703,2242,1718,1377,1495,1504,1428,1315,868,601,423,363
"합계","서대문구",여자,32647,438,5866,5421,3425,1919,1443,1240,1359,1313,1600,2007,1770,1828,1602,1416
"합계","마포구",계,73242,550,6708,14308,13222,7597,5351,3917,3876,3113,2974,3147,2503,2357,1958,1661
"합계","마포구",남자,31105,255,2358,5823,6337,3835,2606,1908,1952,1611,1356,1128,704,508,392,332
"합계","마포구",여자,42137,295,4350,8485,6885,3762,2745,2009,1924,1502,1618,2019,1799,1849,1566,1329
"합계","양천구",계,49370,122,1114,4628,5751,3763,3186,2900,3213,3627,4419,5081,4290,3200,2219,1857
"합계","양천구",남자,22371,54,391,2003,3109,2198,1842,1621,1780,1982,2139,2057,1459,882,487,367
"합계","양천구",여자,26999,68,723,2625,2642,1565,1344,1279,1433,1645,2280,3024,2831,2318,1732,1490
"합계","강서구",계,108459,210,4081,17968,19152,10653,7608,5895,5794,5687,6437,7907,6301,4747,3311,2708
"합계","강서구",남자,48612,80,1003,6851,9585,5830,4314,3351,3320,3096,3010,3178,2178,1474,783,559
"합계","강서구",여자,59847,130,3078,11117,9567,4823,3294,2544,2474,2591,3427,4729,4123,3273,2528,2149
"합계","구로구",계,65153,218,2613,9594,9730,5751,4267,3599,4011,4058,4579,4985,4084,3342,2490,1832
"합계","구로구",남자,31463,96,837,4199,5313,3392,2571,2159,2519,2422,2465,2129,1396,927,620,418
"합계","구로구",여자,33690,122,1776,5395,4417,2359,1696,1440,1492,1636,2114,2856,2688,2415,1870,1414
"합계","금천구",계,55126,109,2209,10052,9676,4880,3269,2602,3122,3601,4034,3918,2785,2151,1587,1131
"합계","금천구",남자,28891,41,725,4672,5654,3094,2110,1668,2004,2243,2323,1943,1077,684,392,261
"합계","금천구",여자,26235,68,1484,5380,4022,1786,1159,934,1118,1358,1711,1975,1708,1467,1195,870
"합계","영등포구",계,81908,180,3536,16745,16781,8515,5400,4153,4154,3960,4215,4435,3314,2771,2036,1713
"합계","영등포구",남자,39782,71,954,6881,8972,4808,3102,2450,2570,2493,2410,2106,1283,832,484,366
"합계","영등포구",여자,42126,109,2582,9864,7809,3707,2298,1703,1584,1467,1805,2329,2031,1939,1552,1347
"합계","동작구",계,78375,1028,8931,16825,13165,6785,4418,3502,3417,3174,3358,3932,3236,2838,2051,1715
"합계","동작구",남자,37718,453,3667,8149,7511,4041,2571,2035,1957,1744,1646,1501,1013,654,433,343
"합계","동작구",여자,40657,575,5264,8676,5654,2744,1847,1467,1460,1430,1712,2431,2223,2184,1618,1372
"합계","관악구",계,158667,1164,15622,42354,31135,14087,8797,6745,6479,5932,6045,6345,4896,3989,2969,2108
"합계","관악구",남자,84027,502,6451,21188,18544,8939,5639,4418,4299,3725,3364,2845,1808,1172,697,436
"합계","관악구",여자,74640,662,9171,21166,12591,5148,3158,2327,2180,2207,2681,3500,3088,2817,2272,1672
"합계","서초구",계,50435,437,1982,7042,8590,5762,4519,3509,3336,2806,2509,2858,2408,2061,1440,1176
"합계","서초구",남자,21891,154,677,2905,4401,2915,2284,1680,1669,1382,1062,1027,680,504,317,234
"합계","서초구",여자,28544,283,1305,4137,4189,2847,2235,1829,1667,1424,1447,1831,1728,1557,1123,942
"합계","강남구",계,79351,382,2705,11080,14152,9426,7666,5915,4915,3836,3734,4349,3817,3258,2248,1868
"합계","강남구",남자,33924,185,877,4340,6881,4724,3565,2934,2492,1975,1667,1505,1115,796,503,365
"합계","강남구",여자,45427,197,1828,6740,7271,4702,4101,2981,2423,1861,2067,2844,2702,2462,1745,1503
"합계","송파구",계,91108,253,2609,13351,16897,10198,7425,5687,5347,4967,5306,6146,4704,3716,2507,1995
"합계","송파구",남자,40261,116,807,5183,8318,5218,3749,2989,2865,2664,2446,2360,1518,1033,595,400
"합계","송파구",여자,50847,137,1802,8168,8579,4980,3676,2698,2482,2303,2860,3786,3186,2683,1912,1595
"합계","강동구",계,70590,143,2053,9594,10465,6060,4823,4171,4460,4619,5435,6425,4931,3477,2255,1679
"합계","강동구",남자,32204,56,632,3733,5291,3386,2583,2358,2548,2600,2723,2587,1731,1033,561,382
"합계","강동구",여자,38386,87,1421,5861,5174,2674,2240,1813,1912,2019,2712,3838,3200,2444,1694,1297
