activity_intensity,active_pop_pc1,active_pop_pc2,time_structure_pc1,time_structure_pc2,weekend_weekday_index,resident_age_pc1,resident_age_pc2,foreigner_ratio,household_structure_pc1,household_structure_pc2,disability_ratio,livelihood_recipient_ratio
0.19050255013599224,0.21256784892440037,-0.21272989201158204,0.23466084402828546,0.4949508609260243,0.21859573282607453,-0.04091763981036914,0.3164094826667838,0.09948094788841322,0.015763398450715924,0.19861619016718282,-0.20429964164435047,-0.28070060254471557
0.4756995458194091,0.7277030285156494,-0.17924674093274218,0.07907223409658168,0.30517811779181586,-0.3584553477051701,0.9511085001443043,-0.37641284474248843,1.1645486720734306,0.8117879443015419,-0.3958437551768142,-0.15300943640814735,0.07339481279270572
0.4844067956810091,0.6110263139431028,-0.03816661419265686,0.3530311040712457,-0.2586268397138749,-0.5213508817313823,0.4656302065055977,-0.16869463822205036,0.3263658839557394,0.507344244987993,-0.1982522038357371,-0.2333353559232283,-0.15019031191780916
0.839834536516872,0.541067076109613,0.17348822889826154,1.0986864159709553,-0.5502023784309936,-0.061841931027754975,0.005150995887349082,0.33238144577133927,0.5454140768825376,-0.006369251162645706,0.41441246169186624,-0.24125639989489953,-0.2959039532224829
0.5048431673696354,0.413997997600229,0.15932424466786854,0.3130329378597133,-0.28480538518741394,-0.5744804548525285,-0.03915703739380315,-0.29823237754821885,-0.04306848147858661,0.14313179091841532,-0.2944747568243529,-0.30234325797341693,-0.22757072201071712
0.514231523500983,-0.5830357153881627,0.8992578660155345,0.07190602637567275,0.8840359256020164,0.6951173315412967,-0.839958065820431,-0.46960138521287,-0.4058620553801849,-0.7931029197950694,-0.9192079689470664,-0.4561457618284058,-0.40020070372841005
2.2502505946878206,-0.01929493682415892,0.8480577665292537,0.43864261906175683,0.6071141886752642,0.20515867899612186,0.18875796262994668,-0.2671907612605735,0.29332253120894664,0.4575066489799985,-0.3329837781734382,-0.2966455763959335,-0.11230543896911828
2.3911211304655637,0.8819443675940342,-0.0986629989269454,0.40386562737494425,-0.06560883970142334,-0.6615387014673638,1.1723661900169249,-0.6653192769530158,1.1984703231885223,0.9273691082499839,-0.662458083202357,-0.2695101945444165,-0.05416343184154046
0.7788845661714877,0.2742873278470449,0.6074976379643144,0.18653615996369724,-0.19322299829358844,-0.3625506552267705,-0.2604889995579957,-0.6279261659334449,-0.045137359528164604,0.03422850978641946,-0.733786927602551,-0.3284256948555024,-0.25630971131326175
-0.637945269771136,0.0627937511171118,-0.10757199097257476,0.09747521905707449,-0.2953850733412429,-0.19446451571234297,-0.10928605102744157,-0.0865948438646383,-0.2146545229054041,-0.13610376690977807,-0.08796889445879082,-0.3541171088711681,-0.3462285351489448
0.22488973384917288,-0.49453552332181516,0.11978153971857695,-0.06097088755325859,0.034711925046208666,0.14688652144379402,-0.4211697264307776,0.008209230743583987,-0.34177210438312616,-0.4799469881402563,-0.031662787295636645,-0.37011047931752716,-0.37967662819017994
-1.3528692285099317,-0.5925181514722945,0.37194971851260017,-0.6163041591065784,0.4838465801458866,-0.3761902961948941,-0.3968759272624035,-0.0574832526061552,-0.3895912919991166,-0.586858293347527,0.11360205954066185,-0.29280685558497654,-0.3461305645856779
-1.1274856145176628,-0.33333907287675485,-0.22538553156540667,-0.3642364348754666,0.2577235196668394,0.5390330401256985,-0.05764892721065346,0.17226135586324293,-0.1435474839480595,-0.015824095362604366,0.26229856543591645,-0.13267772537864508,-0.04555853488378577
-1.024466469409107,-0.5425655269519465,-0.15866692216377448,-0.3497990569238813,-1.1673292187907385,-0.4604544270530322,-0.3512936881666589,-0.07144012633135295,-0.4367856321205564,-0.49971143922592054,-0.006292794420893482,-0.027003033320446127,-0.3468605115467822
-0.9090742250580667,-0.40936358603414225,-0.7076947431351166,-0.6067531344492355,-0.31511925110078076,0.6718704138065689,0.307098590872919,0.6329366413534571,-0.034105357212969575,0.35098437139444344,0.5944708744644132,1.0687629195388375,0.9409181102640359
-0.7353475671751315,-0.37880930993125683,-0.5067183859740232,-0.5611934698017832,-0.061428172829297065,-0.27558754609895975,0.041152926574941455,0.20468253407511913,-0.28343586017148054,-0.026960056026543812,0.6530293522789854,0.8784909500412976,0.6011779502049176
-0.5103318309782134,-0.17139596451768838,-1.056172591713308,-0.5092334275294852,-0.5535153061966419,-0.17398169702514674,0.28318778580641296,1.46742173529737,-0.23406910992331065,0.4575234447670856,0.86758603759728,2.7344837447383097,2.866147977414191
-1.4837333396695798,-0.2740285833555452,-0.13695977460555006,-0.603334000505834,0.03161929693257253,0.5392811715694883,0.14469737364044336,-0.055662497832550124,-0.29916138707003614,0.05641692577424204,0.24920908803574018,0.26818663054764047,0.18603216396714356
-0.20470242081251477,0.25447706893992367,-0.12909505965027074,0.3670485761468761,0.2656810968412695,0.11741942253971245,-0.23101214034572565,0.3218280097090658,-0.1281972466116094,-0.2534554297754715,0.3603316624818055,-0.31039253107501047,-0.36678828083042386
-0.1519241446150757,0.22951829646814298,-0.14205649489669187,0.07869508037656496,-0.0800780377775398,-0.051617503908823456,-0.030049120489185708,0.01419278734025001,-0.05094592072724139,0.05252249201819652,0.06558877933290846,-0.2558432580996685,-0.3200379829562935
0.09816423617970343,0.08808338695074268,0.42572115238783725,0.431074521335467,0.037471484537975365,-0.037533239007054596,-0.5662990401056723,-0.167902317014431,-0.26156917517559697,-0.4964078838036679,-0.3291720959594003,-0.39265391737248234,-0.376068561679757
-0.6149482698612373,-0.49858009333622955,0.0940495860463959,-0.4819027949733122,0.4229885051976623,0.9766848841624579,-0.21499416845772218,-0.1578627352984227,-0.3156994465621459,-0.5198387560795511,0.21295897487027798,-0.3293480163778593,-0.3629765392730918
