adm_cd,dong_name,activity_intensity,active_pop_pc1,active_pop_pc2,time_structure_pc1,time_structure_pc2,weekend_weekday_index,resident_age_pc1,resident_age_pc2,foreigner_ratio,household_structure_pc1,household_structure_pc2,disability_ratio,livelihood_recipient_ratio,cluster,cluster_type,flow_per_point,age_20_ratio,age_30_ratio,age_50_ratio,age_60_plus_ratio,night_ratio,morning_ratio,daytime_ratio,evening_ratio,weekend_weekday_index_raw,resident_ratio_20_29,resident_ratio_30_39,resident_ratio_50_64,resident_ratio_65_plus,foreigner_ratio_raw,hh_1_ratio,hh_2_ratio,hh_3_ratio,hh_4plus_ratio,disability_ratio_raw,livelihood_recipient_ratio_raw
1123051,신사동,607.2698402650532,1.0088791940287667,-0.5688564516594956,0.8189743324515582,1.2570230042645762,0.8509529756754773,-0.16136111396295025,1.0441849821551374,0.013815306598668163,0.06052295694295595,0.4495198306068911,0.02325429485923313,0.007773205304069501,2,중간활동·다인가구 중심형,607.2698402650532,0.1672328511294108,0.19821832799089836,0.17220939743260444,0.19328209144016353,0.06095531091787556,0.24046782690368054,0.50115659760642,0.19742026457202397,0.8509529756754773,0.11855726062556304,0.13064136491927425,0.23469894460463678,0.2113463670711086,0.013815306598668163,0.37400654774553466,0.22853105392082457,0.18902701528819188,0.20843538304544892,0.02325429485923313,0.007773205304069501
1123052,논현1동,696.1982087542087,3.4537887484681065,-0.4793198739224548,0.27596478825796505,0.7750585861084349,0.6598316944339361,3.7507521888889688,-1.2422024657975221,0.03926143627372236,3.116828325654802,-0.895896843173251,0.025399921060574402,0.029811241902904507,0,고활동·청년유동·1인가구 중심형,696.1982087542087,0.19694221644443968,0.23495739632544077,0.15684057413287847,0.16129036975820332,0.06519833944172636,0.24842977808013625,0.4934089140096786,0.19296296846845876,0.6598316944339361,0.17371088767973367,0.2551357615144364,0.18606499251255723,0.14980003514623963,0.03926143627372236,0.6939871013546475,0.16675240615747433,0.07431230773948375,0.06494818474839442,0.025399921060574402,0.029811241902904507
1123053,논현2동,698.9132497116494,2.900023396108823,-0.10206052622031053,1.2320905687892956,-0.656832652906891,0.6058801393255854,1.836240046218401,-0.5567102677104714,0.019235941712649585,1.9479285504751762,-0.4486960353567814,0.022039642099617233,0.01589584806299827,0,고활동·청년유동·1인가구 중심형,698.9132497116494,0.17852192792279611,0.23181633394829473,0.16200926371731025,0.16763567539127386,0.05530807790491662,0.26292400797026155,0.5065879842565931,0.1751799298682287,0.6058801393255854,0.1441108230026633,0.2067679137070572,0.21030300065264607,0.16437101571097607,0.019235941712649585,0.5780385759616316,0.1864722203026975,0.13168592825867648,0.10380327547699444,0.022039642099617233,0.01589584806299827
1123058,삼성1동,809.7405360670981,2.567986261436496,0.4639211601272397,3.834452986050589,-1.3973448705491032,0.7580710672406373,0.020313254582940466,1.09689416099753,0.02446934480592864,-0.0244544927974073,0.9379226306994795,0.021708280596785947,0.0068269857707206685,0,고활동·청년유동·1인가구 중심형,809.7405360670981,0.1705814834890734,0.22192436644509858,0.17048128044945235,0.15166998794243156,0.03872841932818595,0.25548153214808617,0.5498582039466199,0.15593184457710807,0.7580710672406373,0.11824311586029107,0.1452458685629494,0.23794702291871211,0.2051567896644965,0.02446934480592864,0.3595630857085108,0.2468123943454864,0.18852459641887706,0.20509992352712575,0.021708280596785947,0.0068269857707206685
1123059,삼성2동,705.2855931080185,1.9648971764163106,0.426045553015925,1.0924956073545367,-0.7233181092951386,0.5882834439387897,-0.1544180750071399,-0.9841985998764193,0.010409578322043003,0.5495489596363182,-0.6664725705103175,0.019152830435351025,0.011079879722839588,0,고활동·청년유동·1인가구 중심형,705.2855931080185,0.15719203264091575,0.21113454832354217,0.17140994922281613,0.17106093838379074,0.0532432054344793,0.26766851711698053,0.5014980276507247,0.17759024979781537,0.5882834439387897,0.12413366765835765,0.15335347890976103,0.2206165634117424,0.13929879187217792,0.010409578322043003,0.43702442205956954,0.18537575186607724,0.17975940285527936,0.19784042321907386,0.019152830435351025,0.011079879722839588
1123060,대치1동,708.2130124223603,-2.767175777556056,2.4046862147640105,0.2509544794067231,2.2451794365989626,1.0087785504961273,-3.3124239279461003,-1.549734571498059,0.0017418738022760894,-3.0450878987906957,-2.08040548026715,0.012718801158544265,0.00033580993157872644,2,중간활동·다인가구 중심형,708.2130124223603,0.10270114614230676,0.10142231734090638,0.17451462808534965,0.20378842005515585,0.05526255628594717,0.2425769319094588,0.4820293366032897,0.22013117520130432,1.0087785504961273,0.08970310895472841,0.05207143420984933,0.2254130319409488,0.12338966174409041,0.0017418738022760894,0.07611237711264005,0.15347371342594623,0.2896842851025192,0.48072962435889455,0.012718801158544265,0.00033580993157872644
1123063,대치4동,1249.5277738095238,-0.09157669144460258,2.267773124445733,1.5308776699345914,1.5418833699014305,0.846502577728509,0.7443781034414876,-0.8817579610049284,0.018446484460495183,1.7565790336331801,-0.7536284500944908,0.01939118188711949,0.01825371032390857,0,고활동·청년유동·1인가구 중심형,1249.5277738095238,0.12956262613202849,0.1536785997934057,0.1728223118803649,0.15421191561219097,0.050632333940547385,0.2390319785124132,0.5069971893758418,0.20333849817119756,0.846502577728509,0.1529712932206288,0.17475156923331076,0.23031861905473505,0.12480883993949915,0.018446484460495183,0.5580097738353358,0.1772712073416699,0.13099936231836473,0.13371965650462952,0.01939118188711949,0.01825371032390857
1123064,역삼1동,1293.4531555790215,4.185841496062414,-0.2638326139732722,1.4095047852962532,-0.16662628009878586,0.5594494564513189,4.623294874053004,-2.1956244530896925,0.040071877444237666,3.5605977216349443,-1.4993140543811134,0.02052633792745678,0.021872327299749028,0,고활동·청년유동·1인가구 중심형,1293.4531555790215,0.20764536800164926,0.23937251385705258,0.15409510468998414,0.14175888244127868,0.05256340618799243,0.2579796349168864,0.5075323147882074,0.18192464410691378,0.5594494564513189,0.19032994215567933,0.28511243837287326,0.17147418252032587,0.11593823223925058,0.040071877444237666,0.7460011259226205,0.1426584048529343,0.062232705902583924,0.04910776332186126,0.02052633792745678,0.021872327299749028
1123065,역삼2동,790.7354921700224,1.3018091854005998,1.624496432805458,0.6510175471197588,-0.49072700541138703,0.6584753146488297,-1.0272536573118713,-2.0722232053343874,0.010360149597525306,0.131419035717579,-1.660749685711928,0.01806172230444554,0.009291234994244368,0,고활동·청년유동·1인가구 중심형,790.7354921700224,0.14212536930278288,0.19163379231296984,0.17572659671691745,0.16363187359087206,0.057092482204901145,0.2666134262500101,0.4950716888926779,0.18122240265241094,0.6584753146488297,0.11996375638598171,0.12484241891843198,0.21202675630577533,0.11201562605754081,0.010360149597525306,0.4082952979260091,0.15040874014790967,0.20638215308680577,0.23491380883927548,0.01806172230444554,0.009291234994244368
1123066,도곡1동,348.9483497942387,0.29802864985290234,-0.2876559589438135,0.34019183212438747,-0.7501872642702956,0.7141460159554923,-0.4309759559966252,-0.28577220484491056,0.006310120079688572,-0.5225651340482825,-0.19909637025312812,0.016986971856330527,0.003694906307732911,2,중간활동·다인가구 중심형,348.9483497942387,0.13982474968147954,0.17965311141417584,0.17657165837472785,0.21478791746969453,0.05305629045625614,0.277849033641026,0.48437279725416804,0.18472187864854983,0.7141460159554923,0.11341471478919846,0.1376707231831778,0.21922326079052068,0.1651665943009115,0.006310120079688572,0.3220160467624461,0.20760047971744763,0.21351930131213082,0.25686417220797547,0.016986971856330527,0.003694906307732911
1123067,도곡2동,617.9922398373984,-2.347140466971328,0.3203052519526088,-0.2127904727338757,0.0881576167455434,0.8272026408808787,-1.6609075337507033,0.02709133552271902,0.003273082726278447,-1.8427378454546222,-0.0716610804471491,0.016317920240735858,0.001613178426840807,2,중간활동·다인가구 중심형,617.9922398373984,0.10745750031444645,0.13448303607071257,0.1870224572145481,0.25025114206408083,0.05651589950882705,0.2717504896141125,0.47455668242186766,0.19717692845519277,0.8272026408808787,0.10121143813082212,0.09294318827429049,0.22980049414388498,0.1777765200725851,0.003273082726278447,0.19064136060441192,0.2172993795435637,0.26969948035451236,0.322359779497512,0.016317920240735858,0.001613178426840807
1123068,개포1동,126.02516965308739,-2.8121808548638225,0.9946227822900742,-2.150922491485587,1.228821545315034,0.6539578191524128,-1.5651035109779246,-0.18970085406697543,0.0021306077254860407,-2.253219655072344,0.25711085545608275,0.019551767322753696,0.003701003757079572,2,중간활동·다인가구 중심형,126.02516965308739,0.08090605255621644,0.1234291187306693,0.1945864082145643,0.26124641509247354,0.06950683772044024,0.2699077996588737,0.44246792906294535,0.21811743355774071,0.6539578191524128,0.08908492550717484,0.1146707666741141,0.22346430418677926,0.16587621903059308,0.0021306077254860407,0.1449245166019994,0.23127050231439256,0.2817668761798481,0.34203810490375997,0.019551767322753696,0.003701003757079572
1123071,개포4동,196.30289831040764,-1.5820777078183736,-0.6026986265508294,-1.2711975546747605,0.6545384977311347,0.9570829021151136,-0.22734192775025505,0.5684808156887861,0.008008978183291531,-0.060756000381927425,0.5936495237570295,0.02625045873540142,0.02240787513762062,2,중간활동·다인가구 중심형,196.30289831040764,0.10532446034872019,0.1526023823397901,0.19537186392371528,0.2455082315250894,0.06845391348383344,0.266243975139886,0.4617626679341908,0.20353944344208977,0.9570829021151136,0.11417643012478458,0.15571102732934156,0.24013979224608922,0.17416848619771472,0.008008978183291531,0.3668518237996413,0.23261071389147986,0.20822968773241998,0.19230777457645887,0.02625045873540142,0.02240787513762062
1123072,일원본동,228.42569285702675,-2.5750981360015093,-0.4242878209748915,-1.2208106142407407,-2.9646572971401888,0.6260492523103128,-1.3853472759775163,-0.2357600234030419,0.0010030613062405346,-1.9186226888022513,-0.014242222045157097,0.030671154403405926,0.0036555736352896595,2,중간활동·다인가구 중심형,228.42569285702675,0.09980132455818647,0.13523442716032683,0.1859557680011904,0.27467902882878464,0.06258871268518447,0.3129981448827818,0.4602055357495198,0.1642076066825139,0.6260492523103128,0.0902526387112978,0.11356832167669953,0.21679341759099313,0.17408518125892408,0.0010030613062405346,0.18522012842816593,0.2189936469434409,0.278867869305974,0.3169183553224192,0.030671154403405926,0.0036555736352896595
1123073,일원1동,264.40659090909094,-1.9429015574680575,-1.8924313674544724,-2.117589090357817,-0.8003060081140276,1.0010790922466297,1.2110613160817625,2.0887583077053358,0.010623721345230614,1.3475908804799785,1.3454414092075693,0.07651039657772012,0.08380377993618289,1,고령·2인가구·구조적 복지배경 특화형,264.40659090909094,0.10520975000129106,0.1437680942846088,0.18479896308939706,0.2889620595473745,0.07586770890435271,0.2858092733226831,0.4510387252007613,0.1872842925722029,1.0010790922466297,0.1204789315405754,0.1579309524629436,0.22069544802959506,0.265264351737739,0.010623721345230614,0.49629921237039665,0.2548125298193715,0.1415302667978538,0.10735799101237807,0.07651039657772012,0.08380377993618289
1123074,개포3동,318.5769660618241,-1.797886337128812,-1.3550047918047943,-1.9585843100934701,-0.15600867167277763,0.6872777922769003,0.1622889811275257,0.6754741557975837,0.004666826618105649,-0.10351208942511593,1.4779743966022372,0.0685507379790727,0.06265917947773789,1,고령·2인가구·구조적 복지배경 특화형,318.5769660618241,0.10550369837949791,0.1484311210025153,0.18229541476292055,0.2666543597037343,0.07005991733632856,0.2826012756559569,0.448479601582938,0.19885920542477653,0.6872777922769003,0.08692472564015588,0.15094668749365917,0.19661326099053408,0.23100248945242807,0.004666826618105649,0.3528596133690016,0.26497325839319574,0.2053589980686085,0.17680813016919417,0.0685507379790727,0.06265917947773789
1123075,수서동,388.73998533356485,-0.813471197160617,-2.824288524667398,-1.777241994078527,-1.4057586884483124,0.7209299951958243,1.116767653026822,4.842647968610955,0.0058462753047252795,1.7566435204062494,1.9635716923648452,0.14619259477148214,0.2036253998602787,1,고령·2인가구·구조적 복지배경 특화형,388.73998533356485,0.11978224689889007,0.16639514925422683,0.18006461047827504,0.2933160600460227,0.07095906641087071,0.29353194874042815,0.45446675894450134,0.18104222590419983,0.7209299951958243,0.07214125675119845,0.13905988415902268,0.21252562067439035,0.3977261479105827,0.0058462753047252795,0.5281230999276425,0.27616287867324396,0.11690321564462836,0.07881080575448521,0.14619259477148214,0.2036253998602787
1123076,세곡동,85.2199295020683,-1.300581144869707,-0.36624120223760726,-2.105656196523505,0.08030329222693575,0.9571650840935441,0.5706225849375081,-0.18369216945119715,0.004291119245153912,0.21661059828969859,0.564024649477108,0.04301984114083851,0.03682151642230964,2,중간활동·다인가구 중심형,85.2199295020683,0.09764132112261648,0.15354518955290206,0.17522723193740922,0.24761737967185637,0.07608700734299916,0.2754045680807375,0.45079548285510057,0.19771294172116283,0.9571650840935441,0.11184102180484462,0.16735467708106647,0.1975987023606517,0.17706359989810644,0.004291119245153912,0.3869284273592069,0.23240351293703349,0.17897212284182998,0.20169593686192966,0.04301984114083851,0.03682151642230964
1123077,압구정동,484.0394633074098,1.207786697329857,-0.3452103362860981,1.2810120234245406,0.6747482970387928,0.817443037464428,-0.9110099330730352,1.0620666983264264,0.008375719303068794,-0.9731322919495838,0.815523788593361,0.0188161047157132,0.002415317789594655,2,중간활동·다인가구 중심형,484.0394633074098,0.16604403135442325,0.2074420827848533,0.16884231945364536,0.1907380165124225,0.060492764331941916,0.24164043792271242,0.511608653626297,0.1862581441190486,0.817443037464428,0.10333273453823363,0.10948789014309873,0.23364305044653852,0.21636575391754137,0.008375719303068794,0.26876198717656763,0.2456742929147247,0.2328974176016032,0.2526663023071045,0.0188161047157132,0.002415317789594655
1123078,청담동,500.49645992710174,1.0893285843899594,-0.37987023289476535,0.27464850893850384,-0.2033735943693585,0.7614574322902131,-0.11850047016917732,0.046837709384386146,0.010221374007822566,0.2016580709351909,0.14844437883248274,0.021098067691314695,0.005324942514825124,2,중간활동·다인가구 중심형,500.49645992710174,0.15399875146551056,0.2035493281143056,0.17762358881166374,0.19620673041407408,0.06278863060560684,0.2621367442144487,0.49185430804623903,0.18322031713370537,0.7614574322902131,0.11961030257878293,0.14515715171079707,0.22783593280600034,0.1779924954267452,0.010221374007822566,0.3920462790590627,0.21681931834197551,0.18643659692032896,0.20469780567863283,0.021098067691314695,0.005324942514825124
1123079,대치2동,578.4774766235814,0.41805709040126043,1.1384118228694986,1.5044647512860532,0.0951660493731713,0.7661221887462503,-2.2332334995637235,-0.5540955233638007,0.005189255839585004,-1.9059388158921826,-0.74500162696522,0.015374859257917147,0.0018377357025456521,2,중간활동·다인가구 중심형,578.4774766235814,0.13041165030660593,0.1655301870844075,0.17316272032365435,0.17542540845604584,0.048181836173317644,0.25843255852887786,0.5052223564473394,0.18816324885046518,0.7661221887462503,0.09356999923054818,0.08467874180120935,0.22796934392691298,0.15608953525075908,0.005189255839585004,0.18809737270028967,0.19399024098192624,0.26729128591231255,0.35062110040547156,0.015374859257917147,0.0018377357025456521
1123080,개포2동,356.1191324921136,-2.366336608612611,0.2514959853196571,-1.6818571562464733,1.0742607469722505,1.1020346819350626,-0.8478421208713982,-0.5209638347474547,0.003895999200809344,-1.9959007411916607,0.48198126360860016,0.018023138773431858,0.0026525513043684206,2,중간활동·다인가구 중심형,356.1191324921136,0.10510210363482902,0.12748921436225413,0.17892027024900395,0.25518480087089673,0.06501517465495392,0.2704024616507935,0.44883117503066616,0.21575118866358647,1.1020346819350626,0.10038223573123957,0.14431509480887825,0.2192855262925989,0.14301302266887256,0.003895999200809344,0.1715978685758352,0.23749190521877928,0.278338362107111,0.3125718640982745,0.018023138773431858,0.0026525513043684206
