call_contacts,comm_low_rate,date,days_in_month,interest_structural_issue,rain_days,rainfall_mm,snow_days,text_contacts,weekday_count_est_ratio,weekday_days,weekday_distance_est_ratio,weekday_move_count,weekday_move_distance,weekday_outing_low_rate,weekend_count_est_ratio,weekend_days,weekend_distance_est_ratio,weekend_move_count,weekend_move_distance,weekend_outing_low_rate,행정동,행정동코드
13.322252920193048,0.11028284798662395,2025-10-01,31,False,15.0,186.3,0.0,5.487715604672308,0.9311205147933133,23,0.9279226411135203,31.122559668815818,1087.508842257685,0.09386602627675009,0.9029530670770092,8,0.891863327970903,15.004845641046298,688.6981053519851,0.0934603185010942,신사동,1123051
13.719041226398751,0.11469571455092918,2025-10-01,31,False,15.0,186.3,0.0,5.575967434609388,0.9299450025983025,23,0.9215325653906115,28.474795148058444,1001.9456846724371,0.11895688625780364,0.897268318032219,8,0.8909206651654252,14.021861086925885,724.9436152089569,0.08097544470967678,논현1동,1123052
14.34619041133206,0.11254751152224253,2025-10-01,31,False,15.0,186.3,0.0,5.704396622173795,0.9296363388722418,23,0.9247230545718697,29.96913412518064,1052.0500761686867,0.10047773684418627,0.8999909198220287,8,0.9004698992100245,14.840176545663663,731.3347525051994,0.07426667652281842,논현2동,1123053
14.027438005299272,0.11309563664769556,2025-10-01,31,False,15.0,186.3,0.0,5.51112100006794,0.9366152591888036,23,0.9358502615666825,33.461257772355225,1236.8677398985685,0.08784733846668898,0.9046409402812691,8,0.9034316189958558,15.9611962230228,750.1861191672789,0.10058029237808279,삼성1동,1123058
13.87281736219424,0.10138106660185763,2025-10-01,31,False,15.0,186.3,0.0,5.659058850382318,0.9410822840187164,23,0.9367059763381138,31.0591719496504,1161.0136068275476,0.09631962128977038,0.9172530147981893,8,0.9155536957431432,14.54967785937442,757.3116133602799,0.06823124148060483,삼성2동,1123059
13.986890482791875,0.08406393188295992,2025-10-01,31,False,15.0,186.3,0.0,5.99636610210355,0.9535097341932374,23,0.9505575311916099,34.52857400402536,1336.0734774867317,0.05307212180250388,0.9317991682237358,8,0.9265848954252306,15.131753584208525,728.9366405125359,0.09183894360861568,대치1동,1123060
13.792345469040658,0.10798598303209148,2025-10-01,31,False,15.0,186.3,0.0,5.777747010364071,0.9355843741695457,23,0.9240010629816636,28.387455294602855,1086.0228593886252,0.11747647488168766,0.9043045442466117,8,0.8920297634865799,13.4359356054751,731.491719667007,0.06792853386910694,대치4동,1123063
13.978517886669641,0.11397180664375094,2025-10-01,31,False,15.0,186.3,0.0,5.714192278417889,0.9241080286606651,23,0.9181528043883362,28.30879077315629,1064.924971111303,0.12894394243243765,0.895642109130994,8,0.8896963334295688,14.349485521698842,792.4557270153801,0.08496407117221971,역삼1동,1123064
13.674461599760933,0.09811014539902474,2025-10-01,31,False,15.0,186.3,0.0,5.641258757512369,0.946511604741508,23,0.9422498920875253,31.230323134460043,1165.278442599728,0.10127284221266779,0.923177275293024,8,0.9178643291164459,14.468586288045353,750.55181874319,0.06459406204135351,역삼2동,1123065
13.012790747483402,0.0906322853079318,2025-10-01,31,False,15.0,186.3,0.0,5.395859391732706,0.9585510816020562,23,0.9561667380595416,33.392503332048555,1291.7411581940678,0.05309202519952885,0.9332940672520883,8,0.9286356821589203,15.190677657169738,752.8909178237004,0.07918595160478381,도곡1동,1123066
13.529643222319603,0.08018387767478125,2025-10-01,31,False,15.0,186.3,0.0,5.671561860940695,0.9550208150744961,23,0.9539424481449023,33.89231042099946,1274.9362066910235,0.07727085679632677,0.9302008472100496,8,0.9250105901256207,15.251560291010506,733.1951214879776,0.07348068093216667,도곡2동,1123067
13.86083631014919,0.08363029275853578,2025-10-01,31,False,15.0,186.3,0.0,5.831873292708552,0.9636478251733558,23,0.9635427610842614,36.58969690361971,1371.0149525678771,0.03294801037185115,0.9463122504727884,8,0.945576801849128,16.55683024314422,784.22918,0.060695609346254696,개포1동,1123068
13.549503616731313,0.09324361633595028,2025-10-01,31,False,15.0,186.3,0.0,5.262424782471957,0.9563062165845476,23,0.9530632141733935,34.26439006797151,1215.6509525566835,0.05214888962827147,0.9393599958066884,8,0.9366013208931754,15.870133005154255,773.4525013823223,0.07284491607614382,개포4동,1123071
12.456561284286208,0.07253961793808664,2025-10-01,31,False,15.0,186.3,0.0,5.018566996602157,0.9652838922539027,23,0.9641355197715074,35.10881545371345,1298.9761462967408,0.07480350011446595,0.9419313537203919,8,0.9405663071847146,15.936831261305535,785.5378706843113,0.09276829547477933,일원본동,1123072
12.393971921215838,0.09624525841631104,2025-10-01,31,False,15.0,186.3,0.0,4.777958835957199,0.9544176378382062,23,0.9512526409050637,31.866274159768125,1113.7783169039665,0.07579717875770507,0.927052409186942,8,0.9218789613575955,14.966573334293932,735.1617541046505,0.09865457562825983,일원1동,1123073
12.135134136427462,0.0,2025-10-01,31,True,15.0,186.3,0.0,4.848108048185647,0.9635178479048112,23,0.9560815904219939,33.286133519362814,1180.2746937791128,0.0,0.933787598847092,8,0.926984701795876,15.083523214732317,746.5445426822708,0.0,일원2동,1123074
11.412048718881932,0.12277570271271641,2025-10-01,31,False,15.0,186.3,0.0,4.379238666472558,0.9629887902169166,23,0.9615264230601253,33.63275810799166,1129.34911392223,0.06286863002313169,0.9248456835056049,8,0.9223453195516087,15.583602958711678,690.767410036003,0.16722159358320898,수서동,1123075
13.079476532271633,0.09513188696982544,2025-10-01,31,False,15.0,186.3,0.0,5.135666741434419,0.9518087253967363,23,0.9541801715919922,36.08846104584148,1394.7270257808952,0.09913348895118813,0.9294686816576011,8,0.9331509000168228,16.176381703042768,843.6356236719452,0.08018117805955817,세곡동,1123076
13.838309707903779,0.08615542722912792,2025-10-01,31,False,15.0,186.3,0.0,5.65172293814433,0.9360906357388317,23,0.9331894329896906,33.22090468190668,1181.8242215685868,0.053644253042315106,0.9032860824742268,8,0.8972607388316151,15.3002604893359,699.497064002072,0.10605689863299729,압구정동,1123077
14.575251262227832,0.10889885839140498,2025-10-01,31,False,15.0,186.3,0.0,5.706107604922688,0.9380482802145788,23,0.9374211107604923,33.925060543113524,1227.4245384990847,0.07133825487737082,0.913172925213001,8,0.9124471442095299,16.075203604546893,757.73982957208,0.08910235691106314,청담동,1123078
13.551937928883344,0.08927377175683787,2025-10-01,31,False,15.0,186.3,0.0,5.52956737367436,0.9541163443543357,23,0.9493303181534622,33.85329159824604,1298.3084845737858,0.062362456772128386,0.9324139114160948,8,0.9256300686213349,14.966862365642477,744.6025644045466,0.0803795478578982,대치2동,1123079
12.826986261749818,0.08201285345396528,2025-10-01,31,False,15.0,186.3,0.0,5.326497469269704,0.9655754157628346,23,0.9658163412870571,35.94798478168338,1320.7890296917626,0.03399821871375755,0.9502698481561823,8,0.9468977584960232,16.07716038493309,793.2806393477624,0.08294194160200426,개포2동,1123080
