adm_cd,dong_name,activity_intensity,active_pop_pc1,active_pop_pc2,time_structure_pc1,time_structure_pc2,weekend_weekday_index,resident_age_pc1,resident_age_pc2,foreigner_ratio,household_structure_pc1,household_structure_pc2,disability_ratio,livelihood_recipient_ratio,cluster,cluster_type,centroid_distance
1123051,신사동,607.2698402650532,1.0088791940287667,-0.5688564516594959,0.81897433245156,1.2570230042645771,0.8509529756754773,-0.16136111396294658,1.0441849821551388,0.0138153065986681,0.0605229569429563,0.4495198306068907,0.0232542948592331,0.0077732053040695,2,중간활동·다인가구 중심형,1.1649309608924434
1123052,논현1동,696.1982087542087,3.453788748468105,-0.47931987392245334,0.27596478825796733,0.7750585861084357,0.6598316944339361,3.7507521888889657,-1.2422024657975301,0.0392614362737223,3.1168283256548026,-0.895896843173252,0.0253999210605744,0.0298112419029045,0,고활동·청년유동·1인가구 중심형,1.3750462277269517
1123053,논현2동,698.9132497116494,2.9000233961088235,-0.10206052622030919,1.232090568789294,-0.6568326529068874,0.6058801393255854,1.8362400462184008,-0.5567102677104767,0.0192359417126495,1.9479285504751769,-0.4486960353567812,0.0220396420996172,0.0158958480629982,0,고활동·청년유동·1인가구 중심형,0.7848582951128633
1123058,삼성1동,809.7405360670981,2.5679862614364954,0.4639211601272395,3.8344529860505894,-1.3973448705491038,0.7580710672406373,0.02031325458294293,1.0968941609975316,0.0244693448059286,-0.02445449279740706,0.9379226306994808,0.0217082805967859,0.0068269857707206,0,고활동·청년유동·1인가구 중심형,1.4515271128846772
1123059,삼성2동,705.2855931080185,1.9648971764163092,0.42604555301592795,1.0924956073545355,-0.7233181092951388,0.5882834439387897,-0.15441807500714294,-0.9841985998764194,0.010409578322043,0.5495489596363184,-0.6664725705103184,0.019152830435351,0.0110798797228395,0,고활동·청년유동·1인가구 중심형,1.0024355302584833
1123060,대치1동,708.2130124223603,-2.767175777556055,2.4046862147640096,0.2509544794067247,2.2451794365989626,1.0087785504961273,-3.312423927946103,-1.549734571498052,0.001741873802276,-3.0450878987906966,-2.080405480267149,0.0127188011585442,0.0003358099315787,2,중간활동·다인가구 중심형,2.0999455723620675
1123063,대치4동,1249.5277738095238,-0.09157669144460519,2.2677731244457315,1.5308776699345932,1.5418833699014292,0.846502577728509,0.7443781034414865,-0.8817579610049339,0.0184464844604951,1.7565790336331801,-0.7536284500944906,0.0193911818871194,0.0182537103239085,0,고활동·청년유동·1인가구 중심형,1.671396667415496
1123064,역삼1동,1293.4531555790215,4.185841496062412,-0.2638326139732681,1.4095047852962523,-0.1666262800987883,0.5594494564513189,4.623294874052999,-2.1956244530897044,0.0400718774442376,3.5605977216349443,-1.4993140543811143,0.0205263379274567,0.021872327299749,0,고활동·청년유동·1인가구 중심형,1.9275902855575415
1123065,역삼2동,790.7354921700224,1.3018091854005989,1.624496432805457,0.6510175471197581,-0.4907270054113869,0.6584753146488297,-1.027253657311876,-2.0722232053343856,0.0103601495975253,0.13141903571757987,-1.66074968571193,0.0180617223044455,0.0092912349942443,0,고활동·청년유동·1인가구 중심형,1.2200009566029588
1123066,도곡1동,348.9483497942387,0.29802864985290256,-0.28765595894381685,0.3401918321243857,-0.7501872642702954,0.7141460159554923,-0.4309759559966248,-0.2857722048449105,0.0063101200796885,-0.5225651340482826,-0.1990963702531279,0.0169869718563305,0.0036949063077329,2,중간활동·다인가구 중심형,0.7479729283140664
1123067,도곡2동,617.9922398373984,-2.3471404669713287,0.3203052519526075,-0.2127904727338758,0.08815761674554107,0.8272026408808787,-1.6609075337507022,0.02709133552272181,0.0032730827262784,-1.8427378454546224,-0.07166108044714786,0.0163179202407358,0.0016131784268408,2,중간활동·다인가구 중심형,0.8160270602652268
1123068,개포1동,126.0251696530874,-2.812180854863822,0.994622782290072,-2.150922491485588,1.2288215453150342,0.6539578191524128,-1.5651035109779237,-0.18970085406697193,0.002130607725486,-2.2532196550723445,0.2571108554560828,0.0195517673227536,0.0037010037570795,2,중간활동·다인가구 중심형,1.3716831946539505
1123071,개포4동,196.30289831040764,-1.582077707818372,-0.602698626550829,-1.2711975546747596,0.6545384977311337,0.9570829021151136,-0.22734192775025444,0.5684808156887863,0.0080089781832915,-0.06075600038192678,0.5936495237570294,0.0262504587354014,0.0224078751376206,2,중간활동·다인가구 중심형,1.0325945981024056
1123072,일원본동,228.42569285702675,-2.575098136001509,-0.4242878209748916,-1.2208106142407391,-2.964657297140188,0.6260492523103128,-1.3853472759775167,-0.23576002340303995,0.0010030613062405,-1.9186226888022524,-0.01424222204515588,0.0306711544034059,0.0036555736352896,2,중간활동·다인가구 중심형,1.650604268387749
1123073,일원1동,264.40659090909094,-1.9429015574680562,-1.892431367454475,-2.117589090357818,-0.8003060081140263,1.0010790922466295,1.2110613160817687,2.088758307705335,0.0106237213452306,1.347590880479978,1.3454414092075702,0.0765103965777201,0.0838037799361828,1,고령·2인가구·구조적 복지배경 특화형,0.9990856426398713
1123074,개포3동,318.5769660618241,-1.7978863371288094,-1.3550047918047938,-1.9585843100934688,-0.15600867167277757,0.6872777922769003,0.16228898112752646,0.6754741557975844,0.0046668266181056,-0.10351208942511604,1.4779743966022372,0.0685507379790727,0.0626591794777378,1,고령·2인가구·구조적 복지배경 특화형,1.3824443472218573
1123075,수서동,388.7399853335649,-0.8134711971606163,-2.8242885246674,-1.7772419940785278,-1.4057586884483104,0.7209299951958243,1.1167676530268302,4.842647968610957,0.0058462753047252,1.7566435204062496,1.9635716923648447,0.1461925947714821,0.2036253998602787,1,고령·2인가구·구조적 복지배경 특화형,2.0417735635073746
1123076,세곡동,85.2199295020683,-1.300581144869707,-0.3662412022376052,-2.1056561965235048,0.08030329222693579,0.957165084093544,0.5706225849375067,-0.18369216945119662,0.0042911192451539,0.2166105982896993,0.564024649477107,0.0430198411408385,0.0368215164223096,2,중간활동·다인가구 중심형,1.520033337409125
1123077,압구정동,484.0394633074098,1.2077866973298568,-0.3452103362860996,1.2810120234245381,0.6747482970387954,0.817443037464428,-0.9110099330730331,1.0620666983264282,0.0083757193030687,-0.9731322919495847,0.8155237885933626,0.0188161047157132,0.0024153177895946,2,중간활동·다인가구 중심형,0.9117758888278564
1123078,청담동,500.49645992710174,1.08932858438996,-0.37987023289476274,0.27464850893850323,-0.20337359436936112,0.7614574322902131,-0.11850047016917795,0.04683770938438659,0.0102213740078225,0.20165807093519106,0.14844437883248288,0.0210980676913146,0.0053249425148251,2,중간활동·다인가구 중심형,0.8213339516568653
1123079,대치2동,578.4774766235814,0.41805709040126066,1.138411822869498,1.5044647512860543,0.09516604937317098,0.7661221887462503,-2.2332334995637253,-0.5540955233637973,0.005189255839585,-1.9059388158921826,-0.7450016269652203,0.0153748592579171,0.0018377357025456,2,중간활동·다인가구 중심형,1.0789556378307028
1123080,개포2동,356.1191324921136,-2.366336608612611,0.251495985319658,-1.6818571562464748,1.0742607469722483,1.1020346819350626,-0.8478421208714008,-0.5209638347474519,0.0038959992008093,-1.9959007411916614,0.4819812636085993,0.0180231387734318,0.0026525513043684,2,중간활동·다인가구 중심형,1.059146408939405
