adm_cd,any_signal,call_contacts,call_contacts_baseline_n,call_contacts_common_change,call_contacts_log_change,call_contacts_residual,call_contacts_rz,cluster,cluster_type,combined_signal,comm_low_rate,comm_low_rate_change,comm_validation_support,communication_signal,date,days_in_month,dong_name,interest_structural_issue,mobility_distance_both_down,mobility_distance_support,mobility_signal,rain_days,rainfall_mm,signal_status,snow_days,text_contacts,text_contacts_baseline_n,text_contacts_common_change,text_contacts_log_change,text_contacts_residual,text_contacts_rz,weekday_count_est_ratio,weekday_days,weekday_distance_down,weekday_distance_est_ratio,weekday_move_count,weekday_move_count_baseline_n,weekday_move_count_common_change,weekday_move_count_log_change,weekday_move_count_residual,weekday_move_count_rz,weekday_move_distance,weekday_move_distance_common_change,weekday_move_distance_log_change,weekday_move_distance_residual,weekday_outing_low_rate,weekend_count_est_ratio,weekend_days,weekend_distance_down,weekend_distance_est_ratio,weekend_move_count,weekend_move_count_baseline_n,weekend_move_count_common_change,weekend_move_count_log_change,weekend_move_count_residual,weekend_move_count_rz,weekend_move_distance,weekend_move_distance_common_change,weekend_move_distance_log_change,weekend_move_distance_residual,weekend_outing_low_rate,행정동,행정동코드
1123051,False,13.617711308907747,46,0.005141296170448673,0.004999887621880639,-0.00014140854856803386,-0.042888588922622324,2,중간활동·다인가구 중심형,False,0.11098117371897287,0.0028416770102284855,True,False,2025-12-01T00:00:00,31,신사동,False,True,True,False,10.0,41.2,,6.0,5.21179741944387,46,-0.037726356350945234,-0.04181979963525162,-0.004093443284306386,-0.7945291915569342,0.9101897467743049,23,True,0.8970572000275995,20.40755585086625,46,-0.05222056495620375,-0.048613386727514474,0.0036071782286892784,0.5114570424200722,754.6258660185139,-0.008127647919214276,-0.02590904617245382,-0.017781398253239544,0.0933325646896052,0.8749851652521907,8,True,0.86318291589043,10.52990636503285,46,0.05344673874839834,0.05912732207943483,0.005680583331036493,0.560506180212193,520.8654190730537,0.0726750879068283,0.0713456035343647,-0.0013294843724636074,0.10134979328974025,신사동,1123051
1123052,False,13.801292270531402,46,0.005141296170448673,0.005481537719261187,0.00034024154881251434,0.33720761355453954,0,고활동·청년유동·1인가구 중심형,False,0.11509050858467243,-0.002435171727985158,False,False,2025-12-01T00:00:00,31,논현1동,False,False,False,False,10.0,41.2,,6.0,5.309378881987578,46,-0.037726356350945234,-0.032488364342966536,0.005237992007978698,1.1077255800596684,0.9066925465838509,23,False,0.8884700655624569,18.572217712394796,46,-0.05222056495620375,-0.04016867811292002,0.012051886843283732,1.138690368764087,704.8493274198973,-0.008127647919214276,-1.3558298611826558e-05,0.00811408962060245,0.11187139451491242,0.86976966873706,8,False,0.8601863354037266,9.781309349884998,46,0.05344673874839834,0.057236478922567446,0.0037897401741691095,0.3692805477347151,555.6593467288052,0.0726750879068283,0.07464312296761388,0.001968035060785578,0.07937866900569807,논현1동,1123052
1123053,False,14.480626016995119,46,0.005141296170448673,0.0029962304259032457,-0.002145065744545427,-0.40506633725062513,0,고활동·청년유동·1인가구 중심형,False,0.11936570170070497,0.0036652757047734297,True,False,2025-12-01T00:00:00,31,논현2동,False,False,True,False,10.0,41.2,,6.0,5.40018667510396,46,-0.037726356350945234,-0.039777048964775075,-0.002050692613829841,-0.40515716095000887,0.9051229434098718,23,True,0.8930866931838728,19.322402773741143,46,-0.05222056495620375,-0.05370493852187508,-0.0014843735656713264,-0.2182972939971782,732.1341505568447,-0.008127647919214276,-0.01933645138521456,-0.011208803466000283,0.09363903842231004,0.8719024588681975,8,False,0.8676722111733864,10.255636696169045,46,0.05344673874839834,0.052046301636893055,-0.0014004371115052816,-0.2209013853088534,559.9072708916993,0.0726750879068283,0.07457214767365361,0.0018970597668253042,0.07421006593300213,논현2동,1123053
1123058,True,14.208636947845498,46,0.005141296170448673,0.0006545360993186478,-0.004486760071130025,-0.7400206176078369,0,고활동·청년유동·1인가구 중심형,False,0.11427891129466587,-0.00021517275266175195,False,False,2025-12-01T00:00:00,31,삼성1동,False,False,False,True,10.0,41.2,New,6.0,5.193411350876006,46,-0.037726356350945234,-0.03769024231885987,3.61140320853659e-05,-0.029087716654802098,0.9132429141581546,23,False,0.9048028140431578,21.16782652752089,46,-0.05222056495620375,-0.0628154683761224,-0.010594903419918644,-2.6658409083802486,867.924059294093,-0.008127647919214276,-0.0024162610272586704,0.0057113868919556054,0.08769622377305221,0.8790752891835215,8,False,0.8737779882297233,10.767373749266087,46,0.05344673874839834,0.03524216249127532,-0.018204576257123017,-2.423610398327274,567.3300566150502,0.0726750879068283,0.07547742493451004,0.002802337027681734,0.09872273843066334,삼성1동,1123058
1123059,False,13.956651443117584,46,0.005141296170448673,-0.0012339282366120585,-0.006375224407060731,-1.2343260127701607,0,고활동·청년유동·1인가구 중심형,False,0.1043674355357731,-0.0026802517771248313,False,False,2025-12-01T00:00:00,31,삼성2동,False,True,True,False,10.0,41.2,,6.0,5.228196009433609,46,-0.037726356350945234,-0.05386908460265616,-0.016142728251710925,-3.760906932708671,0.9209811702167483,23,True,0.9094523265825628,20.005195240907614,46,-0.05222056495620375,-0.050736191390532426,0.0014843735656713264,0.7641759672226934,808.0021697936132,-0.008127647919214276,-0.008802794177473316,-0.0006751462582590406,0.09143024856628856,0.8914348818927115,8,True,0.8874742634672258,10.089266615993852,46,0.05344673874839834,0.058682533364985634,0.005235794616587297,1.2443015111878022,576.3585371850627,0.0726750879068283,0.06809843788474623,-0.004576650022082074,0.06603096309935051,삼성2동,1123059
1123060,False,14.235008853736279,46,0.005141296170448673,0.009269201436457042,0.004127905266008369,0.9446690231740709,2,중간활동·다인가구 중심형,False,0.08502796136248093,-0.0016874314461281653,False,False,2025-12-01T00:00:00,31,대치1동,False,True,True,False,10.0,41.2,,6.0,5.615469838271751,46,-0.037726356350945234,-0.047571814551346625,-0.009845458200401391,-2.691319237482702,0.9356516349899657,23,True,0.926745956793767,22.505512884648507,46,-0.05222056495620375,-0.04429179103384806,0.007928773922355692,0.7261817146139954,926.2486964084293,-0.008127647919214276,-0.011880689343339412,-0.0037530414241251364,0.049549713123683635,0.9108174949828828,8,True,0.9045638059261008,10.623512141413396,46,0.05344673874839834,0.0669383021035066,0.01349156335510826,2.025623925757423,557.0215994785033,0.0726750879068283,0.07013562199507195,-0.0025394659117563556,0.09367056431113371,대치1동,1123060
1123063,False,13.906065720765861,46,0.005141296170448673,0.0028026919943284767,-0.002338604176120196,-0.4380752152230878,0,고활동·청년유동·1인가구 중심형,False,0.11560199169341136,0.0007471653282428575,True,False,2025-12-01T00:00:00,31,대치4동,False,True,True,False,10.0,41.2,,6.0,5.51055804631046,46,-0.037726356350945234,-0.028653933587305058,0.009072422763640176,2.3348406244514117,0.9098333245424336,23,True,0.8875731842396751,18.311996697881042,46,-0.05222056495620375,-0.059051336218402195,-0.006830771262198443,-0.7187150123637294,776.2938362145297,-0.008127647919214276,-0.010542362645590941,-0.0024147147263766655,0.12938141086149393,0.8736378500975791,8,True,0.8677330027955062,9.303519805835792,46,0.05344673874839834,0.048514389315502005,-0.004932349432896332,-0.31707323860235964,562.6384920690399,0.0726750879068283,0.06589900686957328,-0.006776081037255022,0.07606703479957207,대치4동,1123063
1123064,False,14.260293654684796,46,0.005141296170448673,0.009425868407686888,0.0042845722372382156,0.7565999822998856,0,고활동·청년유동·1인가구 중심형,False,0.11735641092655846,0.0014300727758131404,True,False,2025-12-01T00:00:00,31,역삼1동,False,True,True,False,10.0,41.2,,6.0,5.465287590638144,46,-0.037726356350945234,-0.03173169521060015,0.005994661140345081,0.8772912273409799,0.8987420328748741,23,True,0.8816135524991613,18.401858453958564,46,-0.05222056495620375,-0.049326452474694804,0.002894112481508948,0.26126483414463114,745.2532032212923,-0.008127647919214276,-0.0263374930664666,-0.018209845147252324,0.12156179309474674,0.8679090651046371,8,True,0.8582636183005187,9.978674341620167,46,0.05344673874839834,0.04758901752230216,-0.00585772122609618,-0.6824457994304148,607.4030552349362,0.0726750879068283,0.06361982603524385,-0.009055261871584452,0.08497789724132339,역삼1동,1123064
1123065,False,13.831822072961938,46,0.005141296170448673,0.010214425305938857,0.005073129135490184,1.166011566380772,0,고활동·청년유동·1인가구 중심형,False,0.10189973115436636,-0.0005213392116360932,False,False,2025-12-01T00:00:00,31,역삼2동,False,True,True,False,10.0,41.2,,6.0,5.379299025418148,46,-0.037726356350945234,-0.032466379567725356,0.005259976783219877,1.0893671784797023,0.9228845647306729,23,True,0.9107292901356512,20.083211522715963,46,-0.05222056495620375,-0.048840266288420864,0.0033802986677828883,0.6395885722715833,811.80558487195,-0.008127647919214276,-0.01261391929115696,-0.004486271371942685,0.10201662056028987,0.8956074674041881,8,True,0.8887662979059661,10.001422353784127,46,0.05344673874839834,0.05400603190507658,0.0005592931566782422,-0.11169316234832855,571.965958702819,0.0726750879068283,0.06951011318844724,-0.003164974718381064,0.0672058422438313,역삼2동,1123065
1123066,False,13.28349203821656,46,0.005141296170448673,0.006649409280496066,0.0015081131100473932,0.23554606414974344,2,중간활동·다인가구 중심형,False,0.0895957289736532,-0.00152665530028466,False,False,2025-12-01T00:00:00,31,도곡1동,False,False,True,False,10.0,41.2,,6.0,5.115105626326963,46,-0.037726356350945234,-0.040532839661174824,-0.0028064833102295905,-0.4472477309133862,0.9417738853503185,23,True,0.9297330148619957,21.142957912463604,46,-0.05222056495620375,-0.06508119889437403,-0.012860633938170274,-2.598324602552572,882.3582159684452,-0.008127647919214276,-0.01660223617327361,-0.008474588254059334,0.061884903271226796,0.9119432059447984,8,False,0.9048949044585988,10.300545416130948,46,0.05344673874839834,0.04622294141785099,-0.0072237973305473435,-1.2160972205309584,569.1564573662234,0.0726750879068283,0.0799268705687819,0.0072517826619535874,0.0792310588097252,도곡1동,1123066
1123067,False,13.654773472212106,46,0.005141296170448673,0.0015294603272195673,-0.0036118358432291053,-1.0023291555638554,2,중간활동·다인가구 중심형,False,0.08225671786083097,0.0006605981244786618,True,False,2025-12-01T00:00:00,31,도곡2동,False,False,True,False,10.0,41.2,,6.0,5.352923738072693,46,-0.037726356350945234,-0.0433146677223788,-0.005588311371433563,-1.366796375160751,0.9347133804355744,23,False,0.9244697355961833,21.810240499256583,46,-0.05222056495620375,-0.05670449203443528,-0.004483927078231531,-0.4614491130388389,892.233915897714,-0.008127647919214276,-0.006308962215759273,0.001818685703455003,0.08385516226133193,0.9059465365285163,8,True,0.8952847986015005,10.447087364746329,46,0.05344673874839834,0.047397789943465884,-0.0060489488049324525,-1.0010824897137995,553.3126956729378,0.0726750879068283,0.06909077764733595,-0.0035843102594923515,0.07231999648452091,도곡2동,1123067
1123068,False,14.044836792157682,46,0.005141296170448673,0.0052827047190167065,0.00014140854856803386,-0.22257241952153356,2,중간활동·다인가구 중심형,False,0.08642337990164077,0.0023484257049676133,True,False,2025-12-01T00:00:00,31,개포1동,False,True,True,False,10.0,41.2,,6.0,5.53465220565231,46,-0.037726356350945234,-0.037409260717662374,0.00031709563328286006,-0.2903603996473068,0.947752633225571,23,True,0.9422254666805715,23.38465008802817,46,-0.05222056495620375,-0.055171001766228134,-0.0029504368100243816,-0.2097635719425855,937.8942645268401,-0.008127647919214276,-0.012967997458130931,-0.004840349538916655,0.03215897056476767,0.9257482532067994,8,True,0.9228282406924601,11.399749915511995,46,0.05344673874839834,0.05849223920189317,0.005045500453494833,0.5432993817666391,589.4982947225675,0.0726750879068283,0.07139176314661722,-0.0012833247602110909,0.057430619024821924,개포1동,1123068
1123071,False,13.684152270937254,46,0.005141296170448673,0.0009904644788529815,-0.004150831691595691,-0.5839162792193994,2,중간활동·다인가구 중심형,False,0.08993386691384873,-0.0030600053193500093,False,False,2025-12-01T00:00:00,31,개포4동,False,False,False,False,10.0,41.2,,6.0,4.996122341822001,46,-0.037726356350945234,-0.039389938899492494,-0.00166358254854726,-0.1409466501848263,0.9415232344447361,23,False,0.9313998424783408,22.107450844361068,46,-0.05222056495620375,-0.047957558699008196,0.004263006257195556,0.4870620497879566,840.7436283712668,-0.008127647919214276,-0.005103377180645019,0.003024270738569257,0.04758017076953243,0.923285901811499,8,False,0.9165550013126805,10.912723968066388,46,0.05344673874839834,0.056728776335708275,0.0032820375873099383,0.2326233882528891,591.1426070833803,0.0726750879068283,0.08337612796173666,0.01070104005490835,0.06832920372912174,개포4동,1123071
1123072,False,12.674882546221372,46,0.005141296170448673,0.00559300369105431,0.00045170752060563757,0.12954602453562614,2,중간활동·다인가구 중심형,False,0.06897206675614759,0.0028665872519545443,True,False,2025-12-01T00:00:00,31,일원본동,False,False,False,False,10.0,41.2,,6.0,4.844086606836349,46,-0.037726356350945234,-0.030361782952910366,0.007364573398034868,1.5932938663947942,0.9440483546662741,23,False,0.9406375361679172,22.130860686885104,46,-0.05222056495620375,-0.06305514427203596,-0.010834579315832205,-1.1293570919305018,899.7155157466891,-0.008127647919214276,-0.002172453415653308,0.005955194503560968,0.09038417707093475,0.9235868765631897,8,False,0.9170923446618606,10.792424772445608,46,0.05344673874839834,0.04576011519574941,-0.00768662355264893,-0.730732849321153,596.0922587341574,0.0726750879068283,0.07611708650510263,0.0034419985982743206,0.08693367437384455,일원본동,1123072
1123073,False,12.561635472062987,46,0.005141296170448673,0.007478600923796375,0.002337304753347702,0.35844803850452384,1,고령·2인가구·구조적 복지배경 특화형,False,0.09279531644582541,-0.0011487528125595503,False,False,2025-12-01T00:00:00,31,일원1동,False,False,True,False,10.0,41.2,,6.0,4.560556668278196,46,-0.037726356350945234,-0.0268752905132299,0.010851065837715335,2.4708244944346505,0.9205960356378202,23,False,0.9070156778783065,20.294739262572477,46,-0.05222056495620375,-0.06000673984755345,-0.007786174891349695,-0.5833196179812621,772.949591690348,-0.008127647919214276,0.0008550288802799955,0.008982676799494271,0.10812423895243864,0.8857662822018095,8,True,0.8875633676358865,10.29155737890263,46,0.05344673874839834,0.04196403127143311,-0.011482707476965226,-1.2521819957799984,560.277513319944,0.0726750879068283,0.07027839872288233,-0.002396689183945977,0.09587249791555444,일원1동,1123073
1123074,False,12.228464328004737,46,0.005141296170448673,-0.007823382985134408,-0.012964679155583081,-2.3531671175962634,1,고령·2인가구·구조적 복지배경 특화형,False,0.0,0.0,False,False,2025-12-01T00:00:00,31,개포3동,True,False,False,False,10.0,41.2,,6.0,4.611079040852576,46,-0.037726356350945234,-0.039161437812072375,-0.0014350814611271412,-0.1305688469305671,0.9353626406157489,23,False,0.9208821788040261,21.081147538259717,46,-0.05222056495620375,-0.06030195576727282,-0.008081390811069067,-1.1526584542183833,826.6574867314529,-0.008127647919214276,0.0012586639949034861,0.009386311914117762,0.0,0.9017710183540557,8,False,0.8939461219656601,10.239298219985177,46,0.05344673874839834,0.04989583322614388,-0.003550905522254455,-0.47437184174432645,573.3353582415763,0.0726750879068283,0.07947672503452985,0.006801637127701543,0.0,일원2동,1123074
1123075,False,11.44284564297183,46,0.005141296170448673,-0.004436450933811287,-0.00957774710425996,-1.3445887810850095,1,고령·2인가구·구조적 복지배경 특화형,False,0.12467918857238597,0.004052930441955149,True,False,2025-12-01T00:00:00,31,수서동,False,False,False,False,10.0,41.2,,6.0,4.1703182382134,46,-0.037726356350945234,-0.04013694280792701,-0.002410586456981778,-0.4760506724451118,0.9457188731572033,23,False,0.9395847321558896,21.67111807622023,46,-0.05222056495620375,-0.059162216515280086,-0.006941651559076334,-0.8191774334225969,795.5200808283862,-0.008127647919214276,0.00747126672481091,0.015598914644025186,0.047829144274388655,0.9099109619033716,8,False,0.8922281418770982,10.672517549488273,46,0.05344673874839834,0.038072808898628185,-0.015373929849770152,-1.4577626709404379,526.117326538141,0.0726750879068283,0.08099970175925808,0.008324613852429774,0.1673093472582205,수서동,1123075
1123076,False,13.235242335437333,46,0.005141296170448673,0.0017227248554991803,-0.0034185713149494923,-1.1664649349387415,2,중간활동·다인가구 중심형,False,0.09588787459784134,0.0008559175198837449,True,False,2025-12-01T00:00:00,31,세곡동,False,False,True,False,10.0,41.2,,6.0,4.885217820108205,46,-0.037726356350945234,-0.035473646884394805,0.002252709466550429,0.7242281298047589,0.9354046438232642,23,True,0.9382038999098286,23.23209904975473,46,-0.05222056495620375,-0.04974808422745003,0.002472480728753723,0.7655065056690704,946.6210222802357,-0.008127647919214276,-0.015165791593251932,-0.007038143674037656,0.09620722339807508,0.909537026600541,8,False,0.9129666366095581,11.132822293444534,46,0.05344673874839834,0.054123937458692595,0.0006771987102942578,0.09982586687663617,635.4442298273792,0.0726750879068283,0.0739584126670394,0.0012833247602110909,0.07944141138580392,세곡동,1123076
1123077,False,14.000539232336955,46,0.005141296170448673,0.0019646419350074495,-0.003176654235441223,-0.6204887041088394,2,중간활동·다인가구 중심형,False,0.09238350179355315,-0.00032797085813464355,False,False,2025-12-01T00:00:00,31,압구정동,False,False,True,False,10.0,41.2,,6.0,5.3403880774456525,46,-0.037726356350945234,-0.04161750019564292,-0.0038911438446976865,-0.8183073984482747,0.9099278192934782,23,True,0.9015900985054348,21.582116271017824,46,-0.05222056495620375,-0.04261817474887275,0.009602390207331002,2.086006031998068,816.091652773232,-0.008127647919214276,-0.008468384453085953,-0.00034073653387167724,0.05874662286563039,0.8766041100543478,8,False,0.8653158967391303,10.650703054086598,46,0.05344673874839834,0.061270781619644055,0.007824042871245718,1.343333501321324,530.519937458047,0.0726750879068283,0.07428785192969745,0.0016127640228691398,0.11002527937641447,압구정동,1123077
1123078,False,14.865699904671114,46,0.005141296170448673,0.00864125214704492,0.0034999559765962474,0.7490554019574799,2,중간활동·다인가구 중심형,False,0.11043429445250244,0.0024896661817540716,True,False,2025-12-01T00:00:00,31,청담동,False,False,True,False,10.0,41.2,,6.0,5.402535748331744,46,-0.037726356350945234,-0.0377624703830306,-3.61140320853659e-05,-0.01513238797384403,0.9175733079122974,23,False,0.9100141086749285,21.873684186248305,46,-0.05222056495620375,-0.04690420056921685,0.005316364386986905,0.7050143341921714,853.0548953158416,-0.008127647919214276,-0.004234728700710733,0.0038929192185035433,0.06986255089884244,0.8907897044804576,8,True,0.8836061010486177,11.075806336725888,46,0.05344673874839834,0.057882299415512595,0.004435560667114258,0.8539879385672721,570.684282757588,0.0726750879068283,0.06964767713061004,-0.0030274107762182645,0.08861415438701663,청담동,1123078
1123079,False,13.846689170270354,46,0.005141296170448673,0.010079336584838838,0.004938040414390166,1.0173809586533789,2,중간활동·다인가구 중심형,False,0.09318343250387173,0.0023652527756021086,True,False,2025-12-01T00:00:00,31,대치2동,False,False,True,False,10.0,41.2,,6.0,5.26531033195408,46,-0.037726356350945234,-0.03496661804391543,0.002759738307029802,0.5145756149092156,0.9386603615095044,23,False,0.9282416078150764,21.9051366627159,46,-0.05222056495620375,-0.047497703010827674,0.004722861945376078,0.36509311065173317,903.5471488148564,-0.008127647919214276,-0.007786911385342599,0.00034073653387167724,0.06464909931415132,0.9122281678748094,8,True,0.9041589148492674,10.383641317452064,46,0.05344673874839834,0.059697982729700616,0.006251243981302279,0.8252450289661551,564.1835040936083,0.0726750879068283,0.06832943056974017,-0.004345657337088138,0.08033978038868642,대치2동,1123079
1123080,False,13.055849305257127,46,0.005141296170448673,0.00917992199479123,0.004038625824342557,1.2010933047500032,2,중간활동·다인가구 중심형,False,0.08066141458499004,0.0013461358654032751,True,False,2025-12-01T00:00:00,31,개포2동,False,False,False,False,10.0,41.2,,6.0,5.081815499212148,46,-0.037726356350945234,-0.03584197731213523,0.0018843790388100023,0.7552063320948477,0.9485139664804468,23,False,0.9418232344936257,22.77135594003603,46,-0.05222056495620375,-0.06246461702027606,-0.010244052064072307,-1.6128332480058398,924.3258562544526,-0.008127647919214276,0.0074731525803066745,0.01560080049952095,0.04396230606522068,0.9275292937974502,8,False,0.9221492622833406,10.951342830870713,46,0.05344673874839834,0.052887445591720095,-0.0005592931566782422,-0.100339592015397,609.3746749029594,0.0726750879068283,0.08351574816326313,0.01084066025643482,0.08189126452398048,개포2동,1123080
