source,industry,industry_name,domain,included_core,mapping_version,source_taxonomies_identical
market,CS100001,한식음식점,A_외식카페,True,analysis3_v1,False
market,CS100002,중식음식점,A_외식카페,True,analysis3_v1,False
market,CS100003,일식음식점,A_외식카페,True,analysis3_v1,False
market,CS100004,양식음식점,A_외식카페,True,analysis3_v1,False
market,CS100005,제과점,A_외식카페,True,analysis3_v1,False
market,CS100006,패스트푸드점,A_외식카페,True,analysis3_v1,False
market,CS100007,치킨전문점,A_외식카페,True,analysis3_v1,False
market,CS100008,분식전문점,A_외식카페,True,analysis3_v1,False
market,CS100009,호프-간이주점,A_외식카페,True,analysis3_v1,False
market,CS100010,커피-음료,A_외식카페,True,analysis3_v1,False
market,CS200001,일반교습학원,,False,analysis3_v1,False
market,CS200002,외국어학원,,False,analysis3_v1,False
market,CS200003,예술학원,,False,analysis3_v1,False
market,CS200005,스포츠 강습,B_여가운동,True,analysis3_v1,False
market,CS200006,일반의원,E_의료건강,True,analysis3_v1,False
market,CS200007,치과의원,E_의료건강,True,analysis3_v1,False
market,CS200008,한의원,E_의료건강,True,analysis3_v1,False
market,CS200016,당구장,B_여가운동,True,analysis3_v1,False
market,CS200017,골프연습장,B_여가운동,True,analysis3_v1,False
market,CS200019,PC방,B_여가운동,True,analysis3_v1,False
market,CS200024,스포츠클럽,B_여가운동,True,analysis3_v1,False
market,CS200025,자동차수리,,False,analysis3_v1,False
market,CS200026,자동차미용,,False,analysis3_v1,False
market,CS200028,미용실,C_대면생활서비스,True,analysis3_v1,False
market,CS200029,네일숍,C_대면생활서비스,True,analysis3_v1,False
market,CS200030,피부관리실,C_대면생활서비스,True,analysis3_v1,False
market,CS200031,세탁소,C_대면생활서비스,True,analysis3_v1,False
market,CS200032,가전제품수리,,False,analysis3_v1,False
market,CS200033,부동산중개업,,False,analysis3_v1,False
market,CS200034,여관,,False,analysis3_v1,False
market,CS200036,고시원,,False,analysis3_v1,False
market,CS200037,노래방,B_여가운동,True,analysis3_v1,False
market,CS300001,슈퍼마켓,D_생활필수,True,analysis3_v1,False
market,CS300002,편의점,D_생활필수,True,analysis3_v1,False
market,CS300003,컴퓨터및주변장치판매,,False,analysis3_v1,False
market,CS300004,핸드폰,,False,analysis3_v1,False
market,CS300006,미곡판매,D_생활필수,True,analysis3_v1,False
market,CS300007,육류판매,D_생활필수,True,analysis3_v1,False
market,CS300008,수산물판매,D_생활필수,True,analysis3_v1,False
market,CS300009,청과상,D_생활필수,True,analysis3_v1,False
market,CS300010,반찬가게,D_생활필수,True,analysis3_v1,False
market,CS300011,일반의류,,False,analysis3_v1,False
market,CS300014,신발,,False,analysis3_v1,False
market,CS300015,가방,,False,analysis3_v1,False
market,CS300016,안경,,False,analysis3_v1,False
market,CS300017,시계및귀금속,,False,analysis3_v1,False
market,CS300018,의약품,E_의료건강,True,analysis3_v1,False
market,CS300019,의료기기,E_의료건강,True,analysis3_v1,False
market,CS300020,서적,,False,analysis3_v1,False
market,CS300021,문구,,False,analysis3_v1,False
market,CS300022,화장품,,False,analysis3_v1,False
market,CS300024,운동/경기용품,,False,analysis3_v1,False
market,CS300025,자전거 및 기타운송장비,,False,analysis3_v1,False
market,CS300026,완구,,False,analysis3_v1,False
market,CS300027,섬유제품,,False,analysis3_v1,False
market,CS300028,화초,,False,analysis3_v1,False
market,CS300029,애완동물,,False,analysis3_v1,False
market,CS300031,가구,,False,analysis3_v1,False
market,CS300032,가전제품,,False,analysis3_v1,False
market,CS300033,철물점,,False,analysis3_v1,False
market,CS300035,인테리어,,False,analysis3_v1,False
market,CS300036,조명용품,,False,analysis3_v1,False
market,CS300043,전자상거래업,,False,analysis3_v1,False
card,LPG가스,LPG가스,,False,analysis3_v1,False
card,ZZ_나머지,ZZ_나머지,,False,analysis3_v1,False
card,가구,가구,,False,analysis3_v1,False
card,가전,가전,,False,analysis3_v1,False
card,게임방/오락실,게임방/오락실,B_여가운동,True,analysis3_v1,False
card,결제대행(PG),결제대행(PG),,False,analysis3_v1,False
card,고속버스/철도/여객선,고속버스/철도/여객선,,False,analysis3_v1,False
card,기타식품,기타식품,D_생활필수,True,analysis3_v1,False
card,기타요식,기타요식,A_외식카페,True,analysis3_v1,False
card,기타유통,기타유통,,False,analysis3_v1,False
card,기타의료,기타의료,,False,analysis3_v1,False
card,노래방,노래방,B_여가운동,True,analysis3_v1,False
card,농수산물,농수산물,D_생활필수,True,analysis3_v1,False
card,독서실,독서실,,False,analysis3_v1,False
card,동물병원,동물병원,,False,analysis3_v1,False
card,면세점,면세점,,False,analysis3_v1,False
card,"모텔,여관,기타숙박","모텔,여관,기타숙박",,False,analysis3_v1,False
card,문화용품,문화용품,,False,analysis3_v1,False
card,미용서비스,미용서비스,C_대면생활서비스,True,analysis3_v1,False
card,미용실,미용실,C_대면생활서비스,True,analysis3_v1,False
card,방문판매/다단계판매,방문판매/다단계판매,,False,analysis3_v1,False
card,백화점,백화점,,False,analysis3_v1,False
card,법률/사무서비스,법률/사무서비스,,False,analysis3_v1,False
card,보건소,보건소,E_의료건강,True,analysis3_v1,False
card,보험,보험,,False,analysis3_v1,False
card,부동산중개,부동산중개,,False,analysis3_v1,False
card,사무기기/문구용품,사무기기/문구용품,,False,analysis3_v1,False
card,상품권/복권,상품권/복권,,False,analysis3_v1,False
card,생활잡화/수입상품점,생활잡화/수입상품점,,False,analysis3_v1,False
card,서점,서점,,False,analysis3_v1,False
card,세금공과금,세금공과금,,False,analysis3_v1,False
card,세탁소,세탁소,C_대면생활서비스,True,analysis3_v1,False
card,쇼핑몰,쇼핑몰,,False,analysis3_v1,False
card,수입자동차,수입자동차,,False,analysis3_v1,False
card,수제용품점,수제용품점,,False,analysis3_v1,False
card,스포츠/레저용품,스포츠/레저용품,,False,analysis3_v1,False
card,스포츠시설,스포츠시설,B_여가운동,True,analysis3_v1,False
card,시계/귀금속,시계/귀금속,,False,analysis3_v1,False
card,실내/실외골프장,실내/실외골프장,B_여가운동,True,analysis3_v1,False
card,싸우나/목욕탕,싸우나/목욕탕,C_대면생활서비스,True,analysis3_v1,False
card,악기/음반,악기/음반,,False,analysis3_v1,False
card,안마/마사지,안마/마사지,,False,analysis3_v1,False
card,애완동물,애완동물,,False,analysis3_v1,False
card,약국,약국,E_의료건강,True,analysis3_v1,False
card,양식,양식,A_외식카페,True,analysis3_v1,False
card,여행사/항공사,여행사/항공사,,False,analysis3_v1,False
card,연구/번역서비스,연구/번역서비스,,False,analysis3_v1,False
card,영화/공연,영화/공연,B_여가운동,True,analysis3_v1,False
card,예식장/결혼서비스,예식장/결혼서비스,,False,analysis3_v1,False
card,오토바이,오토바이,,False,analysis3_v1,False
card,완구/아동용자전거,완구/아동용자전거,,False,analysis3_v1,False
card,유치원,유치원,,False,analysis3_v1,False
card,유흥업소,유흥업소,,False,analysis3_v1,False
card,의복/의류,의복/의류,,False,analysis3_v1,False
card,인테리어/건축자재/주방기구,인테리어/건축자재/주방기구,,False,analysis3_v1,False
card,일반병원,일반병원,E_의료건강,True,analysis3_v1,False
card,일식,일식,A_외식카페,True,analysis3_v1,False
card,자동차서비스,자동차서비스,,False,analysis3_v1,False
card,자동차용품,자동차용품,,False,analysis3_v1,False
card,장례식장/묘지/장의사,장례식장/묘지/장의사,,False,analysis3_v1,False
card,전용매장,전용매장,,False,analysis3_v1,False
card,정육점,정육점,D_생활필수,True,analysis3_v1,False
card,제과점,제과점,A_외식카페,True,analysis3_v1,False
card,종합병원,종합병원,E_의료건강,True,analysis3_v1,False
card,주류판매,주류판매,,False,analysis3_v1,False
card,주유소,주유소,,False,analysis3_v1,False
card,주차장,주차장,,False,analysis3_v1,False
card,중고차판매,중고차판매,,False,analysis3_v1,False
card,중고품판매점,중고품판매점,,False,analysis3_v1,False
card,중식,중식,A_외식카페,True,analysis3_v1,False
card,체인점,체인점,,False,analysis3_v1,False
card,치과병원,치과병원,E_의료건강,True,analysis3_v1,False
card,커피전문점,커피전문점,A_외식카페,True,analysis3_v1,False
card,컴퓨터/소프트웨어,컴퓨터/소프트웨어,,False,analysis3_v1,False
card,택시,택시,,False,analysis3_v1,False
card,"통신요금(이동,시내전화)","통신요금(이동,시내전화)",,False,analysis3_v1,False
card,패션잡화,패션잡화,,False,analysis3_v1,False
card,패스트푸드,패스트푸드,A_외식카페,True,analysis3_v1,False
card,편의점,편의점,D_생활필수,True,analysis3_v1,False
card,학원/학습지,학원/학습지,,False,analysis3_v1,False
card,한식,한식,A_외식카페,True,analysis3_v1,False
card,한의원,한의원,E_의료건강,True,analysis3_v1,False
card,할인점/슈퍼마켓/양판점,할인점/슈퍼마켓/양판점,D_생활필수,True,analysis3_v1,False
card,헬스장,헬스장,B_여가운동,True,analysis3_v1,False
card,호텔/콘도,호텔/콘도,,False,analysis3_v1,False
card,화원,화원,,False,analysis3_v1,False
card,화장품,화장품,,False,analysis3_v1,False
card,회계/변리서비스,회계/변리서비스,,False,analysis3_v1,False
