date,행정동코드,행정동,age_band,communication_signal,mobility_signal,legacy_dong_signal,call_contacts_change_pct,text_contacts_change_pct
2025-10-01,1123051,신사동,30s,True,False,False,-5.514193230556829,-5.3111643796351915
2025-10-01,1123059,삼성2동,30s,True,False,False,-4.255530843306953,-4.688540582873324
2025-10-01,1123064,역삼1동,40s,True,False,False,-4.653118834386083,-5.034721530025809
2025-10-01,1123065,역삼2동,40s,True,False,False,-4.2219266832736135,-4.352816146388339
2025-10-01,1123067,도곡2동,40s,True,False,False,-3.960480798590893,-4.46650160390496
2025-10-01,1123072,일원본동,40s,True,False,False,-3.962679277903014,-5.219185005787219
2025-10-01,1123074,일원2동,40s,True,False,False,-4.868250570523392,-3.547754951572102
2025-10-01,1123077,압구정동,40s,True,False,False,-4.377589414947758,-3.9854543183396984
2025-10-01,1123059,삼성2동,50s,True,False,False,-4.29844936757574,-4.164425306403063
2025-11-01,1123065,역삼2동,30s,True,False,False,-2.2499455885122255,-3.9962898224697674
