date,age_band,rows,assessed,partially_assessed,deferred,communication_signals,mobility_signals,joint_candidates,joint_with_support
2025-07-01,20s,22,22,0,0,0,0,0,0
2025-07-01,30s,22,22,0,0,0,0,0,0
2025-07-01,40s,22,22,0,0,0,0,0,0
2025-07-01,50s,22,22,0,0,0,0,0,0
2025-07-01,60plus,22,22,0,0,0,0,0,0
2025-08-01,20s,22,22,0,0,0,0,0,0
2025-08-01,30s,22,22,0,0,0,0,0,0
2025-08-01,40s,22,21,1,0,0,0,0,0
2025-08-01,50s,22,21,1,0,0,0,0,0
2025-08-01,60plus,22,22,0,0,0,0,0,0
2025-09-01,20s,22,22,0,0,0,0,0,0
2025-09-01,30s,22,22,0,0,0,0,0,0
2025-09-01,40s,22,21,1,0,0,0,0,0
2025-09-01,50s,22,21,1,0,0,0,0,0
2025-09-01,60plus,22,22,0,0,0,0,0,0
2025-10-01,20s,22,22,0,0,0,0,0,0
2025-10-01,30s,22,22,0,0,2,0,0,0
2025-10-01,40s,22,22,0,0,6,0,0,0
2025-10-01,50s,22,22,0,0,1,0,0,0
2025-10-01,60plus,22,22,0,0,0,0,0,0
2025-11-01,20s,22,22,0,0,0,0,0,0
2025-11-01,30s,22,22,0,0,1,0,0,0
2025-11-01,40s,22,22,0,0,0,0,0,0
2025-11-01,50s,22,22,0,0,0,0,0,0
2025-11-01,60plus,22,22,0,0,0,0,0,0
2025-12-01,20s,22,22,0,0,0,0,0,0
2025-12-01,30s,22,22,0,0,0,0,0,0
2025-12-01,40s,22,22,0,0,0,0,0,0
2025-12-01,50s,22,22,0,0,0,0,0,0
2025-12-01,60plus,22,22,0,0,0,0,0,0
