scope,age_band,metric,n_scores,lower_quantile,threshold,calibration_status,interpretation
absolute,20s,call_contacts,638,-3.0737325486133322,-3.0737325486133322,baseline_calibrated_exploratory,historical lower-tail calibration; not false-positive rate or isolation probability
absolute,20s,text_contacts,638,-3.1822780173992458,-3.1822780173992458,baseline_calibrated_exploratory,historical lower-tail calibration; not false-positive rate or isolation probability
absolute,20s,weekday_move_count,638,-5.009862965905174,-5.009862965905174,baseline_calibrated_exploratory,historical lower-tail calibration; not false-positive rate or isolation probability
absolute,20s,weekend_move_count,638,-4.504351910213059,-4.504351910213059,baseline_calibrated_exploratory,historical lower-tail calibration; not false-positive rate or isolation probability
absolute,30s,call_contacts,638,-2.0675619852026856,-2.0675619852026856,baseline_calibrated_exploratory,historical lower-tail calibration; not false-positive rate or isolation probability
absolute,30s,text_contacts,638,-2.149062541579695,-2.149062541579695,baseline_calibrated_exploratory,historical lower-tail calibration; not false-positive rate or isolation probability
absolute,30s,weekday_move_count,638,-5.133170231307577,-5.133170231307577,baseline_calibrated_exploratory,historical lower-tail calibration; not false-positive rate or isolation probability
absolute,30s,weekend_move_count,638,-4.282066499516687,-4.282066499516687,baseline_calibrated_exploratory,historical lower-tail calibration; not false-positive rate or isolation probability
absolute,40s,call_contacts,638,-1.569535536393298,-2.0,baseline_calibrated_exploratory,historical lower-tail calibration; not false-positive rate or isolation probability
absolute,40s,text_contacts,638,-1.9314505784483469,-2.0,baseline_calibrated_exploratory,historical lower-tail calibration; not false-positive rate or isolation probability
absolute,40s,weekday_move_count,638,-5.193220199425646,-5.193220199425646,baseline_calibrated_exploratory,historical lower-tail calibration; not false-positive rate or isolation probability
absolute,40s,weekend_move_count,601,-4.129207621775707,-4.129207621775707,baseline_calibrated_exploratory,historical lower-tail calibration; not false-positive rate or isolation probability
absolute,50s,call_contacts,638,-1.6682363913027167,-2.0,baseline_calibrated_exploratory,historical lower-tail calibration; not false-positive rate or isolation probability
absolute,50s,text_contacts,638,-1.456027197806674,-2.0,baseline_calibrated_exploratory,historical lower-tail calibration; not false-positive rate or isolation probability
absolute,50s,weekday_move_count,638,-4.8842885980101265,-4.8842885980101265,baseline_calibrated_exploratory,historical lower-tail calibration; not false-positive rate or isolation probability
absolute,50s,weekend_move_count,619,-4.221913563798374,-4.221913563798374,baseline_calibrated_exploratory,historical lower-tail calibration; not false-positive rate or isolation probability
absolute,60plus,call_contacts,638,-1.6531754161761192,-2.0,baseline_calibrated_exploratory,historical lower-tail calibration; not false-positive rate or isolation probability
absolute,60plus,text_contacts,638,-1.1429226881825536,-2.0,baseline_calibrated_exploratory,historical lower-tail calibration; not false-positive rate or isolation probability
absolute,60plus,weekday_move_count,638,-4.992828130782299,-4.992828130782299,baseline_calibrated_exploratory,historical lower-tail calibration; not false-positive rate or isolation probability
absolute,60plus,weekend_move_count,422,-4.439172869938793,-4.439172869938793,baseline_calibrated_exploratory,historical lower-tail calibration; not false-positive rate or isolation probability
local,20s,call_contacts,638,-2.461845618732929,-2.461845618732929,baseline_calibrated_exploratory,historical lower-tail calibration; not false-positive rate or isolation probability
local,20s,text_contacts,638,-2.7241933924426744,-2.7241933924426744,baseline_calibrated_exploratory,historical lower-tail calibration; not false-positive rate or isolation probability
local,20s,weekday_move_count,638,-2.941928256260177,-2.941928256260177,baseline_calibrated_exploratory,historical lower-tail calibration; not false-positive rate or isolation probability
local,20s,weekend_move_count,638,-3.3321118457324683,-3.3321118457324683,baseline_calibrated_exploratory,historical lower-tail calibration; not false-positive rate or isolation probability
local,30s,call_contacts,638,-3.181159085769172,-3.181159085769172,baseline_calibrated_exploratory,historical lower-tail calibration; not false-positive rate or isolation probability
local,30s,text_contacts,638,-2.2905520443069616,-2.2905520443069616,baseline_calibrated_exploratory,historical lower-tail calibration; not false-positive rate or isolation probability
local,30s,weekday_move_count,638,-2.667550539939692,-2.667550539939692,baseline_calibrated_exploratory,historical lower-tail calibration; not false-positive rate or isolation probability
local,30s,weekend_move_count,638,-2.4780945154001337,-2.4780945154001337,baseline_calibrated_exploratory,historical lower-tail calibration; not false-positive rate or isolation probability
local,40s,call_contacts,638,-2.3405572312416902,-2.3405572312416902,baseline_calibrated_exploratory,historical lower-tail calibration; not false-positive rate or isolation probability
local,40s,text_contacts,638,-2.7721257124879894,-2.7721257124879894,baseline_calibrated_exploratory,historical lower-tail calibration; not false-positive rate or isolation probability
local,40s,weekday_move_count,638,-3.088093496474347,-3.088093496474347,baseline_calibrated_exploratory,historical lower-tail calibration; not false-positive rate or isolation probability
local,40s,weekend_move_count,601,-2.8138693048692796,-2.8138693048692796,baseline_calibrated_exploratory,historical lower-tail calibration; not false-positive rate or isolation probability
local,50s,call_contacts,638,-2.5877940143457607,-2.5877940143457607,baseline_calibrated_exploratory,historical lower-tail calibration; not false-positive rate or isolation probability
local,50s,text_contacts,638,-2.2711524155920477,-2.2711524155920477,baseline_calibrated_exploratory,historical lower-tail calibration; not false-positive rate or isolation probability
local,50s,weekday_move_count,638,-2.50919306376428,-2.50919306376428,baseline_calibrated_exploratory,historical lower-tail calibration; not false-positive rate or isolation probability
local,50s,weekend_move_count,619,-2.9446350271127275,-2.9446350271127275,baseline_calibrated_exploratory,historical lower-tail calibration; not false-positive rate or isolation probability
local,60plus,call_contacts,638,-2.698585531671309,-2.698585531671309,baseline_calibrated_exploratory,historical lower-tail calibration; not false-positive rate or isolation probability
local,60plus,text_contacts,638,-2.4976830882929333,-2.4976830882929333,baseline_calibrated_exploratory,historical lower-tail calibration; not false-positive rate or isolation probability
local,60plus,weekday_move_count,638,-2.5188736188497325,-2.5188736188497325,baseline_calibrated_exploratory,historical lower-tail calibration; not false-positive rate or isolation probability
local,60plus,weekend_move_count,400,-2.7766523308332007,-2.7766523308332007,baseline_calibrated_exploratory,historical lower-tail calibration; not false-positive rate or isolation probability
common,20s,call_contacts,29,-3.7922223628109224,-3.7922223628109224,baseline_calibrated_exploratory,historical lower-tail calibration; not false-positive rate or isolation probability
common,20s,text_contacts,29,-4.9231630758802,-4.9231630758802,baseline_calibrated_exploratory,historical lower-tail calibration; not false-positive rate or isolation probability
common,20s,weekday_move_count,29,-4.586492821390961,-4.586492821390961,baseline_calibrated_exploratory,historical lower-tail calibration; not false-positive rate or isolation probability
common,20s,weekend_move_count,29,-4.32424131014291,-4.32424131014291,baseline_calibrated_exploratory,historical lower-tail calibration; not false-positive rate or isolation probability
common,30s,call_contacts,29,-1.5585358844746198,-2.0,baseline_calibrated_exploratory,historical lower-tail calibration; not false-positive rate or isolation probability
common,30s,text_contacts,29,-2.3694381014789077,-2.3694381014789077,baseline_calibrated_exploratory,historical lower-tail calibration; not false-positive rate or isolation probability
common,30s,weekday_move_count,29,-4.890993741287628,-4.890993741287628,baseline_calibrated_exploratory,historical lower-tail calibration; not false-positive rate or isolation probability
common,30s,weekend_move_count,29,-3.975463724242705,-3.975463724242705,baseline_calibrated_exploratory,historical lower-tail calibration; not false-positive rate or isolation probability
common,40s,call_contacts,29,-1.230191163546047,-2.0,baseline_calibrated_exploratory,historical lower-tail calibration; not false-positive rate or isolation probability
common,40s,text_contacts,29,-1.4604525380221445,-2.0,baseline_calibrated_exploratory,historical lower-tail calibration; not false-positive rate or isolation probability
common,40s,weekday_move_count,29,-4.326709892103754,-4.326709892103754,baseline_calibrated_exploratory,historical lower-tail calibration; not false-positive rate or isolation probability
common,40s,weekend_move_count,29,-3.8993865626753252,-3.8993865626753252,baseline_calibrated_exploratory,historical lower-tail calibration; not false-positive rate or isolation probability
common,50s,call_contacts,29,-0.9926739579099374,-2.0,baseline_calibrated_exploratory,historical lower-tail calibration; not false-positive rate or isolation probability
common,50s,text_contacts,29,-0.979800846336299,-2.0,baseline_calibrated_exploratory,historical lower-tail calibration; not false-positive rate or isolation probability
common,50s,weekday_move_count,29,-4.4356469469886335,-4.4356469469886335,baseline_calibrated_exploratory,historical lower-tail calibration; not false-positive rate or isolation probability
common,50s,weekend_move_count,29,-3.8067770442966813,-3.8067770442966813,baseline_calibrated_exploratory,historical lower-tail calibration; not false-positive rate or isolation probability
common,60plus,call_contacts,29,-1.4216616655225296,-2.0,baseline_calibrated_exploratory,historical lower-tail calibration; not false-positive rate or isolation probability
common,60plus,text_contacts,29,-0.8579703640765368,-2.0,baseline_calibrated_exploratory,historical lower-tail calibration; not false-positive rate or isolation probability
common,60plus,weekday_move_count,29,-4.603588318252172,-4.603588318252172,baseline_calibrated_exploratory,historical lower-tail calibration; not false-positive rate or isolation probability
common,60plus,weekend_move_count,25,-4.370530871325403,-4.370530871325403,baseline_calibrated_exploratory,historical lower-tail calibration; not false-positive rate or isolation probability
