public_adm_cd,adm_cd,adm_nm,legacy_alias
11680510,1123051,신사동,
11680521,1123052,논현1동,
11680531,1123053,논현2동,
11680545,1123077,압구정동,
11680565,1123078,청담동,
11680580,1123058,삼성1동,
11680590,1123059,삼성2동,
11680600,1123060,대치1동,
11680610,1123079,대치2동,
11680630,1123063,대치4동,
11680640,1123064,역삼1동,
11680650,1123065,역삼2동,
11680655,1123066,도곡1동,
11680656,1123067,도곡2동,
11680660,1123068,개포1동,
11680670,1123080,개포2동,
11680690,1123071,개포4동,
11680700,1123076,세곡동,
11680720,1123072,일원본동,
11680730,1123073,일원1동,
11680740,1123074,개포3동,일원2동
11680750,1123075,수서동,
