date,adm_cd,adm_nm,a1_cluster,a1_cluster_type,context_period,any_signal,communication_signal,mobility_signal,combined_signal,signal_status,age,domain,a3a_period,a3a_alignment,a3b_scope,a3a_feature_adm_cd,a3a_feature_age,a3a_feature_age_basis,a3a_feature_age_capture_ratio,a3a_feature_amount,a3a_feature_count,a3a_feature_daily_count,a3a_feature_days,a3a_feature_defined_industries,a3a_feature_domain,a3a_feature_domain_total_amount,a3a_feature_domain_total_count,a3a_feature_location_basis,a3a_feature_missing_domain,a3a_feature_observed_industries,a3a_feature_observed_share,a3a_feature_period,a3a_comparison_above_prior_max,a3a_comparison_adm_cd,a3a_comparison_age,a3a_comparison_baseline_daily_max,a3a_comparison_baseline_daily_mean,a3a_comparison_baseline_daily_min,a3a_comparison_baseline_latest,a3a_comparison_baseline_method,a3a_comparison_baseline_n,a3a_comparison_baseline_periods,a3a_comparison_below_prior_min,a3a_comparison_change_pct,a3a_comparison_comparison_available,a3a_comparison_comparison_reason,a3a_comparison_current_observed_industry_count,a3a_comparison_domain,a3a_comparison_gangnam_change_percentile,a3a_comparison_gangnam_compare_n,a3a_comparison_matched_current_count,a3a_comparison_matched_current_daily_count,a3a_comparison_matched_industries,a3a_comparison_matched_industry_count,a3a_comparison_period,a3a_comparison_qoq_daily_change_pct,a3a_comparison_qoq_matched_industry_count,a3a_comparison_yoy_daily_change_pct,a3a_comparison_yoy_matched_industry_count,a3b_context_age,a3b_context_amount,a3b_context_amount_per_transaction,a3b_context_baseline_status,a3b_context_count,a3b_context_count_share_of_all_industries,a3b_context_daily_count,a3b_context_days,a3b_context_defined_industries,a3b_context_district,a3b_context_domain,a3b_context_location_basis,a3b_context_matched_control_change_pct,a3b_context_matched_industry_count,a3b_context_matched_mom_daily_change_pct,a3b_context_missing_domain,a3b_context_mom_daily_change_pct,a3b_context_observed_industries,a3b_context_observed_industry_days_min,a3b_context_period,a3b_context_relative_change_pp,a3b_context_resident_scope,a3b_context_seasonal_history_available
2025-12-01,1123058,삼성1동,0,고활동·청년유동·1인가구 중심형,2025H2,1,0,1,0,New,10대,A_외식카페,2025Q4,retrospective_same_quarter,merchant_district_context,1123058,10대,customer_age,0.8211352249305709,454695701.0,23940,260.2173913043478,92,10,A_외식카페,119064183827.0,3225951,merchant_dong,False,10,1.0,2025Q4,False,1123058,10대,416.0326086956522,344.5471014492753,263.2282608695652,2024Q4,expanding_prior_same_quarter_matched_industries,3,"[""2022Q4"", ""2023Q4"", ""2024Q4""]",True,-24.47552447552447,True,ready,10,A_외식카페,0.545454545454545,22,23940.0,260.2173913043478,"[""CS100001"", ""CS100002"", ""CS100003"", ""CS100004"", ""CS100005"", ""CS100006"", ""CS100007"", ""CS100008"", ""CS100009"", ""CS100010""]",10,2025Q4,25.13067112690779,10,-1.143824586034603,10,10대,3106087011.0,13435.910904151779,adjacent_month_descriptive_only,231178,0.19478036676454358,7457.354838709677,31,8,11680,A_외식카페,merchant_district,3.498062294083226,8,1.4711943473878497,False,1.4711943473878497,8,31,2025-12,-2.0268679466953765,all_customer_residences,False
2025-12-01,1123058,삼성1동,0,고활동·청년유동·1인가구 중심형,2025H2,1,0,1,0,New,10대,B_여가운동,2025Q4,retrospective_same_quarter,merchant_district_context,1123058,10대,customer_age,0.9416774959037234,45520214.0,4182,45.45652173913044,92,6,B_여가운동,3656801587.0,70796,merchant_dong,False,6,1.0,2025Q4,False,1123058,10대,98.05434782608695,82.23550724637681,72.31521739130434,2024Q4,expanding_prior_same_quarter_matched_industries,3,"[""2022Q4"", ""2023Q4"", ""2024Q4""]",True,-44.72397233114508,True,ready,6,B_여가운동,0.277777777777778,18,4182.0,45.45652173913044,"[""CS200005"", ""CS200016"", ""CS200017"", ""CS200019"", ""CS200024"", ""CS200037""]",6,2025Q4,5.712841253791723,6,-37.14113933563805,6,10대,484768848.0,5695.591131789503,adjacent_month_descriptive_only,85113,0.07171245255357601,2745.5806451612902,31,6,11680,B_여가운동,merchant_district,3.498062294083226,6,37.851114382752925,False,37.851114382752925,6,5,2025-12,34.3530520886697,all_customer_residences,False
2025-12-01,1123058,삼성1동,0,고활동·청년유동·1인가구 중심형,2025H2,1,0,1,0,New,10대,C_대면생활서비스,2025Q4,retrospective_same_quarter,merchant_district_context,1123058,10대,customer_age,0.9192934924191112,2751233.0,42,0.45652173913043476,92,4,C_대면생활서비스,2481640254.0,19193,merchant_dong,False,4,1.0,2025Q4,False,1123058,10대,1.33695652173913,0.778985507246377,0.33695652173913,2024Q4,expanding_prior_same_quarter_matched_industries,3,"[""2022Q4"", ""2023Q4"", ""2024Q4""]",False,-41.39534883720931,True,ready,4,C_대면생활서비스,0.142857142857143,21,42.0,0.456521739130435,"[""CS200028"", ""CS200029"", ""CS200030"", ""CS200031""]",4,2025Q4,-44.00000000000001,4,35.48387096774193,4,10대,255343561.0,67072.12004202785,adjacent_month_descriptive_only,3807,0.0032076099640649947,122.80645161290323,31,4,11680,C_대면생활서비스,merchant_district,3.498062294083226,4,9.779307162905159,False,9.779307162905159,4,14,2025-12,6.281244868821933,all_customer_residences,False
2025-12-01,1123058,삼성1동,0,고활동·청년유동·1인가구 중심형,2025H2,1,0,1,0,New,10대,D_생활필수,2025Q4,retrospective_same_quarter,merchant_district_context,1123058,10대,customer_age,0.9021265288173697,118852620.0,14981,162.83695652173913,92,7,D_생활필수,18839879069.0,2126235,merchant_dong,False,4,0.5714285714285714,2025Q4,False,1123058,10대,344.89130434782606,290.62318840579707,225.8586956521739,2024Q4,expanding_prior_same_quarter_matched_industries,3,"[""2022Q4"", ""2023Q4"", ""2024Q4""]",True,-43.96973021493042,True,ready,4,D_생활필수,0.095238095238095,21,14981.0,162.83695652173913,"[""CS300001"", ""CS300002"", ""CS300007"", ""CS300010""]",4,2025Q4,1.428571428571424,4,-27.903171471196885,4,10대,1343195504.0,4580.595506690856,adjacent_month_descriptive_only,293236,0.24706769514645727,9459.225806451614,31,5,11680,D_생활필수,merchant_district,3.498062294083226,5,-11.010798681187373,False,-11.010798681187373,5,20,2025-12,-14.508860975270599,all_customer_residences,False
2025-12-01,1123058,삼성1동,0,고활동·청년유동·1인가구 중심형,2025H2,1,0,1,0,New,10대,E_의료건강,2025Q4,retrospective_same_quarter,merchant_district_context,1123058,10대,customer_age,0.9806423379513642,17866166.0,2073,22.532608695652176,92,5,E_의료건강,22832702523.0,614692,merchant_dong,False,4,0.8,2025Q4,False,1123058,10대,34.76086956521739,30.887681159420293,27.858695652173914,2024Q4,expanding_prior_same_quarter_matched_industries,3,"[""2022Q4"", ""2023Q4"", ""2024Q4""]",True,-27.04985337243402,True,ready,4,E_의료건강,0.4,20,2073.0,22.532608695652176,"[""CS200006"", ""CS200007"", ""CS200008"", ""CS300018""]",4,2025Q4,-7.248322147650999,4,-19.118220834959033,4,10대,1004052544.0,73708.1591543092,adjacent_month_descriptive_only,13622,0.01147729522734262,439.4193548387097,31,6,11680,E_의료건강,merchant_district,3.498062294083226,6,1.2020623764877225,False,1.2020623764877225,6,19,2025-12,-2.2959999175955037,all_customer_residences,False
2025-12-01,1123058,삼성1동,0,고활동·청년유동·1인가구 중심형,2025H2,1,0,1,0,New,20대,A_외식카페,2025Q4,retrospective_same_quarter,merchant_district_context,1123058,20대,customer_age,0.8211352249305709,10096602400.0,471236,5122.130434782609,92,10,A_외식카페,119064183827.0,3225951,merchant_dong,False,10,1.0,2025Q4,False,1123058,20대,8264.521739130434,6906.731884057971,5467.032608695652,2024Q4,expanding_prior_same_quarter_matched_industries,3,"[""2022Q4"", ""2023Q4"", ""2024Q4""]",True,-25.838580087270447,True,ready,10,A_외식카페,0.818181818181818,22,471236.0,5122.130434782609,"[""CS100001"", ""CS100002"", ""CS100003"", ""CS100004"", ""CS100005"", ""CS100006"", ""CS100007"", ""CS100008"", ""CS100009"", ""CS100010""]",10,2025Q4,2.567696690964438,10,-6.308763795636684,10,20대,51053590778.0,18782.242400808776,adjacent_month_descriptive_only,2718184,0.22546229290579242,87683.35483870968,31,8,11680,A_외식카페,merchant_district,-0.9299895278958803,8,-1.2096456181375226,False,-1.2096456181375226,8,31,2025-12,-0.2796560902416423,all_customer_residences,False
2025-12-01,1123058,삼성1동,0,고활동·청년유동·1인가구 중심형,2025H2,1,0,1,0,New,20대,B_여가운동,2025Q4,retrospective_same_quarter,merchant_district_context,1123058,20대,customer_age,0.9416774959037234,185940406.0,15506,168.54347826086956,92,6,B_여가운동,3656801587.0,70796,merchant_dong,False,6,1.0,2025Q4,False,1123058,20대,279.7608695652174,218.05434782608697,181.5108695652174,2024Q4,expanding_prior_same_quarter_matched_industries,3,"[""2022Q4"", ""2023Q4"", ""2024Q4""]",True,-22.705747470215844,True,ready,6,B_여가운동,0.631578947368421,19,15506.0,168.54347826086956,"[""CS200005"", ""CS200016"", ""CS200017"", ""CS200019"", ""CS200024"", ""CS200037""]",6,2025Q4,-12.296380090497738,6,-7.144140367686691,6,20대,3271694890.0,8768.502515283328,adjacent_month_descriptive_only,373119,0.03094870151053658,12036.09677419355,31,6,11680,B_여가운동,merchant_district,-0.9299895278958803,6,9.820405246387253,False,9.820405246387253,6,29,2025-12,10.750394774283134,all_customer_residences,False
2025-12-01,1123058,삼성1동,0,고활동·청년유동·1인가구 중심형,2025H2,1,0,1,0,New,20대,C_대면생활서비스,2025Q4,retrospective_same_quarter,merchant_district_context,1123058,20대,customer_age,0.9192934924191112,116173743.0,1821,19.793478260869566,92,4,C_대면생활서비스,2481640254.0,19193,merchant_dong,False,4,1.0,2025Q4,False,1123058,20대,21.706521739130434,20.282608695652176,18.91304347826087,2024Q4,expanding_prior_same_quarter_matched_industries,3,"[""2022Q4"", ""2023Q4"", ""2024Q4""]",False,-2.411575562700963,True,ready,4,C_대면생활서비스,0.727272727272727,22,1821.0,19.793478260869566,"[""CS200028"", ""CS200029"", ""CS200030"", ""CS200031""]",4,2025Q4,15.47241597970832,4,-2.149382052659865,4,20대,4757676638.0,92272.77667229107,adjacent_month_descriptive_only,51561,0.00427677496612281,1663.258064516129,31,4,11680,C_대면생활서비스,merchant_district,-0.9299895278958803,4,2.3186620778064437,False,2.3186620778064437,4,31,2025-12,3.248651605702324,all_customer_residences,False
2025-12-01,1123058,삼성1동,0,고활동·청년유동·1인가구 중심형,2025H2,1,0,1,0,New,20대,D_생활필수,2025Q4,retrospective_same_quarter,merchant_district_context,1123058,20대,customer_age,0.9021265288173697,2526716855.0,351241,3817.836956521739,92,7,D_생활필수,18839879069.0,2126235,merchant_dong,False,4,0.5714285714285714,2025Q4,False,1123058,20대,7445.771739130435,6626.630434782608,6060.413043478261,2024Q4,expanding_prior_same_quarter_matched_industries,3,"[""2022Q4"", ""2023Q4"", ""2024Q4""]",True,-42.3864512425162,True,ready,4,D_생활필수,0.19047619047619,21,351241.0,3817.836956521739,"[""CS300001"", ""CS300002"", ""CS300007"", ""CS300010""]",4,2025Q4,-16.387116739668638,4,-37.003683921672724,4,20대,24663614743.0,7786.404311192057,adjacent_month_descriptive_only,3167523,0.26273313300785905,102178.16129032258,31,5,11680,D_생활필수,merchant_district,-0.9299895278958803,5,-1.7084188825046809,False,-1.7084188825046809,5,31,2025-12,-0.7784293546088006,all_customer_residences,False
2025-12-01,1123058,삼성1동,0,고활동·청년유동·1인가구 중심형,2025H2,1,0,1,0,New,20대,E_의료건강,2025Q4,retrospective_same_quarter,merchant_district_context,1123058,20대,customer_age,0.9806423379513642,1510024762.0,83611,908.8152173913044,92,5,E_의료건강,22832702523.0,614692,merchant_dong,False,4,0.8,2025Q4,False,1123058,20대,1387.7065217391305,1257.2644927536232,1063.9021739130435,2024Q4,expanding_prior_same_quarter_matched_industries,3,"[""2022Q4"", ""2023Q4"", ""2024Q4""]",True,-27.714874425440563,True,ready,4,E_의료건강,0.523809523809524,21,83611.0,908.8152173913044,"[""CS200006"", ""CS200007"", ""CS200008"", ""CS300018""]",4,2025Q4,-2.973089018602115,4,-14.577182030874859,4,20대,40177273089.0,133158.140461876,adjacent_month_descriptive_only,301726,0.025026942910889447,9733.09677419355,31,6,11680,E_의료건강,merchant_district,-0.9299895278958803,6,-0.9505238468066057,False,-0.9505238468066057,6,22,2025-12,-0.020534318910725435,all_customer_residences,False
2025-12-01,1123058,삼성1동,0,고활동·청년유동·1인가구 중심형,2025H2,1,0,1,0,New,30대,A_외식카페,2025Q4,retrospective_same_quarter,merchant_district_context,1123058,30대,customer_age,0.8211352249305709,22336236726.0,897434,9754.717391304348,92,10,A_외식카페,119064183827.0,3225951,merchant_dong,False,10,1.0,2025Q4,False,1123058,30대,11395.923913043478,10572.65579710145,9474.467391304348,2024Q4,expanding_prior_same_quarter_matched_industries,3,"[""2022Q4"", ""2023Q4"", ""2024Q4""]",False,-7.736357084672562,True,ready,10,A_외식카페,0.727272727272727,22,897434.0,9754.717391304348,"[""CS100001"", ""CS100002"", ""CS100003"", ""CS100004"", ""CS100005"", ""CS100006"", ""CS100007"", ""CS100008"", ""CS100009"", ""CS100010""]",10,2025Q4,-2.704841698079863,10,2.957949913440117,10,30대,97956985232.0,21116.211336753793,adjacent_month_descriptive_only,4638947,0.2046960158834274,149643.4516129032,31,8,11680,A_외식카페,merchant_district,-1.6809040479126125,8,-2.17540843446139,False,-2.17540843446139,8,31,2025-12,-0.4945043865487775,all_customer_residences,False
2025-12-01,1123058,삼성1동,0,고활동·청년유동·1인가구 중심형,2025H2,1,0,1,0,New,30대,B_여가운동,2025Q4,retrospective_same_quarter,merchant_district_context,1123058,30대,customer_age,0.9416774959037234,593455394.0,13691,148.81521739130434,92,6,B_여가운동,3656801587.0,70796,merchant_dong,False,6,1.0,2025Q4,False,1123058,30대,211.30434782608697,172.18478260869566,145.3804347826087,2024Q4,expanding_prior_same_quarter_matched_industries,3,"[""2022Q4"", ""2023Q4"", ""2024Q4""]",False,-13.572375481345878,True,ready,6,B_여가운동,0.571428571428571,21,13691.0,148.81521739130434,"[""CS200005"", ""CS200016"", ""CS200017"", ""CS200019"", ""CS200024"", ""CS200037""]",6,2025Q4,-14.281242173804154,6,2.362616822429908,6,30대,6227459244.0,22485.13044891121,adjacent_month_descriptive_only,276959,0.012220963909063451,8934.161290322581,31,6,11680,B_여가운동,merchant_district,-1.6809040479126125,6,3.4493448981340213,False,3.4493448981340213,6,31,2025-12,5.130248946046634,all_customer_residences,False
2025-12-01,1123058,삼성1동,0,고활동·청년유동·1인가구 중심형,2025H2,1,0,1,0,New,30대,C_대면생활서비스,2025Q4,retrospective_same_quarter,merchant_district_context,1123058,30대,customer_age,0.9192934924191112,288511720.0,3505,38.09782608695652,92,4,C_대면생활서비스,2481640254.0,19193,merchant_dong,False,4,1.0,2025Q4,False,1123058,30대,55.51086956521739,44.04347826086956,33.77173913043478,2024Q4,expanding_prior_same_quarter_matched_industries,3,"[""2022Q4"", ""2023Q4"", ""2024Q4""]",False,-13.499506416584396,True,ready,4,C_대면생활서비스,0.454545454545454,22,3505.0,38.09782608695652,"[""CS200028"", ""CS200029"", ""CS200030"", ""CS200031""]",4,2025Q4,4.098604098604097,4,12.80978435790152,4,30대,8076647710.0,95581.62970414202,adjacent_month_descriptive_only,84500,0.003728607665090723,2725.8064516129034,31,4,11680,C_대면생활서비스,merchant_district,-1.6809040479126125,4,-6.465744508690552,False,-6.465744508690552,4,31,2025-12,-4.784840460777939,all_customer_residences,False
2025-12-01,1123058,삼성1동,0,고활동·청년유동·1인가구 중심형,2025H2,1,0,1,0,New,30대,D_생활필수,2025Q4,retrospective_same_quarter,merchant_district_context,1123058,30대,customer_age,0.9021265288173697,5293272449.0,756524,8223.08695652174,92,7,D_생활필수,18839879069.0,2126235,merchant_dong,False,4,0.5714285714285714,2025Q4,False,1123058,30대,9731.619565217392,9410.95652173913,9243.304347826086,2024Q4,expanding_prior_same_quarter_matched_industries,3,"[""2022Q4"", ""2023Q4"", ""2024Q4""]",True,-12.622197993088523,True,ready,4,D_생활필수,0.523809523809524,21,756524.0,8223.08695652174,"[""CS300001"", ""CS300002"", ""CS300007"", ""CS300010""]",4,2025Q4,-17.87473281638935,4,-11.178059739518698,4,30대,54135480970.0,9559.904133387865,adjacent_month_descriptive_only,5662764,0.24987248823668406,182669.8064516129,31,5,11680,D_생활필수,merchant_district,-1.6809040479126125,5,0.02606827188200711,False,0.02606827188200711,5,31,2025-12,1.7069723197946196,all_customer_residences,False
2025-12-01,1123058,삼성1동,0,고활동·청년유동·1인가구 중심형,2025H2,1,0,1,0,New,30대,E_의료건강,2025Q4,retrospective_same_quarter,merchant_district_context,1123058,30대,customer_age,0.9806423379513642,4760129375.0,170408,1852.2608695652175,92,5,E_의료건강,22832702523.0,614692,merchant_dong,False,4,0.8,2025Q4,False,1123058,30대,2321.3804347826085,2198.9528985507245,2106.6847826086955,2024Q4,expanding_prior_same_quarter_matched_industries,3,"[""2022Q4"", ""2023Q4"", ""2024Q4""]",True,-15.766232610712272,True,ready,4,E_의료건강,0.476190476190476,21,170408.0,1852.2608695652175,"[""CS200006"", ""CS200007"", ""CS200008"", ""CS300018""]",4,2025Q4,0.618800188946622,4,-12.076980625854539,4,30대,89013909141.0,136189.56635908954,adjacent_month_descriptive_only,653603,0.028840581724571504,21083.967741935485,31,6,11680,E_의료건강,merchant_district,-1.6809040479126125,6,-1.1522206469115837,False,-1.1522206469115837,6,22,2025-12,0.5286834010010288,all_customer_residences,False
2025-12-01,1123058,삼성1동,0,고활동·청년유동·1인가구 중심형,2025H2,1,0,1,0,New,40대,A_외식카페,2025Q4,retrospective_same_quarter,merchant_district_context,1123058,40대,customer_age,0.8211352249305709,17506637702.0,625638,6800.413043478261,92,10,A_외식카페,119064183827.0,3225951,merchant_dong,False,10,1.0,2025Q4,False,1123058,40대,7323.652173913043,6983.86231884058,6393.54347826087,2024Q4,expanding_prior_same_quarter_matched_industries,3,"[""2022Q4"", ""2023Q4"", ""2024Q4""]",False,-2.626759620782071,True,ready,10,A_외식카페,0.727272727272727,22,625638.0,6800.413043478261,"[""CS100001"", ""CS100002"", ""CS100003"", ""CS100004"", ""CS100005"", ""CS100006"", ""CS100007"", ""CS100008"", ""CS100009"", ""CS100010""]",10,2025Q4,-1.33697935393523,10,6.363756915094365,10,40대,81209206200.0,22074.383380417294,adjacent_month_descriptive_only,3678889,0.15911396753112114,118673.83870967742,31,8,11680,A_외식카페,merchant_district,-0.43803983971075766,8,-0.022545202233670292,False,-0.022545202233670292,8,31,2025-12,0.41549463747708737,all_customer_residences,False
2025-12-01,1123058,삼성1동,0,고활동·청년유동·1인가구 중심형,2025H2,1,0,1,0,New,40대,B_여가운동,2025Q4,retrospective_same_quarter,merchant_district_context,1123058,40대,customer_age,0.9416774959037234,859141935.0,12236,133.0,92,6,B_여가운동,3656801587.0,70796,merchant_dong,False,6,1.0,2025Q4,False,1123058,40대,168.43478260869566,147.55072463768116,127.08695652173913,2024Q4,expanding_prior_same_quarter_matched_industries,3,"[""2022Q4"", ""2023Q4"", ""2024Q4""]",False,-9.861506728219227,True,ready,6,B_여가운동,0.619047619047619,21,12236.0,133.0,"[""CS200005"", ""CS200016"", ""CS200017"", ""CS200019"", ""CS200024"", ""CS200037""]",6,2025Q4,8.197011229993812,6,4.652754019842642,6,40대,7911538189.0,38724.91171849379,adjacent_month_descriptive_only,204301,0.008836130331895195,6590.354838709677,31,6,11680,B_여가운동,merchant_district,-0.43803983971075766,6,28.474469047111484,False,28.474469047111484,6,31,2025-12,28.91250888682224,all_customer_residences,False
2025-12-01,1123058,삼성1동,0,고활동·청년유동·1인가구 중심형,2025H2,1,0,1,0,New,40대,C_대면생활서비스,2025Q4,retrospective_same_quarter,merchant_district_context,1123058,40대,customer_age,0.9192934924191112,529587565.0,3927,42.68478260869565,92,4,C_대면생활서비스,2481640254.0,19193,merchant_dong,False,4,1.0,2025Q4,False,1123058,40대,65.68478260869566,54.275362318840585,41.891304347826086,2024Q4,expanding_prior_same_quarter_matched_industries,3,"[""2022Q4"", ""2023Q4"", ""2024Q4""]",False,-21.3551401869159,True,ready,4,C_대면생활서비스,0.318181818181818,22,3927.0,42.68478260869565,"[""CS200028"", ""CS200029"", ""CS200030"", ""CS200031""]",4,2025Q4,-9.848484848484862,4,1.894135962636212,4,40대,6839173091.0,88279.28917544404,adjacent_month_descriptive_only,77472,0.003350706502036625,2499.0967741935483,31,4,11680,C_대면생활서비스,merchant_district,-0.43803983971075766,4,-2.853380983729903,False,-2.853380983729903,4,31,2025-12,-2.4153411440191452,all_customer_residences,False
2025-12-01,1123058,삼성1동,0,고활동·청년유동·1인가구 중심형,2025H2,1,0,1,0,New,40대,D_생활필수,2025Q4,retrospective_same_quarter,merchant_district_context,1123058,40대,customer_age,0.9021265288173697,3437047676.0,398829,4335.097826086957,92,7,D_생활필수,18839879069.0,2126235,merchant_dong,False,4,0.5714285714285714,2025Q4,False,1123058,40대,5899.804347826087,5585.717391304348,5060.576086956522,2024Q4,expanding_prior_same_quarter_matched_industries,3,"[""2022Q4"", ""2023Q4"", ""2024Q4""]",True,-22.389596136108004,True,ready,4,D_생활필수,0.095238095238095,21,398829.0,4335.097826086957,"[""CS300001"", ""CS300002"", ""CS300007"", ""CS300010""]",4,2025Q4,-12.53922619948289,4,-14.335882879806173,4,40대,64799123446.0,10879.628785738092,adjacent_month_descriptive_only,5956005,0.25760048378333655,192129.1935483871,31,5,11680,D_생활필수,merchant_district,-0.43803983971075766,5,-0.958717479657567,False,-0.958717479657567,5,31,2025-12,-0.5206776399468094,all_customer_residences,False
2025-12-01,1123058,삼성1동,0,고활동·청년유동·1인가구 중심형,2025H2,1,0,1,0,New,40대,E_의료건강,2025Q4,retrospective_same_quarter,merchant_district_context,1123058,40대,customer_age,0.9806423379513642,5193911475.0,128191,1393.3804347826087,92,5,E_의료건강,22832702523.0,614692,merchant_dong,False,4,0.8,2025Q4,False,1123058,40대,1773.608695652174,1649.981884057971,1578.804347826087,2024Q4,expanding_prior_same_quarter_matched_industries,3,"[""2022Q4"", ""2023Q4"", ""2024Q4""]",True,-15.551773734889485,True,ready,4,E_의료건강,0.380952380952381,21,128191.0,1393.3804347826087,"[""CS200006"", ""CS200007"", ""CS200008"", ""CS300018""]",4,2025Q4,-2.052308656219193,4,-12.779217951596555,4,40대,109135469130.0,153130.67880369583,adjacent_month_descriptive_only,712695,0.03082444974273276,22990.16129032258,31,6,11680,E_의료건강,merchant_district,-0.43803983971075766,6,-1.0835500803606402,False,-1.0835500803606402,6,22,2025-12,-0.6455102406498825,all_customer_residences,False
2025-12-01,1123058,삼성1동,0,고활동·청년유동·1인가구 중심형,2025H2,1,0,1,0,New,50대,A_외식카페,2025Q4,retrospective_same_quarter,merchant_district_context,1123058,50대,customer_age,0.8211352249305709,13561954015.0,406919,4423.032608695652,92,10,A_외식카페,119064183827.0,3225951,merchant_dong,False,10,1.0,2025Q4,False,1123058,50대,4438.891304347826,4268.373188405797,4068.1304347826085,2024Q4,expanding_prior_same_quarter_matched_industries,3,"[""2022Q4"", ""2023Q4"", ""2024Q4""]",False,3.623380933746767,True,ready,10,A_외식카페,0.681818181818182,22,406919.0,4423.032608695652,"[""CS100001"", ""CS100002"", ""CS100003"", ""CS100004"", ""CS100005"", ""CS100006"", ""CS100007"", ""CS100008"", ""CS100009"", ""CS100010""]",10,2025Q4,-0.141841535029708,10,8.723962508149242,10,50대,65577032274.0,22359.376334744353,adjacent_month_descriptive_only,2932865,0.16970481979822538,94608.54838709677,31,8,11680,A_외식카페,merchant_district,1.0334867544554482,8,0.5348783989585826,False,0.5348783989585826,8,31,2025-12,-0.49860835549686566,all_customer_residences,False
2025-12-01,1123058,삼성1동,0,고활동·청년유동·1인가구 중심형,2025H2,1,0,1,0,New,50대,B_여가운동,2025Q4,retrospective_same_quarter,merchant_district_context,1123058,50대,customer_age,0.9416774959037234,652799804.0,11643,126.55434782608695,92,6,B_여가운동,3656801587.0,70796,merchant_dong,False,6,1.0,2025Q4,False,1123058,50대,131.4673913043478,124.12681159420289,117.41304347826087,2024Q4,expanding_prior_same_quarter_matched_industries,3,"[""2022Q4"", ""2023Q4"", ""2024Q4""]",False,1.955690475495486,True,ready,6,B_여가운동,0.666666666666667,21,11643.0,126.55434782608695,"[""CS200005"", ""CS200016"", ""CS200017"", ""CS200019"", ""CS200024"", ""CS200037""]",6,2025Q4,-8.832511158092549,6,7.785595260137002,6,50대,6577976730.0,44836.28855368718,adjacent_month_descriptive_only,146711,0.008489161218609601,4732.612903225807,31,6,11680,B_여가운동,merchant_district,1.0334867544554482,6,33.00830688073728,False,33.00830688073728,6,31,2025-12,31.97482012628183,all_customer_residences,False
2025-12-01,1123058,삼성1동,0,고활동·청년유동·1인가구 중심형,2025H2,1,0,1,0,New,50대,C_대면생활서비스,2025Q4,retrospective_same_quarter,merchant_district_context,1123058,50대,customer_age,0.9192934924191112,543486886.0,4036,43.869565217391305,92,4,C_대면생활서비스,2481640254.0,19193,merchant_dong,False,4,1.0,2025Q4,False,1123058,50대,57.84782608695652,55.02173913043478,51.82608695652174,2024Q4,expanding_prior_same_quarter_matched_industries,3,"[""2022Q4"", ""2023Q4"", ""2024Q4""]",True,-20.268668510470167,True,ready,4,C_대면생활서비스,0.045454545454545,22,4036.0,43.869565217391305,"[""CS200028"", ""CS200029"", ""CS200030"", ""CS200031""]",4,2025Q4,-20.862745098039216,4,-24.163848177376924,4,50대,6602431347.0,87552.62955006564,adjacent_month_descriptive_only,75411,0.004363518322801757,2432.6129032258063,31,4,11680,C_대면생활서비스,merchant_district,1.0334867544554482,4,-1.4005443534767292,False,-1.4005443534767292,4,31,2025-12,-2.4340311079321775,all_customer_residences,False
2025-12-01,1123058,삼성1동,0,고활동·청년유동·1인가구 중심형,2025H2,1,0,1,0,New,50대,D_생활필수,2025Q4,retrospective_same_quarter,merchant_district_context,1123058,50대,customer_age,0.9021265288173697,2455301740.0,277996,3021.695652173913,92,7,D_생활필수,18839879069.0,2126235,merchant_dong,False,4,0.5714285714285714,2025Q4,False,1123058,50대,3611.728260869565,3435.6557971014495,3102.108695652174,2024Q4,expanding_prior_same_quarter_matched_industries,3,"[""2022Q4"", ""2023Q4"", ""2024Q4""]",True,-12.048941144709001,True,ready,4,D_생활필수,0.095238095238095,21,277996.0,3021.695652173913,"[""CS300001"", ""CS300002"", ""CS300007"", ""CS300010""]",4,2025Q4,-15.648875807870855,4,-2.592205862772168,4,50대,54087647077.0,11067.574703649676,adjacent_month_descriptive_only,4887037,0.2827793756044891,157646.35483870967,31,5,11680,D_생활필수,merchant_district,1.0334867544554482,5,-1.6385500702181144,False,-1.6385500702181144,5,31,2025-12,-2.6720368246735626,all_customer_residences,False
2025-12-01,1123058,삼성1동,0,고활동·청년유동·1인가구 중심형,2025H2,1,0,1,0,New,50대,E_의료건강,2025Q4,retrospective_same_quarter,merchant_district_context,1123058,50대,customer_age,0.9806423379513642,4673079291.0,106767,1160.5108695652175,92,5,E_의료건강,22832702523.0,614692,merchant_dong,False,4,0.8,2025Q4,False,1123058,50대,1303.6739130434783,1286.4782608695652,1267.25,2024Q4,expanding_prior_same_quarter_matched_industries,3,"[""2022Q4"", ""2023Q4"", ""2024Q4""]",True,-9.791645543952143,True,ready,4,E_의료건강,0.285714285714286,21,106767.0,1160.5108695652175,"[""CS200006"", ""CS200007"", ""CS200008"", ""CS300018""]",4,2025Q4,-3.876729718293359,4,-8.42289449080943,4,50대,109759164678.0,176638.3178644883,adjacent_month_descriptive_only,621378,0.035954891042234025,20044.451612903227,31,6,11680,E_의료건강,merchant_district,1.0334867544554482,6,4.412324652834365,False,4.412324652834365,6,22,2025-12,3.378837898378917,all_customer_residences,False
2025-12-01,1123058,삼성1동,0,고활동·청년유동·1인가구 중심형,2025H2,1,0,1,0,New,60대이상,A_외식카페,2025Q4,retrospective_same_quarter,merchant_district_context,1123058,60대이상,customer_age,0.8211352249305709,8908381987.0,223775,2432.336956521739,92,10,A_외식카페,119064183827.0,3225951,merchant_dong,False,10,1.0,2025Q4,True,1123058,60대이상,2026.5326086956522,1946.159420289855,1804.3478260869565,2024Q4,expanding_prior_same_quarter_matched_industries,3,"[""2022Q4"", ""2023Q4"", ""2024Q4""]",False,24.981382879696156,True,ready,10,A_외식카페,0.772727272727273,22,223775.0,2432.336956521739,"[""CS100001"", ""CS100002"", ""CS100003"", ""CS100004"", ""CS100005"", ""CS100006"", ""CS100007"", ""CS100008"", ""CS100009"", ""CS100010""]",10,2025Q4,-1.28110676330847,10,20.02456541211428,10,60대이상,48549750336.0,26790.207776097825,adjacent_month_descriptive_only,1812220,0.15328134072749894,58458.709677419356,31,8,11680,A_외식카페,merchant_district,2.115022833789393,8,3.0014436449960824,False,3.0014436449960824,8,20,2025-12,0.8864208112066896,all_customer_residences,False
2025-12-01,1123058,삼성1동,0,고활동·청년유동·1인가구 중심형,2025H2,1,0,1,0,New,60대이상,B_여가운동,2025Q4,retrospective_same_quarter,merchant_district_context,1123058,60대이상,customer_age,0.9416774959037234,320135823.0,9409,102.27173913043478,92,6,B_여가운동,3656801587.0,70796,merchant_dong,False,6,1.0,2025Q4,True,1123058,60대이상,76.83695652173913,63.42391304347826,52.82608695652174,2024Q4,expanding_prior_same_quarter_matched_industries,3,"[""2022Q4"", ""2023Q4"", ""2024Q4""]",False,61.25107112253643,True,ready,6,B_여가운동,0.761904761904762,21,9409.0,102.27173913043478,"[""CS200005"", ""CS200016"", ""CS200017"", ""CS200019"", ""CS200024"", ""CS200037""]",6,2025Q4,-7.600903466561926,6,33.10227754986561,6,60대이상,4011948530.0,99143.68927000444,adjacent_month_descriptive_only,40466,0.003422698532120257,1305.3548387096773,31,6,11680,B_여가운동,merchant_district,2.115022833789393,6,3.37806594675516,False,3.37806594675516,6,1,2025-12,1.263043112965767,all_customer_residences,False
2025-12-01,1123058,삼성1동,0,고활동·청년유동·1인가구 중심형,2025H2,1,0,1,0,New,60대이상,C_대면생활서비스,2025Q4,retrospective_same_quarter,merchant_district_context,1123058,60대이상,customer_age,0.9192934924191112,477366795.0,4313,46.880434782608695,92,4,C_대면생활서비스,2481640254.0,19193,merchant_dong,False,4,1.0,2025Q4,True,1123058,60대이상,46.48913043478261,39.15217391304348,32.130434782608695,2024Q4,expanding_prior_same_quarter_matched_industries,3,"[""2022Q4"", ""2023Q4"", ""2024Q4""]",False,19.739033870072188,True,ready,4,C_대면생활서비스,0.590909090909091,22,4313.0,46.880434782608695,"[""CS200028"", ""CS200029"", ""CS200030"", ""CS200031""]",4,2025Q4,-4.346861831891768,4,0.841711480009355,4,60대이상,4669534186.0,82049.76517720651,adjacent_month_descriptive_only,56911,0.004813650871385754,1835.8387096774193,31,4,11680,C_대면생활서비스,merchant_district,2.115022833789393,4,-4.501116175681741,False,-4.501116175681741,4,2,2025-12,-6.616139009471134,all_customer_residences,False
2025-12-01,1123058,삼성1동,0,고활동·청년유동·1인가구 중심형,2025H2,1,0,1,0,New,60대이상,D_생활필수,2025Q4,retrospective_same_quarter,merchant_district_context,1123058,60대이상,customer_age,0.9021265288173697,1552022372.0,118562,1288.7173913043478,92,7,D_생활필수,18839879069.0,2126235,merchant_dong,False,4,0.5714285714285714,2025Q4,False,1123058,60대이상,1520.945652173913,1274.0253623188407,925.695652173913,2024Q4,expanding_prior_same_quarter_matched_industries,3,"[""2022Q4"", ""2023Q4"", ""2024Q4""]",False,1.15319752809051,True,ready,4,D_생활필수,0.047619047619048,21,118562.0,1288.7173913043478,"[""CS300001"", ""CS300002"", ""CS300007"", ""CS300010""]",4,2025Q4,-16.69161098111962,4,-15.268675809529253,4,60대이상,44549159883.0,11941.073479327213,adjacent_month_descriptive_only,3730750,0.3155546025974312,120346.7741935484,31,5,11680,D_생활필수,merchant_district,2.115022833789393,5,-0.9815112316811758,False,-0.9815112316811758,5,23,2025-12,-3.0965340654705686,all_customer_residences,False
2025-12-01,1123058,삼성1동,0,고활동·청년유동·1인가구 중심형,2025H2,1,0,1,0,New,60대이상,E_의료건강,2025Q4,retrospective_same_quarter,merchant_district_context,1123058,60대이상,customer_age,0.9806423379513642,6116592721.0,111743,1214.5978260869565,92,5,E_의료건강,22832702523.0,614692,merchant_dong,False,4,0.8,2025Q4,False,1123058,60대이상,1222.6847826086957,1193.4963768115942,1156.0217391304348,2024Q4,expanding_prior_same_quarter_matched_industries,3,"[""2022Q4"", ""2023Q4"", ""2024Q4""]",False,1.768036307888465,True,ready,4,E_의료건강,0.380952380952381,21,111743.0,1214.5978260869565,"[""CS200006"", ""CS200007"", ""CS200008"", ""CS300018""]",4,2025Q4,1.379942298270764,4,-0.66140976290594,4,60대이상,100824589499.0,137565.05048825048,adjacent_month_descriptive_only,732923,0.06199215332024849,23642.677419354837,31,6,11680,E_의료건강,merchant_district,2.115022833789393,6,3.6613997937303244,False,3.6613997937303244,6,7,2025-12,1.5463769599409316,all_customer_residences,False
