"person_id","city","name","age","district","risk_score","reason","status","last_contact"
"강남구-001","강남구","한○○","20대","대치2동","77.71550759799271","활동량 감소 / 복지 미연계","상담 완료","2026-09-13"
"강남구-002","강남구","한○○","80대 이상","대치2동","77.64508482660591","활동량 감소 / 복지 미연계","미배정","2026-08-28"
"강남구-003","강남구","한○○","70대","논현1동","77.48757133595996","활동량 감소 / 독거 가구","미배정","2026-09-02"
"강남구-004","강남구","임○○","60대","대치2동","76.14985745060682","활동량 감소 / 복지 미연계","상담 완료","2026-09-03"
"강남구-005","강남구","정○○","70대","수서동","73.80296442240555","독거 가구 / 활동량 감소","미배정","2026-08-15"
"강남구-006","강남구","임○○","70대","수서동","71.95039928939272","독거 가구 / 활동량 감소","미배정","2026-09-08"
"강남구-007","강남구","박○○","60대","수서동","71.60418095115651","독거 가구 / 활동량 감소","모니터링","2026-09-19"
"강남구-008","강남구","오○○","80대 이상","개포1동","68.51613435938765","독거 가구 / 활동량 감소","방문 예정","2026-09-02"
"강남구-009","강남구","임○○","70대","논현1동","67.65972904265277","활동량 감소 / 독거 가구","미배정","2026-09-15"
"강남구-010","강남구","이○○","80대 이상","개포1동","66.63927336267938","독거 가구 / 활동량 감소","미배정","2026-08-22"
"강남구-011","강남구","임○○","20대","개포4동","65.29064098705007","활동량 감소 / 독거 가구","미배정","2026-09-14"
"강남구-012","강남구","한○○","20대","대치4동","63.80755829849494","활동량 감소 / 복지 미연계","미배정","2026-09-11"
"강남구-013","강남구","이○○","70대","일원1동","63.152253048922596","독거 가구 / 활동량 감소","미배정","2026-08-20"
"강남구-014","강남구","최○○","60대","청담동","61.875025409082376","복지 미연계 / 활동량 감소","방문 예정","2026-08-29"
"강남구-015","강남구","오○○","70대","삼성2동","60.77264986969528","활동량 감소 / 카드 결제 감소","미배정","2026-09-09"
"강남구-016","강남구","김○○","20대","도곡2동","60.351271421714536","독거 가구 / 활동량 감소","상담 완료","2026-09-08"
"강남구-017","강남구","이○○","30대","대치4동","60.030520048376445","활동량 감소 / 복지 미연계","미배정","2026-08-22"
"강남구-018","강남구","조○○","80대 이상","수서동","59.31923165965904","독거 가구 / 활동량 감소","미배정","2026-09-10"
"강남구-019","강남구","정○○","20대","삼성1동","57.756428755395774","활동량 감소 / 복지 미연계","방문 예정","2026-09-20"
"강남구-020","강남구","임○○","20대","삼성1동","57.33670210889048","활동량 감소 / 복지 미연계","방문 예정","2026-09-05"
"강남구-021","강남구","임○○","30대","역삼1동","56.45188744956312","카드 결제 감소 / 활동량 감소","방문 예정","2026-09-20"
"강남구-022","강남구","장○○","20대","일원1동","56.036373226400194","독거 가구 / 활동량 감소","방문 예정","2026-09-16"
"강남구-023","강남구","강○○","20대","개포2동","55.96619329347721","복지 미연계 / 카드 결제 감소","미배정","2026-09-03"
"강남구-024","강남구","한○○","60대","세곡동","55.79165305433596","독거 가구 / 활동량 감소","상담 완료","2026-08-28"
"강남구-025","강남구","조○○","70대","대치4동","54.253401483793084","활동량 감소 / 복지 미연계","방문 예정","2026-08-24"
"강남구-026","강남구","임○○","20대","개포1동","53.29209497708638","독거 가구 / 활동량 감소","방문 예정","2026-09-15"
"강남구-027","강남구","이○○","20대","압구정동","51.578132900219686","카드 결제 감소 / 독거 가구","상담 완료","2026-08-20"
"강남구-028","강남구","강○○","20대","개포3동","47.372986279931446","활동량 감소 / 복지 미연계","방문 예정","2026-09-04"
"강남구-029","강남구","최○○","30대","세곡동","47.366146086284765","독거 가구 / 활동량 감소","미배정","2026-08-17"
"강남구-030","강남구","한○○","60대","청담동","46.75001884605219","복지 미연계 / 활동량 감소","미배정","2026-08-13"
"강남구-031","강남구","오○○","70대","대치1동","45.75566008715708","고령 / 카드 결제 감소","방문 예정","2026-09-09"
"강남구-032","강남구","오○○","20대","일원본동","42.83278803322171","복지 미연계 / 독거 가구","상담 완료","2026-08-17"
"춘천시-001","춘천시","한○○","80대 이상","동면","72.80638955814115","활동량 감소 / 고령","미배정","2026-08-15"
"춘천시-002","춘천시","최○○","30대","교동","71.99140559959746","활동량 감소 / 복지 미연계","미배정","2026-08-29"
"춘천시-003","춘천시","장○○","80대 이상","후평1동","70.60521944555539","활동량 감소 / 복지 미연계","미배정","2026-09-18"
"춘천시-004","춘천시","조○○","30대","동면","67.70640275256059","활동량 감소 / 고령","미배정","2026-08-26"
"춘천시-005","춘천시","김○○","70대","신동면","66.74347542177811","카드 결제 감소 / 활동량 감소","모니터링","2026-08-29"
"춘천시-006","춘천시","임○○","20대","동내면","65.64654993833591","고령 / 활동량 감소","미배정","2026-09-19"
"춘천시-007","춘천시","한○○","60대","퇴계동","65.63407663208531","복지 미연계 / 활동량 감소","미배정","2026-09-07"
"춘천시-008","춘천시","조○○","20대","동내면","65.12386818425347","고령 / 활동량 감소","상담 완료","2026-08-16"
"춘천시-009","춘천시","정○○","70대","신북읍","64.82147315846241","활동량 감소 / 카드 결제 감소","상담 완료","2026-09-11"
"춘천시-010","춘천시","조○○","60대","동산면","63.48974739166205","카드 결제 감소 / 복지 미연계","미배정","2026-09-12"
"춘천시-011","춘천시","이○○","60대","북산면","63.00131239956899","고령 / 카드 결제 감소","미배정","2026-09-10"
"춘천시-012","춘천시","최○○","70대","교동","62.731907326574984","활동량 감소 / 복지 미연계","미배정","2026-09-10"
"춘천시-013","춘천시","윤○○","30대","서면","62.21048240464499","고령 / 활동량 감소","모니터링","2026-08-31"
"춘천시-014","춘천시","조○○","60대","효자2동","62.07825760319272","카드 결제 감소 / 복지 미연계","미배정","2026-09-16"
"춘천시-015","춘천시","오○○","70대","신동면","61.75666721023545","카드 결제 감소 / 활동량 감소","상담 완료","2026-09-13"
"춘천시-016","춘천시","최○○","70대","석사동","61.017303703485105","카드 결제 감소 / 독거 가구","미배정","2026-08-20"
"춘천시-017","춘천시","임○○","70대","신북읍","60.95556456459171","활동량 감소 / 카드 결제 감소","미배정","2026-09-11"
"춘천시-018","춘천시","임○○","80대 이상","후평3동","59.61527626243722","활동량 감소 / 카드 결제 감소","상담 완료","2026-09-02"
"춘천시-019","춘천시","이○○","20대","후평1동","59.4032630477016","활동량 감소 / 복지 미연계","미배정","2026-08-13"
"춘천시-020","춘천시","장○○","70대","효자2동","58.73914117421398","카드 결제 감소 / 복지 미연계","방문 예정","2026-09-18"
"춘천시-021","춘천시","장○○","30대","동산면","58.68424491921668","카드 결제 감소 / 복지 미연계","미배정","2026-09-13"
"춘천시-022","춘천시","최○○","20대","동내면","58.32615672153968","고령 / 활동량 감소","방문 예정","2026-08-16"
"춘천시-023","춘천시","최○○","80대 이상","효자2동","56.853300225542874","카드 결제 감소 / 복지 미연계","방문 예정","2026-08-17"
"춘천시-024","춘천시","김○○","30대","북산면","56.72437540749742","고령 / 카드 결제 감소","미배정","2026-08-15"
"춘천시-025","춘천시","한○○","70대","신동면","56.613163905664535","카드 결제 감소 / 활동량 감소","미배정","2026-09-15"
"춘천시-026","춘천시","장○○","60대","효자2동","56.46431979219803","카드 결제 감소 / 복지 미연계","미배정","2026-08-24"
"춘천시-027","춘천시","조○○","60대","동면","56.2680179793509","활동량 감소 / 고령","미배정","2026-08-28"
"춘천시-028","춘천시","조○○","70대","북산면","55.86462891223563","고령 / 카드 결제 감소","방문 예정","2026-08-20"
"춘천시-029","춘천시","한○○","70대","석사동","55.67400322215823","카드 결제 감소 / 독거 가구","미배정","2026-09-04"
"춘천시-030","춘천시","오○○","20대","신사우동","53.985758790017556","복지 미연계 / 활동량 감소","미배정","2026-09-02"
"춘천시-031","춘천시","장○○","20대","신동면","52.56825921542868","카드 결제 감소 / 활동량 감소","미배정","2026-08-15"
"춘천시-032","춘천시","최○○","80대 이상","남면","49.56487526400769","고령 / 카드 결제 감소","미배정","2026-09-11"