source,period,fingerprint,version,available_from,metadata_json,created_at
card,2025-07,661ecb0210becc6f2ae761962cf92224673544df54719322dc2c1a18c69a7d72,analysis3_v1,,"{""amount_total"": 4883075947011.0, ""availability_policy"": ""explicit_date_only_else_retrospective"", ""count_total"": 88930496, ""district"": ""11680"", ""domain_mapping_version"": ""analysis3_v1"", ""observation_period"": ""2025-07"", ""paths"": [""C:\\Users\\user\\Desktop\\Team_Together\\공모전 원본 데이터\\2026빅콘테스트_신한카드_데이터_레이아웃\\신한카드_빅콘테스트2026_데이터2.csv""], ""raw_rows"": 234338, ""scope"": ""merchant_district""}",2026-10-06 06:13:06
card,2025-08,9200033b0ecdeafd5c8d42c127b5b87fd62ce67d23f4b75db884506228644b77,analysis3_v1,,"{""amount_total"": 4310032130827.0, ""availability_policy"": ""explicit_date_only_else_retrospective"", ""count_total"": 86651159, ""district"": ""11680"", ""domain_mapping_version"": ""analysis3_v1"", ""observation_period"": ""2025-08"", ""paths"": [""C:\\Users\\user\\Desktop\\Team_Together\\공모전 원본 데이터\\2026빅콘테스트_신한카드_데이터_레이아웃\\신한카드_빅콘테스트2026_데이터2.csv""], ""raw_rows"": 231352, ""scope"": ""merchant_district""}",2026-10-06 06:13:06
card,2025-09,3aa00f134ad3728464b573bcee928e225ec81fd206a66d03a171d00359dd68ff,analysis3_v1,,"{""amount_total"": 4776239034432.0, ""availability_policy"": ""explicit_date_only_else_retrospective"", ""count_total"": 87040423, ""district"": ""11680"", ""domain_mapping_version"": ""analysis3_v1"", ""observation_period"": ""2025-09"", ""paths"": [""C:\\Users\\user\\Desktop\\Team_Together\\공모전 원본 데이터\\2026빅콘테스트_신한카드_데이터_레이아웃\\신한카드_빅콘테스트2026_데이터2.csv""], ""raw_rows"": 221886, ""scope"": ""merchant_district""}",2026-10-06 06:13:06
card,2025-10,a1afe6d1cdcd12ed057c6efebf052acf4aae9b40239998a89d25325144091a12,analysis3_v1,,"{""amount_total"": 4520272795607.0, ""availability_policy"": ""explicit_date_only_else_retrospective"", ""count_total"": 84750452, ""district"": ""11680"", ""domain_mapping_version"": ""analysis3_v1"", ""observation_period"": ""2025-10"", ""paths"": [""C:\\Users\\user\\Desktop\\Team_Together\\공모전 원본 데이터\\2026빅콘테스트_신한카드_데이터_레이아웃\\신한카드_빅콘테스트2026_데이터2.csv""], ""raw_rows"": 223164, ""scope"": ""merchant_district""}",2026-10-06 06:13:06
card,2025-11,c2672ee07c072c2393f2cce2b97215edeca321cd876bb9dcdca209fe350b45cc,analysis3_v1,,"{""amount_total"": 4543419055520.0, ""availability_policy"": ""explicit_date_only_else_retrospective"", ""count_total"": 85424648, ""district"": ""11680"", ""domain_mapping_version"": ""analysis3_v1"", ""observation_period"": ""2025-11"", ""paths"": [""C:\\Users\\user\\Desktop\\Team_Together\\공모전 원본 데이터\\2026빅콘테스트_신한카드_데이터_레이아웃\\신한카드_빅콘테스트2026_데이터2.csv""], ""raw_rows"": 222809, ""scope"": ""merchant_district""}",2026-10-06 06:13:06
card,2025-12,1a69dc78257a4142114ab091c98bac33743b16be313bd64b08fbe06fbd926630,analysis3_v1,,"{""amount_total"": 5056903715372.0, ""availability_policy"": ""explicit_date_only_else_retrospective"", ""count_total"": 88131611, ""district"": ""11680"", ""domain_mapping_version"": ""analysis3_v1"", ""observation_period"": ""2025-12"", ""paths"": [""C:\\Users\\user\\Desktop\\Team_Together\\공모전 원본 데이터\\2026빅콘테스트_신한카드_데이터_레이아웃\\신한카드_빅콘테스트2026_데이터2.csv""], ""raw_rows"": 232640, ""scope"": ""merchant_district""}",2026-10-06 06:13:06
market,2022Q1,0c588a324a4ce86ae177415870b5acf6208281d69da6530e3ddaaf61142230e4,analysis3_v1,,"{""amount_total"": 2964950358792.0, ""availability_policy"": ""explicit_date_only_else_retrospective"", ""count_total"": 87327253, ""district"": ""11680"", ""domain_mapping_version"": ""analysis3_v1"", ""observation_period"": ""2022Q1"", ""paths"": [""C:\\Users\\user\\Desktop\\Team_Together\\서울시 공공데이터\\서울 상권분석 데이터\\서울시_상권분석서비스(추정매출-행정동)_2022년.csv""], ""raw_rows"": 964, ""scope"": ""merchant_dong""}",2026-10-06 06:13:06
market,2022Q2,cdc5e746699b625fbb6d588f7ca0cd7186ec73b5ec6b1b36e6f0c6fe8ff74f81,analysis3_v1,,"{""amount_total"": 3286992312229.0, ""availability_policy"": ""explicit_date_only_else_retrospective"", ""count_total"": 100688742, ""district"": ""11680"", ""domain_mapping_version"": ""analysis3_v1"", ""observation_period"": ""2022Q2"", ""paths"": [""C:\\Users\\user\\Desktop\\Team_Together\\서울시 공공데이터\\서울 상권분석 데이터\\서울시_상권분석서비스(추정매출-행정동)_2022년.csv""], ""raw_rows"": 963, ""scope"": ""merchant_dong""}",2026-10-06 06:13:06
market,2022Q3,0c48ee359a3a18c0d143adb33a55a55a7306a1ef822c4cc7609ebfdddd7c5129,analysis3_v1,,"{""amount_total"": 3280332263298.0, ""availability_policy"": ""explicit_date_only_else_retrospective"", ""count_total"": 102888374, ""district"": ""11680"", ""domain_mapping_version"": ""analysis3_v1"", ""observation_period"": ""2022Q3"", ""paths"": [""C:\\Users\\user\\Desktop\\Team_Together\\서울시 공공데이터\\서울 상권분석 데이터\\서울시_상권분석서비스(추정매출-행정동)_2022년.csv""], ""raw_rows"": 958, ""scope"": ""merchant_dong""}",2026-10-06 06:13:07
market,2022Q4,361e85e86f14069509ee7d05996eedcf4ea2905f6f6ef70140eff2b878955926,analysis3_v1,,"{""amount_total"": 3379925196487.0, ""availability_policy"": ""explicit_date_only_else_retrospective"", ""count_total"": 99193495, ""district"": ""11680"", ""domain_mapping_version"": ""analysis3_v1"", ""observation_period"": ""2022Q4"", ""paths"": [""C:\\Users\\user\\Desktop\\Team_Together\\서울시 공공데이터\\서울 상권분석 데이터\\서울시_상권분석서비스(추정매출-행정동)_2022년.csv""], ""raw_rows"": 957, ""scope"": ""merchant_dong""}",2026-10-06 06:13:07
market,2023Q1,997e5227f139bef336f873b68ffa94e07ee12c5202e367ce01bcaeab723eb174,analysis3_v1,,"{""amount_total"": 3271013842359.0, ""availability_policy"": ""explicit_date_only_else_retrospective"", ""count_total"": 95707356, ""district"": ""11680"", ""domain_mapping_version"": ""analysis3_v1"", ""observation_period"": ""2023Q1"", ""paths"": [""C:\\Users\\user\\Desktop\\Team_Together\\서울시 공공데이터\\서울 상권분석 데이터\\서울시_상권분석서비스(추정매출-행정동)_2023년.csv""], ""raw_rows"": 953, ""scope"": ""merchant_dong""}",2026-10-06 06:13:07
market,2023Q2,ac33dd151c13d8427de989b70410f6e25757572eaeb277c2268fcbfca19258b0,analysis3_v1,,"{""amount_total"": 3211583374595.0, ""availability_policy"": ""explicit_date_only_else_retrospective"", ""count_total"": 100562714, ""district"": ""11680"", ""domain_mapping_version"": ""analysis3_v1"", ""observation_period"": ""2023Q2"", ""paths"": [""C:\\Users\\user\\Desktop\\Team_Together\\서울시 공공데이터\\서울 상권분석 데이터\\서울시_상권분석서비스(추정매출-행정동)_2023년.csv""], ""raw_rows"": 949, ""scope"": ""merchant_dong""}",2026-10-06 06:13:07
market,2023Q3,214758dd15f826509d52a3ba166efc01bb69c28ea93081c7a53f58e4575079e8,analysis3_v1,,"{""amount_total"": 3221456682750.0, ""availability_policy"": ""explicit_date_only_else_retrospective"", ""count_total"": 101938993, ""district"": ""11680"", ""domain_mapping_version"": ""analysis3_v1"", ""observation_period"": ""2023Q3"", ""paths"": [""C:\\Users\\user\\Desktop\\Team_Together\\서울시 공공데이터\\서울 상권분석 데이터\\서울시_상권분석서비스(추정매출-행정동)_2023년.csv""], ""raw_rows"": 951, ""scope"": ""merchant_dong""}",2026-10-06 06:13:07
market,2023Q4,76a42ee687c1a589665d6c404e77842570dc1288e6e2652abe10c2b94caf7654,analysis3_v1,,"{""amount_total"": 3333172185930.0, ""availability_policy"": ""explicit_date_only_else_retrospective"", ""count_total"": 96522903, ""district"": ""11680"", ""domain_mapping_version"": ""analysis3_v1"", ""observation_period"": ""2023Q4"", ""paths"": [""C:\\Users\\user\\Desktop\\Team_Together\\서울시 공공데이터\\서울 상권분석 데이터\\서울시_상권분석서비스(추정매출-행정동)_2023년.csv""], ""raw_rows"": 952, ""scope"": ""merchant_dong""}",2026-10-06 06:13:07
market,2024Q1,b06a5a48199576a1176a8867c3acc86a1e5151d73cb84ecae0eaea4b29cb1ded,analysis3_v1,,"{""amount_total"": 3238828672435.0, ""availability_policy"": ""explicit_date_only_else_retrospective"", ""count_total"": 92108714, ""district"": ""11680"", ""domain_mapping_version"": ""analysis3_v1"", ""observation_period"": ""2024Q1"", ""paths"": [""C:\\Users\\user\\Desktop\\Team_Together\\서울시 공공데이터\\서울 상권분석 데이터\\서울시 상권분석서비스(추정매출-행정동)_2024년.csv""], ""raw_rows"": 952, ""scope"": ""merchant_dong""}",2026-10-06 06:13:07
market,2024Q2,79cffd38b89d908bdca460d7e1813ac52dab3525557c381d9db9213a4be73810,analysis3_v1,,"{""amount_total"": 3165985943196.0, ""availability_policy"": ""explicit_date_only_else_retrospective"", ""count_total"": 96512857, ""district"": ""11680"", ""domain_mapping_version"": ""analysis3_v1"", ""observation_period"": ""2024Q2"", ""paths"": [""C:\\Users\\user\\Desktop\\Team_Together\\서울시 공공데이터\\서울 상권분석 데이터\\서울시 상권분석서비스(추정매출-행정동)_2024년.csv""], ""raw_rows"": 947, ""scope"": ""merchant_dong""}",2026-10-06 06:13:07
market,2024Q3,9779226f586eff5616de29df407fd8f4bc51f2914204cd5ad46af8e7e056ad92,analysis3_v1,,"{""amount_total"": 3140601522656.0, ""availability_policy"": ""explicit_date_only_else_retrospective"", ""count_total"": 96169009, ""district"": ""11680"", ""domain_mapping_version"": ""analysis3_v1"", ""observation_period"": ""2024Q3"", ""paths"": [""C:\\Users\\user\\Desktop\\Team_Together\\서울시 공공데이터\\서울 상권분석 데이터\\서울시 상권분석서비스(추정매출-행정동)_2024년.csv""], ""raw_rows"": 938, ""scope"": ""merchant_dong""}",2026-10-06 06:13:07
market,2024Q4,377914100fc1e36760202904ecadddbb4ac45031bd14c05abadbacf54d2d5db3,analysis3_v1,,"{""amount_total"": 3233362535728.0, ""availability_policy"": ""explicit_date_only_else_retrospective"", ""count_total"": 91390658, ""district"": ""11680"", ""domain_mapping_version"": ""analysis3_v1"", ""observation_period"": ""2024Q4"", ""paths"": [""C:\\Users\\user\\Desktop\\Team_Together\\서울시 공공데이터\\서울 상권분석 데이터\\서울시 상권분석서비스(추정매출-행정동)_2024년.csv""], ""raw_rows"": 938, ""scope"": ""merchant_dong""}",2026-10-06 06:13:07
market,2025Q1,cf88794f424023fedda5fab6d843119de88464c0ae172b014470ac2b8aa7e1e4,analysis3_v1,,"{""amount_total"": 3090128418448.0, ""availability_policy"": ""explicit_date_only_else_retrospective"", ""count_total"": 83991431, ""district"": ""11680"", ""domain_mapping_version"": ""analysis3_v1"", ""observation_period"": ""2025Q1"", ""paths"": [""C:\\Users\\user\\Desktop\\Team_Together\\서울시 공공데이터\\서울 상권분석 데이터\\서울시 상권분석서비스(추정매출-행정동)_2025년.csv""], ""raw_rows"": 930, ""scope"": ""merchant_dong""}",2026-10-06 06:13:07
market,2025Q2,1c1c62dccd3fd4d961daf7abc4245e285aa9ddb027418101b80c27dfc9d0254a,analysis3_v1,,"{""amount_total"": 3048664824209.0, ""availability_policy"": ""explicit_date_only_else_retrospective"", ""count_total"": 89331876, ""district"": ""11680"", ""domain_mapping_version"": ""analysis3_v1"", ""observation_period"": ""2025Q2"", ""paths"": [""C:\\Users\\user\\Desktop\\Team_Together\\서울시 공공데이터\\서울 상권분석 데이터\\서울시 상권분석서비스(추정매출-행정동)_2025년.csv""], ""raw_rows"": 936, ""scope"": ""merchant_dong""}",2026-10-06 06:13:07
market,2025Q3,bc87e49ba748edaddf84b79e84924555005206a1c0b7165d9357b3da15863030,analysis3_v1,,"{""amount_total"": 3231821210093.0, ""availability_policy"": ""explicit_date_only_else_retrospective"", ""count_total"": 95364118, ""district"": ""11680"", ""domain_mapping_version"": ""analysis3_v1"", ""observation_period"": ""2025Q3"", ""paths"": [""C:\\Users\\user\\Desktop\\Team_Together\\서울시 공공데이터\\서울 상권분석 데이터\\서울시 상권분석서비스(추정매출-행정동)_2025년.csv""], ""raw_rows"": 942, ""scope"": ""merchant_dong""}",2026-10-06 06:13:07
market,2025Q4,6a36161e3443ec96dfd076419e683199f6408f9ac7616ac14c7f071f595c1e12,analysis3_v1,,"{""amount_total"": 3273101516058.0, ""availability_policy"": ""explicit_date_only_else_retrospective"", ""count_total"": 86941321, ""district"": ""11680"", ""domain_mapping_version"": ""analysis3_v1"", ""observation_period"": ""2025Q4"", ""paths"": [""C:\\Users\\user\\Desktop\\Team_Together\\서울시 공공데이터\\서울 상권분석 데이터\\서울시 상권분석서비스(추정매출-행정동)_2025년.csv""], ""raw_rows"": 934, ""scope"": ""merchant_dong""}",2026-10-06 06:13:07
