period,adm_cd,above_prior_max_cells,age_capture_ratio,amount,below_prior_min_cells,compared_age_domain_cells,count,daily_count,interpretation,observed_industries
2022Q1,1123051,0,0.9392335630100458,269359405810.0,0,0,4470922,49676.91111111111,merchant_area_consumption_context_not_resident_consumption,57
2022Q1,1123052,0,0.9297132877518214,258946713313.0,0,0,5743703,63818.92222222222,merchant_area_consumption_context_not_resident_consumption,58
2022Q1,1123053,0,0.8969050168835726,176941603714.0,0,0,5366459,59627.322222222225,merchant_area_consumption_context_not_resident_consumption,49
2022Q1,1123058,0,0.906688635768401,259530691542.0,0,0,8182401,90915.56666666667,merchant_area_consumption_context_not_resident_consumption,51
2022Q1,1123059,0,0.9063149320125383,88000040388.0,0,0,3361208,37346.75555555556,merchant_area_consumption_context_not_resident_consumption,48
2022Q1,1123060,0,0.9799934187894681,112807360280.0,0,0,2677319,29747.98888888889,merchant_area_consumption_context_not_resident_consumption,42
2022Q1,1123063,0,0.9296324857304807,183173992867.0,0,0,6068880,67432.0,merchant_area_consumption_context_not_resident_consumption,53
2022Q1,1123064,0,0.9258006880742531,485921227216.0,0,0,20034175,222601.94444444444,merchant_area_consumption_context_not_resident_consumption,60
2022Q1,1123065,0,0.9387959967937021,94434044452.0,0,0,4800552,53339.46666666667,merchant_area_consumption_context_not_resident_consumption,54
2022Q1,1123066,0,0.9481472305277827,67128459485.0,0,0,2365216,26280.17777777778,merchant_area_consumption_context_not_resident_consumption,48
2022Q1,1123067,0,0.9239856378126103,64886904712.0,0,0,2064031,22933.67777777778,merchant_area_consumption_context_not_resident_consumption,41
2022Q1,1123068,0,0.9814610682433109,104414916.0,0,0,9979,110.87777777777778,merchant_area_consumption_context_not_resident_consumption,4
2022Q1,1123071,0,0.92576495964765,54462433561.0,0,0,2213254,24591.71111111111,merchant_area_consumption_context_not_resident_consumption,55
2022Q1,1123072,0,0.9977716434905628,10222345905.0,0,0,1449050,16100.555555555555,merchant_area_consumption_context_not_resident_consumption,17
2022Q1,1123073,0,0.9681279482354893,22787408865.0,0,0,1060804,11786.711111111112,merchant_area_consumption_context_not_resident_consumption,41
2022Q1,1123074,0,0.9689379041043562,4071532259.0,0,0,282724,3141.3777777777777,merchant_area_consumption_context_not_resident_consumption,20
2022Q1,1123075,0,0.9578484245168378,56328548749.0,0,0,3511399,39015.544444444444,merchant_area_consumption_context_not_resident_consumption,40
2022Q1,1123076,0,0.9496452914174434,28254417530.0,0,0,1063972,11821.91111111111,merchant_area_consumption_context_not_resident_consumption,36
2022Q1,1123077,0,0.9374790505447722,324022844808.0,0,0,4630192,51446.57777777778,merchant_area_consumption_context_not_resident_consumption,54
2022Q1,1123078,0,0.9187229629993885,248699567876.0,0,0,3497753,38863.92222222222,merchant_area_consumption_context_not_resident_consumption,53
2022Q1,1123079,0,0.9244002661246238,134431264825.0,0,0,3539695,39329.944444444445,merchant_area_consumption_context_not_resident_consumption,46
2022Q1,1123080,0,0.9675876880560004,20435135719.0,0,0,933565,10372.944444444445,merchant_area_consumption_context_not_resident_consumption,37
2022Q2,1123051,0,0.9346579455684839,284552819563.0,0,0,5273342,57948.81318681319,merchant_area_consumption_context_not_resident_consumption,55
2022Q2,1123052,0,0.9292253158214611,264455127441.0,0,0,6578242,72288.37362637362,merchant_area_consumption_context_not_resident_consumption,58
2022Q2,1123053,0,0.8991805605912485,200729149518.0,0,0,6357395,69861.48351648351,merchant_area_consumption_context_not_resident_consumption,50
2022Q2,1123058,0,0.9081967789682196,310596821254.0,0,0,9724027,106857.43956043955,merchant_area_consumption_context_not_resident_consumption,51
2022Q2,1123059,0,0.9051086904061294,98345514186.0,0,0,3957433,43488.27472527473,merchant_area_consumption_context_not_resident_consumption,50
2022Q2,1123060,0,0.9811127065334418,114174774275.0,0,0,2934089,32242.736263736264,merchant_area_consumption_context_not_resident_consumption,42
2022Q2,1123063,0,0.9282538945157474,201110488499.0,0,0,6853933,75317.94505494506,merchant_area_consumption_context_not_resident_consumption,53
2022Q2,1123064,0,0.9256806769440319,536295264237.0,0,0,23144129,254331.0879120879,merchant_area_consumption_context_not_resident_consumption,61
2022Q2,1123065,0,0.9391201016285601,97560786465.0,0,0,5265449,57862.07692307692,merchant_area_consumption_context_not_resident_consumption,55
2022Q2,1123066,0,0.9503084005284048,71947173543.0,0,0,2635858,28965.472527472528,merchant_area_consumption_context_not_resident_consumption,47
2022Q2,1123067,0,0.92653049462459,77581403020.0,0,0,2394422,26312.32967032967,merchant_area_consumption_context_not_resident_consumption,40
2022Q2,1123068,0,0.9285714285714286,37493565.0,0,0,1120,12.307692307692308,merchant_area_consumption_context_not_resident_consumption,3
2022Q2,1123071,0,0.9253291247518896,62031019222.0,0,0,2353287,25860.296703296703,merchant_area_consumption_context_not_resident_consumption,54
2022Q2,1123072,0,0.9974111418227118,11802226594.0,0,0,1592594,17501.032967032967,merchant_area_consumption_context_not_resident_consumption,17
2022Q2,1123073,0,0.9633030412935502,26871734774.0,0,0,1174566,12907.318681318682,merchant_area_consumption_context_not_resident_consumption,42
2022Q2,1123074,0,0.9720418052200761,4178880709.0,0,0,340723,3744.2087912087914,merchant_area_consumption_context_not_resident_consumption,20
2022Q2,1123075,0,0.9599634961790393,60303285392.0,0,0,4103680,45095.38461538462,merchant_area_consumption_context_not_resident_consumption,40
2022Q2,1123076,0,0.9539548168665382,31048187956.0,0,0,1295749,14239.0,merchant_area_consumption_context_not_resident_consumption,34
2022Q2,1123077,0,0.9387199309385531,384559573802.0,0,0,5599651,61534.62637362637,merchant_area_consumption_context_not_resident_consumption,54
2022Q2,1123078,0,0.9182524648278761,281696104380.0,0,0,4038923,44383.769230769234,merchant_area_consumption_context_not_resident_consumption,54
2022Q2,1123079,0,0.923290396135677,145016778643.0,0,0,4040863,44405.08791208791,merchant_area_consumption_context_not_resident_consumption,45
2022Q2,1123080,0,0.9682307894841669,22097705191.0,0,0,1029267,11310.626373626374,merchant_area_consumption_context_not_resident_consumption,38
2022Q3,1123051,0,0.9368577909316396,276882336841.0,0,0,5082749,55247.27173913043,merchant_area_consumption_context_not_resident_consumption,55
2022Q3,1123052,0,0.9286017267401001,254739186066.0,0,0,6876889,74748.79347826086,merchant_area_consumption_context_not_resident_consumption,58
2022Q3,1123053,0,0.8967943409192483,192979401871.0,0,0,6242710,67855.54347826086,merchant_area_consumption_context_not_resident_consumption,50
2022Q3,1123058,0,0.9118789454508052,319563470740.0,0,0,9897158,107577.80434782608,merchant_area_consumption_context_not_resident_consumption,52
2022Q3,1123059,0,0.9068508250166367,99951751463.0,0,0,3988162,43349.586956521736,merchant_area_consumption_context_not_resident_consumption,49
2022Q3,1123060,0,0.9832790768334047,124076474519.0,0,0,3225420,35058.913043478264,merchant_area_consumption_context_not_resident_consumption,42
2022Q3,1123063,0,0.9351494061470365,218973467511.0,0,0,7588242,82480.89130434782,merchant_area_consumption_context_not_resident_consumption,52
2022Q3,1123064,0,0.9244781963940452,540126422349.0,0,0,23642947,256988.55434782608,merchant_area_consumption_context_not_resident_consumption,59
2022Q3,1123065,0,0.9443177981339597,99043132100.0,0,0,5461404,59363.086956521736,merchant_area_consumption_context_not_resident_consumption,55
2022Q3,1123066,0,0.9480997037720118,69062837159.0,0,0,2533184,27534.608695652172,merchant_area_consumption_context_not_resident_consumption,45
2022Q3,1123067,0,0.9255169063376063,72847815762.0,0,0,2251907,24477.25,merchant_area_consumption_context_not_resident_consumption,40
2022Q3,1123068,0,0.9267068273092369,44448046.0,0,0,996,10.826086956521738,merchant_area_consumption_context_not_resident_consumption,3
2022Q3,1123071,0,0.9284393625712835,59047856912.0,0,0,2321891,25237.945652173912,merchant_area_consumption_context_not_resident_consumption,54
2022Q3,1123072,0,0.9978313598155235,12152477847.0,0,0,1689538,18364.543478260868,merchant_area_consumption_context_not_resident_consumption,17
2022Q3,1123073,0,0.969256137112766,28602103755.0,0,0,1209282,13144.369565217392,merchant_area_consumption_context_not_resident_consumption,41
2022Q3,1123074,0,0.9777035892352101,4218181450.0,0,0,342970,3727.9347826086955,merchant_area_consumption_context_not_resident_consumption,20
2022Q3,1123075,0,0.9655903036283223,61341771836.0,0,0,4272691,46442.29347826087,merchant_area_consumption_context_not_resident_consumption,40
2022Q3,1123076,0,0.9539879238607544,32887295898.0,0,0,1440361,15656.097826086956,merchant_area_consumption_context_not_resident_consumption,34
2022Q3,1123077,0,0.9431904315593893,357196025063.0,0,0,5578004,60630.47826086957,merchant_area_consumption_context_not_resident_consumption,54
2022Q3,1123078,0,0.9201659851090738,269306292975.0,0,0,4064220,44176.30434782609,merchant_area_consumption_context_not_resident_consumption,54
2022Q3,1123079,0,0.9248887346177986,166424154849.0,0,0,4206160,45719.13043478261,merchant_area_consumption_context_not_resident_consumption,46
2022Q3,1123080,0,0.9673099746883392,20865358286.0,0,0,971489,10559.66304347826,merchant_area_consumption_context_not_resident_consumption,38
2022Q4,1123051,0,0.9298718957036405,280328244657.0,0,0,4876105,53001.141304347824,merchant_area_consumption_context_not_resident_consumption,55
2022Q4,1123052,0,0.9279120359415798,273632076522.0,0,0,6537943,71064.59782608696,merchant_area_consumption_context_not_resident_consumption,58
2022Q4,1123053,0,0.8946723890496046,221667688993.0,0,0,6184836,67226.47826086957,merchant_area_consumption_context_not_resident_consumption,50
2022Q4,1123058,0,0.9063986322146955,314623116932.0,0,0,9046449,98330.96739130435,merchant_area_consumption_context_not_resident_consumption,50
2022Q4,1123059,0,0.8987475507069851,97241071838.0,0,0,3776600,41050.0,merchant_area_consumption_context_not_resident_consumption,51
2022Q4,1123060,0,0.9815904271944998,120520787411.0,0,0,3016963,32793.07608695652,merchant_area_consumption_context_not_resident_consumption,41
2022Q4,1123063,0,0.9269863809998339,226652845886.0,0,0,7225200,78534.78260869565,merchant_area_consumption_context_not_resident_consumption,53
2022Q4,1123064,0,0.9171992058785954,550704585319.0,0,0,22965758,249627.80434782608,merchant_area_consumption_context_not_resident_consumption,59
2022Q4,1123065,0,0.940528226869406,105028019423.0,0,0,5291855,57520.163043478264,merchant_area_consumption_context_not_resident_consumption,55
2022Q4,1123066,0,0.9476159405721516,69364958323.0,0,0,2472107,26870.728260869564,merchant_area_consumption_context_not_resident_consumption,45
2022Q4,1123067,0,0.920701653828788,71055740458.0,0,0,2219214,24121.891304347828,merchant_area_consumption_context_not_resident_consumption,40
2022Q4,1123068,0,0.938996138996139,38351352.0,0,0,1295,14.076086956521738,merchant_area_consumption_context_not_resident_consumption,2
2022Q4,1123071,0,0.9253865779276423,60165270029.0,0,0,2260411,24569.684782608696,merchant_area_consumption_context_not_resident_consumption,54
2022Q4,1123072,0,0.9977496269660341,12406805182.0,0,0,1602401,17417.402173913044,merchant_area_consumption_context_not_resident_consumption,17
2022Q4,1123073,0,0.9704884624230189,27526534007.0,0,0,1252256,13611.478260869566,merchant_area_consumption_context_not_resident_consumption,40
2022Q4,1123074,0,0.9727799508337672,5019121121.0,0,0,330308,3590.304347826087,merchant_area_consumption_context_not_resident_consumption,20
2022Q4,1123075,0,0.9625613689841166,61837519807.0,0,0,4294922,46683.934782608696,merchant_area_consumption_context_not_resident_consumption,40
2022Q4,1123076,0,0.9558475948545015,34229134672.0,0,0,1391974,15130.152173913044,merchant_area_consumption_context_not_resident_consumption,35
2022Q4,1123077,0,0.9363686134609611,365712966215.0,0,0,5379185,58469.40217391304,merchant_area_consumption_context_not_resident_consumption,53
2022Q4,1123078,0,0.9166601557541719,295816181542.0,0,0,4057291,44100.989130434784,merchant_area_consumption_context_not_resident_consumption,54
2022Q4,1123079,0,0.9170364490090533,164239197435.0,0,0,3998298,43459.760869565216,merchant_area_consumption_context_not_resident_consumption,46
2022Q4,1123080,0,0.9659685967332066,22114979363.0,0,0,1012124,11001.347826086956,merchant_area_consumption_context_not_resident_consumption,39
2023Q1,1123051,0,0.932862972719714,285891969446.0,0,0,4659262,51769.57777777778,merchant_area_consumption_context_not_resident_consumption,55
2023Q1,1123052,0,0.9278298152560747,271775916886.0,0,0,6128916,68099.06666666667,merchant_area_consumption_context_not_resident_consumption,57
2023Q1,1123053,0,0.8892965434953859,196001309337.0,0,0,5806386,64515.4,merchant_area_consumption_context_not_resident_consumption,51
2023Q1,1123058,0,0.9012143403486843,285753604667.0,0,0,8806592,97851.02222222222,merchant_area_consumption_context_not_resident_consumption,49
2023Q1,1123059,0,0.8968263576664892,95477704305.0,0,0,3617862,40198.46666666667,merchant_area_consumption_context_not_resident_consumption,49
2023Q1,1123060,0,0.9825339554970675,121993489000.0,0,0,2886057,32067.3,merchant_area_consumption_context_not_resident_consumption,41
2023Q1,1123063,0,0.9314168735608419,209574167869.0,0,0,7196916,79965.73333333334,merchant_area_consumption_context_not_resident_consumption,53
2023Q1,1123064,0,0.9182066028326528,564967581951.0,0,0,22719340,252437.11111111112,merchant_area_consumption_context_not_resident_consumption,58
2023Q1,1123065,0,0.9385049059663813,99674498043.0,0,0,4974657,55273.96666666667,merchant_area_consumption_context_not_resident_consumption,55
2023Q1,1123066,0,0.9470156038664896,66762529075.0,0,0,2449457,27216.18888888889,merchant_area_consumption_context_not_resident_consumption,45
2023Q1,1123067,0,0.9197554959584755,68420436161.0,0,0,2136570,23739.666666666668,merchant_area_consumption_context_not_resident_consumption,42
2023Q1,1123068,0,0.971953578336557,26278943.0,0,0,1034,11.488888888888889,merchant_area_consumption_context_not_resident_consumption,2
2023Q1,1123071,0,0.9294555660756966,59154374632.0,0,0,2104957,23388.411111111112,merchant_area_consumption_context_not_resident_consumption,52
2023Q1,1123072,0,0.9982040558460319,11891127184.0,0,0,1519535,16883.722222222223,merchant_area_consumption_context_not_resident_consumption,17
2023Q1,1123073,0,0.9719723865877712,27734010535.0,0,0,1216800,13520.0,merchant_area_consumption_context_not_resident_consumption,41
2023Q1,1123074,0,0.9739126749451488,4559614339.0,0,0,306739,3408.211111111111,merchant_area_consumption_context_not_resident_consumption,20
2023Q1,1123075,0,0.9730654453186091,60970837336.0,0,0,4073095,45256.61111111111,merchant_area_consumption_context_not_resident_consumption,40
2023Q1,1123076,0,0.9557567802632189,35397118273.0,0,0,1445261,16058.455555555556,merchant_area_consumption_context_not_resident_consumption,35
2023Q1,1123077,0,0.938211821278715,345587573137.0,0,0,5031723,55908.03333333333,merchant_area_consumption_context_not_resident_consumption,53
2023Q1,1123078,0,0.9177890339833304,260411553790.0,0,0,3688632,40984.8,merchant_area_consumption_context_not_resident_consumption,53
2023Q1,1123079,0,0.9147116476174588,175608566508.0,0,0,3932272,43691.91111111111,merchant_area_consumption_context_not_resident_consumption,46
2023Q1,1123080,0,0.9661521566349313,23379580942.0,0,0,1005293,11169.922222222222,merchant_area_consumption_context_not_resident_consumption,39
2023Q2,1123051,0,0.9313730395163503,259156098876.0,0,0,4697119,51616.692307692305,merchant_area_consumption_context_not_resident_consumption,56
2023Q2,1123052,0,0.9326812394131306,244297329278.0,0,0,6610193,72639.48351648351,merchant_area_consumption_context_not_resident_consumption,58
2023Q2,1123053,0,0.8965113649082613,188408143285.0,0,0,6021782,66173.42857142857,merchant_area_consumption_context_not_resident_consumption,49
2023Q2,1123058,0,0.903778592698698,300088331611.0,0,0,9391777,103206.34065934065,merchant_area_consumption_context_not_resident_consumption,50
2023Q2,1123059,0,0.8993795449575297,89533403753.0,0,0,3799953,41757.72527472527,merchant_area_consumption_context_not_resident_consumption,48
2023Q2,1123060,0,0.9822903269672181,121696177302.0,0,0,3051835,33536.64835164835,merchant_area_consumption_context_not_resident_consumption,41
2023Q2,1123063,0,0.9321288751218091,214171730919.0,0,0,7027392,77224.08791208791,merchant_area_consumption_context_not_resident_consumption,52
2023Q2,1123064,0,0.9193909982000623,528855378327.0,0,0,23681375,260234.8901098901,merchant_area_consumption_context_not_resident_consumption,59
2023Q2,1123065,0,0.940405067148142,100862425882.0,0,0,5421669,59578.78021978022,merchant_area_consumption_context_not_resident_consumption,55
2023Q2,1123066,0,0.9495696037687373,67964882743.0,0,0,2549395,28015.32967032967,merchant_area_consumption_context_not_resident_consumption,45
2023Q2,1123067,0,0.924909005161371,69004064795.0,0,0,2351507,25840.736263736264,merchant_area_consumption_context_not_resident_consumption,41
2023Q2,1123068,0,0.935251798561151,34253897.0,0,0,1112,12.219780219780219,merchant_area_consumption_context_not_resident_consumption,2
2023Q2,1123071,0,0.9339259416730943,58590932441.0,0,0,2201454,24191.802197802197,merchant_area_consumption_context_not_resident_consumption,51
2023Q2,1123072,0,0.9974745191600533,12212208873.0,0,0,1482094,16286.747252747253,merchant_area_consumption_context_not_resident_consumption,17
2023Q2,1123073,0,0.9712551118816363,29897336701.0,0,0,1250518,13741.956043956045,merchant_area_consumption_context_not_resident_consumption,42
2023Q2,1123074,0,0.9747900862817765,5494360665.0,0,0,345380,3795.3846153846152,merchant_area_consumption_context_not_resident_consumption,20
2023Q2,1123075,0,0.9761205540597081,62043817840.0,0,0,4299681,47249.241758241755,merchant_area_consumption_context_not_resident_consumption,40
2023Q2,1123076,0,0.9521656625833591,35188100990.0,0,0,1567765,17228.186813186814,merchant_area_consumption_context_not_resident_consumption,34
2023Q2,1123077,0,0.9359331270288737,364102773979.0,0,0,5407865,59427.08791208791,merchant_area_consumption_context_not_resident_consumption,51
2023Q2,1123078,0,0.9194534654051295,267877987646.0,0,0,4055370,44564.505494505494,merchant_area_consumption_context_not_resident_consumption,53
2023Q2,1123079,0,0.9185744603114141,165282302306.0,0,0,4116448,45235.692307692305,merchant_area_consumption_context_not_resident_consumption,45
2023Q2,1123080,0,0.9700437844731647,26821332486.0,0,0,1231030,13527.802197802197,merchant_area_consumption_context_not_resident_consumption,40
2023Q3,1123051,0,0.9299116259043104,273724671264.0,0,0,4691420,50993.69565217391,merchant_area_consumption_context_not_resident_consumption,55
2023Q3,1123052,0,0.9314520545505546,261931539903.0,0,0,6737970,73238.80434782608,merchant_area_consumption_context_not_resident_consumption,58
2023Q3,1123053,0,0.8963658127925955,187167891140.0,0,0,5768415,62700.163043478264,merchant_area_consumption_context_not_resident_consumption,50
2023Q3,1123058,0,0.9017788000812454,281551771523.0,0,0,9221441,100233.05434782608,merchant_area_consumption_context_not_resident_consumption,49
2023Q3,1123059,0,0.8998056980667187,88567034494.0,0,0,3707117,40294.75,merchant_area_consumption_context_not_resident_consumption,50
2023Q3,1123060,0,0.984012093232234,130354235451.0,0,0,3267282,35513.934782608696,merchant_area_consumption_context_not_resident_consumption,41
2023Q3,1123063,0,0.9361044800456978,216614636891.0,0,0,7898848,85857.04347826086,merchant_area_consumption_context_not_resident_consumption,53
2023Q3,1123064,0,0.9201475243153738,534452767280.0,0,0,23987910,260738.15217391305,merchant_area_consumption_context_not_resident_consumption,59
2023Q3,1123065,0,0.9414048174772452,98622370158.0,0,0,5707261,62035.44565217391,merchant_area_consumption_context_not_resident_consumption,54
2023Q3,1123066,0,0.9549074909791738,69018383595.0,0,0,2538293,27590.141304347828,merchant_area_consumption_context_not_resident_consumption,46
2023Q3,1123067,0,0.9261864352103608,68583644232.0,0,0,2278443,24765.684782608696,merchant_area_consumption_context_not_resident_consumption,41
2023Q3,1123068,0,0.9764521193092621,40153785.0,0,0,1274,13.847826086956522,merchant_area_consumption_context_not_resident_consumption,3
2023Q3,1123071,0,0.933319889634239,57264623050.0,0,0,2092678,22746.5,merchant_area_consumption_context_not_resident_consumption,51
2023Q3,1123072,0,0.9983211877547317,12880575242.0,0,0,1520718,16529.543478260868,merchant_area_consumption_context_not_resident_consumption,16
2023Q3,1123073,0,0.9715972087096195,30326726977.0,0,0,1310505,14244.619565217392,merchant_area_consumption_context_not_resident_consumption,42
2023Q3,1123074,0,0.9772900735021159,3967129314.0,0,0,336725,3660.054347826087,merchant_area_consumption_context_not_resident_consumption,19
2023Q3,1123075,0,0.9764668112269147,59275360375.0,0,0,4460424,48482.86956521739,merchant_area_consumption_context_not_resident_consumption,39
2023Q3,1123076,0,0.9511252766940819,34240914927.0,0,0,1540510,16744.67391304348,merchant_area_consumption_context_not_resident_consumption,34
2023Q3,1123077,0,0.9360727212378596,348791844568.0,0,0,5374826,58422.02173913043,merchant_area_consumption_context_not_resident_consumption,52
2023Q3,1123078,0,0.9193871072802398,263287086337.0,0,0,3997698,43453.239130434784,merchant_area_consumption_context_not_resident_consumption,54
2023Q3,1123079,0,0.9269011592721709,174995719369.0,0,0,4311067,46859.42391304348,merchant_area_consumption_context_not_resident_consumption,45
2023Q3,1123080,0,0.967842089670821,25797602875.0,0,0,1188168,12914.869565217392,merchant_area_consumption_context_not_resident_consumption,40
2023Q4,1123051,0,0.9291606376670665,277210449838.0,0,0,4459004,48467.434782608696,merchant_area_consumption_context_not_resident_consumption,56
2023Q4,1123052,0,0.9247605020459906,281970006245.0,0,0,6424272,69829.04347826086,merchant_area_consumption_context_not_resident_consumption,57
2023Q4,1123053,0,0.8932262965813885,208752633569.0,0,0,5722645,62202.663043478264,merchant_area_consumption_context_not_resident_consumption,50
2023Q4,1123058,0,0.8949627353205238,293811122231.0,0,0,8747962,95086.54347826086,merchant_area_consumption_context_not_resident_consumption,50
2023Q4,1123059,0,0.8957152820093663,93493292970.0,0,0,3543127,38512.25,merchant_area_consumption_context_not_resident_consumption,49
2023Q4,1123060,0,0.9835341969980071,125453224376.0,0,0,3055970,33217.065217391304,merchant_area_consumption_context_not_resident_consumption,41
2023Q4,1123063,0,0.9316686811342944,225197742324.0,0,0,7279839,79128.68478260869,merchant_area_consumption_context_not_resident_consumption,52
2023Q4,1123064,0,0.914145513754196,536697592798.0,0,0,22738043,247152.64130434784,merchant_area_consumption_context_not_resident_consumption,58
2023Q4,1123065,0,0.9390405044353415,102532623544.0,0,0,5368696,58355.391304347824,merchant_area_consumption_context_not_resident_consumption,55
2023Q4,1123066,0,0.9526670598450222,68743411725.0,0,0,2441640,26539.565217391304,merchant_area_consumption_context_not_resident_consumption,46
2023Q4,1123067,0,0.9226824207549001,71692856604.0,0,0,2256007,24521.815217391304,merchant_area_consumption_context_not_resident_consumption,42
2023Q4,1123068,0,0.9187969924812031,46603953.0,0,0,1330,14.456521739130435,merchant_area_consumption_context_not_resident_consumption,2
2023Q4,1123071,0,0.9264299399100994,56544853179.0,0,0,2027795,22041.25,merchant_area_consumption_context_not_resident_consumption,51
2023Q4,1123072,0,0.9971370916428818,12627222784.0,0,0,1375175,14947.554347826086,merchant_area_consumption_context_not_resident_consumption,20
2023Q4,1123073,0,0.9707856836189064,32911391101.0,0,0,1383534,15038.41304347826,merchant_area_consumption_context_not_resident_consumption,41
2023Q4,1123074,0,0.9709041005357908,3916927000.0,0,0,296571,3223.5978260869565,merchant_area_consumption_context_not_resident_consumption,19
2023Q4,1123075,0,0.9745227929249188,58018626561.0,0,0,4089734,44453.63043478261,merchant_area_consumption_context_not_resident_consumption,38
2023Q4,1123076,0,0.9539555247529171,35916780471.0,0,0,1523679,16561.728260869564,merchant_area_consumption_context_not_resident_consumption,33
2023Q4,1123077,0,0.932970035377124,372595785260.0,0,0,4625588,50278.13043478261,merchant_area_consumption_context_not_resident_consumption,52
2023Q4,1123078,0,0.9167000332440148,277107285270.0,0,0,3943567,42864.858695652176,merchant_area_consumption_context_not_resident_consumption,54
2023Q4,1123079,0,0.9232521886021653,169702068169.0,0,0,3981651,43278.815217391304,merchant_area_consumption_context_not_resident_consumption,45
2023Q4,1123080,0,0.9654814505842011,28229685958.0,0,0,1237074,13446.45652173913,merchant_area_consumption_context_not_resident_consumption,41
2024Q1,1123051,0,0.9274729825375843,276915669445.0,0,0,4110027,45165.131868131866,merchant_area_consumption_context_not_resident_consumption,57
2024Q1,1123052,0,0.9250032913992523,274430803428.0,0,0,6144803,67525.30769230769,merchant_area_consumption_context_not_resident_consumption,58
2024Q1,1123053,0,0.8895373927329091,187577946777.0,0,0,5278646,58007.0989010989,merchant_area_consumption_context_not_resident_consumption,50
2024Q1,1123058,0,0.8853822811739737,262886897427.0,0,0,8284138,91034.48351648351,merchant_area_consumption_context_not_resident_consumption,49
2024Q1,1123059,0,0.8872713316353078,89533731433.0,0,0,3295985,36219.61538461538,merchant_area_consumption_context_not_resident_consumption,47
2024Q1,1123060,0,0.982899625226538,131254354699.0,0,0,2948181,32397.593406593405,merchant_area_consumption_context_not_resident_consumption,40
2024Q1,1123063,0,0.9316437301890091,216915517213.0,0,0,7132089,78374.6043956044,merchant_area_consumption_context_not_resident_consumption,51
2024Q1,1123064,0,0.9148541408005765,542849334589.0,0,0,22505334,247311.36263736265,merchant_area_consumption_context_not_resident_consumption,57
2024Q1,1123065,0,0.9346793399415467,100142930449.0,0,0,4963621,54545.28571428572,merchant_area_consumption_context_not_resident_consumption,54
2024Q1,1123066,0,0.9493765361294256,69619667224.0,0,0,2363489,25972.406593406595,merchant_area_consumption_context_not_resident_consumption,46
2024Q1,1123067,0,0.9240301895929728,68526694984.0,0,0,2164057,23780.846153846152,merchant_area_consumption_context_not_resident_consumption,41
2024Q1,1123068,0,0.9036288470372071,456876976.0,0,0,10885,119.61538461538461,merchant_area_consumption_context_not_resident_consumption,6
2024Q1,1123071,0,0.9281435966808395,56562478809.0,0,0,1963388,21575.69230769231,merchant_area_consumption_context_not_resident_consumption,50
2024Q1,1123072,0,0.9972232776785126,11745915782.0,0,0,1273804,13997.846153846154,merchant_area_consumption_context_not_resident_consumption,19
2024Q1,1123073,0,0.9754316715699133,30599150961.0,0,0,1273306,13992.373626373626,merchant_area_consumption_context_not_resident_consumption,42
2024Q1,1123074,0,0.9794165293508263,4247074403.0,0,0,287658,3161.076923076923,merchant_area_consumption_context_not_resident_consumption,19
2024Q1,1123075,0,0.9733346490505956,54943135949.0,0,0,3759673,41315.08791208791,merchant_area_consumption_context_not_resident_consumption,39
2024Q1,1123076,0,0.9543729493392992,36382178063.0,0,0,1458981,16032.758241758242,merchant_area_consumption_context_not_resident_consumption,33
2024Q1,1123077,0,0.9325031427048194,350115391736.0,0,0,4323505,47511.043956043955,merchant_area_consumption_context_not_resident_consumption,52
2024Q1,1123078,0,0.9138688432995793,272168925939.0,0,0,3615370,39729.34065934066,merchant_area_consumption_context_not_resident_consumption,54
2024Q1,1123079,0,0.9220930887885548,172325373946.0,0,0,3761656,41336.87912087912,merchant_area_consumption_context_not_resident_consumption,46
2024Q1,1123080,0,0.9710037155979491,28628622203.0,0,0,1190118,13078.21978021978,merchant_area_consumption_context_not_resident_consumption,42
2024Q2,1123051,0,0.9291053069912908,258163001103.0,0,0,4336996,47659.296703296706,merchant_area_consumption_context_not_resident_consumption,55
2024Q2,1123052,0,0.921773431840106,243766975229.0,0,0,6453025,70912.36263736263,merchant_area_consumption_context_not_resident_consumption,57
2024Q2,1123053,0,0.8924923963905849,189140673135.0,0,0,5555914,61054.0,merchant_area_consumption_context_not_resident_consumption,51
2024Q2,1123058,0,0.8928117767396698,276219123844.0,0,0,8634512,94884.74725274726,merchant_area_consumption_context_not_resident_consumption,50
2024Q2,1123059,0,0.8912963672481214,91639521656.0,0,0,3617478,39752.505494505494,merchant_area_consumption_context_not_resident_consumption,48
2024Q2,1123060,0,0.9831088931740423,129388047927.0,0,0,3016617,33149.63736263736,merchant_area_consumption_context_not_resident_consumption,40
2024Q2,1123063,0,0.9234831041921533,206882368422.0,0,0,7161451,78697.26373626373,merchant_area_consumption_context_not_resident_consumption,51
2024Q2,1123064,0,0.9168298076053852,513945086886.0,0,0,23606378,259410.74725274724,merchant_area_consumption_context_not_resident_consumption,57
2024Q2,1123065,0,0.9372855719351263,94878121355.0,0,0,5146248,56552.17582417582,merchant_area_consumption_context_not_resident_consumption,54
2024Q2,1123066,0,0.9464838056805708,70523783787.0,0,0,2418595,26577.967032967033,merchant_area_consumption_context_not_resident_consumption,46
2024Q2,1123067,0,0.9244043571249881,74389229030.0,0,0,2270488,24950.417582417584,merchant_area_consumption_context_not_resident_consumption,40
2024Q2,1123068,0,0.976255302982334,736130984.0,0,0,31586,347.0989010989011,merchant_area_consumption_context_not_resident_consumption,7
2024Q2,1123071,0,0.933507905228119,55394773939.0,0,0,2091211,22980.340659340658,merchant_area_consumption_context_not_resident_consumption,49
2024Q2,1123072,0,0.99738084448743,10886478241.0,0,0,1182824,12998.065934065935,merchant_area_consumption_context_not_resident_consumption,18
2024Q2,1123073,0,0.9696292330952948,31220874324.0,0,0,1318834,14492.681318681318,merchant_area_consumption_context_not_resident_consumption,42
2024Q2,1123074,0,0.9828682470888935,4151557552.0,0,0,332949,3658.78021978022,merchant_area_consumption_context_not_resident_consumption,19
2024Q2,1123075,0,0.9674287111161082,56371131584.0,0,0,3931223,43200.25274725275,merchant_area_consumption_context_not_resident_consumption,39
2024Q2,1123076,0,0.9556207695857164,38570754409.0,0,0,1662219,18266.14285714286,merchant_area_consumption_context_not_resident_consumption,33
2024Q2,1123077,0,0.9319794445668661,353293721027.0,0,0,4674190,51364.72527472527,merchant_area_consumption_context_not_resident_consumption,51
2024Q2,1123078,0,0.9171654738807453,270612045900.0,0,0,3899135,42847.63736263736,merchant_area_consumption_context_not_resident_consumption,53
2024Q2,1123079,0,0.9222971064290506,166269543643.0,0,0,3894012,42791.34065934066,merchant_area_consumption_context_not_resident_consumption,45
2024Q2,1123080,0,0.9737605836306512,29542999219.0,0,0,1276972,14032.65934065934,merchant_area_consumption_context_not_resident_consumption,42
2024Q3,1123051,0,0.9321080200252853,254559428130.0,0,0,4298166,46719.19565217391,merchant_area_consumption_context_not_resident_consumption,56
2024Q3,1123052,0,0.9198205223941784,241592651710.0,0,0,6342184,68936.78260869565,merchant_area_consumption_context_not_resident_consumption,56
2024Q3,1123053,0,0.890438528962602,184201963362.0,0,0,5440188,59132.47826086957,merchant_area_consumption_context_not_resident_consumption,49
2024Q3,1123058,0,0.8947123499920094,248480606592.0,0,0,8378637,91072.14130434782,merchant_area_consumption_context_not_resident_consumption,49
2024Q3,1123059,0,0.8930085314160005,87683308346.0,0,0,3615578,39299.760869565216,merchant_area_consumption_context_not_resident_consumption,47
2024Q3,1123060,0,0.9818908963467836,137505324675.0,0,0,3287076,35729.086956521736,merchant_area_consumption_context_not_resident_consumption,40
2024Q3,1123063,0,0.934774022595475,212537388403.0,0,0,7724821,83965.44565217392,merchant_area_consumption_context_not_resident_consumption,52
2024Q3,1123064,0,0.9194807900667211,518959476275.0,0,0,23613955,256673.4239130435,merchant_area_consumption_context_not_resident_consumption,56
2024Q3,1123065,0,0.9321491620850069,92971326049.0,0,0,4865231,52882.94565217391,merchant_area_consumption_context_not_resident_consumption,53
2024Q3,1123066,0,0.947479930112889,67295580648.0,0,0,2339201,25426.097826086956,merchant_area_consumption_context_not_resident_consumption,45
2024Q3,1123067,0,0.9240030155736721,70347086281.0,0,0,2208535,24005.815217391304,merchant_area_consumption_context_not_resident_consumption,40
2024Q3,1123068,0,0.9883747093677342,422479314.0,0,0,26666,289.8478260869565,merchant_area_consumption_context_not_resident_consumption,8
2024Q3,1123071,0,0.9289567089650471,53848791532.0,0,0,2012449,21874.445652173912,merchant_area_consumption_context_not_resident_consumption,49
2024Q3,1123072,0,0.9974228640121102,11589935500.0,0,0,1347620,14648.04347826087,merchant_area_consumption_context_not_resident_consumption,18
2024Q3,1123073,0,0.9720146947956447,33525313333.0,0,0,1294608,14071.826086956522,merchant_area_consumption_context_not_resident_consumption,42
2024Q3,1123074,0,0.9837108094483867,4140761017.0,0,0,335253,3644.054347826087,merchant_area_consumption_context_not_resident_consumption,19
2024Q3,1123075,0,0.972932146740144,58062311947.0,0,0,3994517,43418.663043478264,merchant_area_consumption_context_not_resident_consumption,37
2024Q3,1123076,0,0.960255808742608,37975445824.0,0,0,1615582,17560.67391304348,merchant_area_consumption_context_not_resident_consumption,34
2024Q3,1123077,0,0.9314319331001786,345873708345.0,0,0,4470565,48593.09782608696,merchant_area_consumption_context_not_resident_consumption,51
2024Q3,1123078,0,0.9170113501439904,268594993475.0,0,0,3779071,41076.858695652176,merchant_area_consumption_context_not_resident_consumption,52
2024Q3,1123079,0,0.9270035129680844,181245443988.0,0,0,4013700,43627.17391304348,merchant_area_consumption_context_not_resident_consumption,44
2024Q3,1123080,0,0.9695282159178862,29188197910.0,0,0,1165406,12667.45652173913,merchant_area_consumption_context_not_resident_consumption,41
2024Q4,1123051,0,0.9275950360926221,269858465257.0,0,0,4096128,44523.13043478261,merchant_area_consumption_context_not_resident_consumption,55
2024Q4,1123052,0,0.9156221960543528,255795965881.0,0,0,6065114,65925.15217391304,merchant_area_consumption_context_not_resident_consumption,56
2024Q4,1123053,0,0.8850966437546377,205510752948.0,0,0,5365013,58315.358695652176,merchant_area_consumption_context_not_resident_consumption,49
2024Q4,1123058,0,0.8777834749685661,237420128715.0,0,0,7383756,80258.21739130435,merchant_area_consumption_context_not_resident_consumption,46
2024Q4,1123059,0,0.891651584434222,91125820666.0,0,0,3500808,38052.260869565216,merchant_area_consumption_context_not_resident_consumption,48
2024Q4,1123060,0,0.9797211322453273,132887088195.0,0,0,2925903,31803.293478260868,merchant_area_consumption_context_not_resident_consumption,39
2024Q4,1123063,0,0.9296659845892394,219098512025.0,0,0,7208859,78357.16304347826,merchant_area_consumption_context_not_resident_consumption,52
2024Q4,1123064,0,0.9137524561486242,522602512643.0,0,0,22265550,242016.84782608695,merchant_area_consumption_context_not_resident_consumption,56
2024Q4,1123065,0,0.9325140362504998,93637515168.0,0,0,4564075,49609.510869565216,merchant_area_consumption_context_not_resident_consumption,54
2024Q4,1123066,0,0.9461437041302108,67801682646.0,0,0,2396730,26051.41304347826,merchant_area_consumption_context_not_resident_consumption,47
2024Q4,1123067,0,0.9225738319349017,77025896879.0,0,0,2265991,24630.33695652174,merchant_area_consumption_context_not_resident_consumption,41
2024Q4,1123068,0,0.90230854499012,468655894.0,0,0,20749,225.5326086956522,merchant_area_consumption_context_not_resident_consumption,7
2024Q4,1123071,0,0.9253064766081948,55688368227.0,0,0,1911973,20782.315217391304,merchant_area_consumption_context_not_resident_consumption,51
2024Q4,1123072,0,0.9973737053396496,11011725707.0,0,0,1311734,14257.978260869566,merchant_area_consumption_context_not_resident_consumption,18
2024Q4,1123073,0,0.9710028257998268,33054483018.0,0,0,1275745,13866.79347826087,merchant_area_consumption_context_not_resident_consumption,42
2024Q4,1123074,0,0.983088339060259,4216824104.0,0,0,304701,3311.967391304348,merchant_area_consumption_context_not_resident_consumption,18
2024Q4,1123075,0,0.9614278576755858,55981636314.0,0,0,3866884,42031.34782608696,merchant_area_consumption_context_not_resident_consumption,38
2024Q4,1123076,0,0.9556843159987619,36877756762.0,0,0,1524968,16575.739130434784,merchant_area_consumption_context_not_resident_consumption,33
2024Q4,1123077,0,0.9269248809318554,358412369367.0,0,0,4315176,46904.086956521736,merchant_area_consumption_context_not_resident_consumption,52
2024Q4,1123078,0,0.9169490155689212,298013619487.0,0,0,3823579,41560.641304347824,merchant_area_consumption_context_not_resident_consumption,53
2024Q4,1123079,0,0.9243908449180568,177171856690.0,0,0,3859321,41949.141304347824,merchant_area_consumption_context_not_resident_consumption,44
2024Q4,1123080,0,0.9670296449339617,29700899135.0,0,0,1137901,12368.489130434782,merchant_area_consumption_context_not_resident_consumption,39
2025Q1,1123051,0,0.9299196815005771,271557682586.0,0,0,3676239,40847.1,merchant_area_consumption_context_not_resident_consumption,55
2025Q1,1123052,0,0.9146037243986355,249809595858.0,0,0,5611322,62348.02222222222,merchant_area_consumption_context_not_resident_consumption,56
2025Q1,1123053,0,0.8889059313890336,189593521267.0,0,0,4674588,51939.86666666667,merchant_area_consumption_context_not_resident_consumption,49
2025Q1,1123058,0,0.8736986753146815,202422413996.0,0,0,6640445,73782.72222222222,merchant_area_consumption_context_not_resident_consumption,49
2025Q1,1123059,0,0.8905200535491604,84759592539.0,0,0,3140292,34892.13333333333,merchant_area_consumption_context_not_resident_consumption,46
2025Q1,1123060,0,0.9816248866240214,131306909159.0,0,0,2681344,29792.71111111111,merchant_area_consumption_context_not_resident_consumption,40
2025Q1,1123063,0,0.9315031990124365,209861410866.0,0,0,6679874,74220.82222222222,merchant_area_consumption_context_not_resident_consumption,51
2025Q1,1123064,0,0.9171913372062449,516668477860.0,0,0,21278909,236432.32222222222,merchant_area_consumption_context_not_resident_consumption,55
2025Q1,1123065,0,0.9209555632755038,89701553146.0,0,0,4142227,46024.74444444444,merchant_area_consumption_context_not_resident_consumption,54
2025Q1,1123066,0,0.9441633636153223,65907401293.0,0,0,2212096,24578.844444444443,merchant_area_consumption_context_not_resident_consumption,45
2025Q1,1123067,0,0.922343675576954,62982633844.0,0,0,1977714,21974.6,merchant_area_consumption_context_not_resident_consumption,40
2025Q1,1123068,0,0.9542117570286585,513305303.0,0,0,18389,204.32222222222222,merchant_area_consumption_context_not_resident_consumption,7
2025Q1,1123071,0,0.9228883817297663,51585929763.0,0,0,1759255,19547.277777777777,merchant_area_consumption_context_not_resident_consumption,49
2025Q1,1123072,0,0.9974786047166233,11247766122.0,0,0,1257637,13973.744444444445,merchant_area_consumption_context_not_resident_consumption,17
2025Q1,1123073,0,0.9750861196337071,30840844482.0,0,0,1146951,12743.9,merchant_area_consumption_context_not_resident_consumption,42
2025Q1,1123074,0,0.9802294907093743,4127254235.0,0,0,277484,3083.1555555555556,merchant_area_consumption_context_not_resident_consumption,18
2025Q1,1123075,0,0.9722647772961516,55085515767.0,0,0,3566620,39629.11111111111,merchant_area_consumption_context_not_resident_consumption,37
2025Q1,1123076,0,0.9568833421673975,36306762644.0,0,0,1348945,14988.277777777777,merchant_area_consumption_context_not_resident_consumption,33
2025Q1,1123077,0,0.9239627938433416,332235729758.0,0,0,3702398,41137.75555555556,merchant_area_consumption_context_not_resident_consumption,51
2025Q1,1123078,0,0.9175223292243309,273419421548.0,0,0,3292770,36586.333333333336,merchant_area_consumption_context_not_resident_consumption,52
2025Q1,1123079,0,0.9275084932663339,190081782314.0,0,0,3880427,43115.85555555556,merchant_area_consumption_context_not_resident_consumption,44
2025Q1,1123080,0,0.9674716359257146,30112914098.0,0,0,1025505,11394.5,merchant_area_consumption_context_not_resident_consumption,40
2025Q2,1123051,0,0.9276417535736403,262428453724.0,0,0,3944927,43350.846153846156,merchant_area_consumption_context_not_resident_consumption,54
2025Q2,1123052,0,0.916138897959928,230039049175.0,0,0,6032630,66292.63736263737,merchant_area_consumption_context_not_resident_consumption,56
2025Q2,1123053,0,0.8912616008238771,176372993742.0,0,0,4982297,54750.51648351648,merchant_area_consumption_context_not_resident_consumption,48
2025Q2,1123058,0,0.880094376342064,214071826188.0,0,0,7317088,80407.56043956045,merchant_area_consumption_context_not_resident_consumption,50
2025Q2,1123059,0,0.8871038259028415,91137325853.0,0,0,3565825,39184.89010989011,merchant_area_consumption_context_not_resident_consumption,47
2025Q2,1123060,0,0.9780512925468555,123962112315.0,0,0,2716652,29853.31868131868,merchant_area_consumption_context_not_resident_consumption,40
2025Q2,1123063,0,0.9282607924473145,203706523847.0,0,0,6793663,74655.63736263737,merchant_area_consumption_context_not_resident_consumption,54
2025Q2,1123064,0,0.9169991154763864,487280722997.0,0,0,22038982,242186.61538461538,merchant_area_consumption_context_not_resident_consumption,57
2025Q2,1123065,0,0.9239521242973948,90526932979.0,0,0,4413930,48504.72527472527,merchant_area_consumption_context_not_resident_consumption,52
2025Q2,1123066,0,0.9429641027525539,68669653539.0,0,0,2340263,25717.175824175825,merchant_area_consumption_context_not_resident_consumption,45
2025Q2,1123067,0,0.9298829885515797,70581624372.0,0,0,2136714,23480.373626373625,merchant_area_consumption_context_not_resident_consumption,39
2025Q2,1123068,0,0.9812184816682568,673355364.0,0,0,36685,403.13186813186815,merchant_area_consumption_context_not_resident_consumption,8
2025Q2,1123071,0,0.9209220708335671,55876621402.0,0,0,1960370,21542.527472527472,merchant_area_consumption_context_not_resident_consumption,50
2025Q2,1123072,0,0.9978005653956633,11602199123.0,0,0,1319430,14499.23076923077,merchant_area_consumption_context_not_resident_consumption,18
2025Q2,1123073,0,0.969988049664783,32821052317.0,0,0,1234275,13563.461538461539,merchant_area_consumption_context_not_resident_consumption,41
2025Q2,1123074,0,0.9820910840282232,3997621497.0,0,0,311800,3426.3736263736264,merchant_area_consumption_context_not_resident_consumption,18
2025Q2,1123075,0,0.9657327339842514,57643915625.0,0,0,3901566,42874.35164835165,merchant_area_consumption_context_not_resident_consumption,36
2025Q2,1123076,0,0.9552398057961259,38255040378.0,0,0,1500485,16488.846153846152,merchant_area_consumption_context_not_resident_consumption,35
2025Q2,1123077,0,0.923008996206177,320040596099.0,0,0,3982790,43766.92307692308,merchant_area_consumption_context_not_resident_consumption,52
2025Q2,1123078,0,0.9185654889716819,293539947401.0,0,0,3633963,39933.65934065934,merchant_area_consumption_context_not_resident_consumption,52
2025Q2,1123079,0,0.9272620728657074,183352080336.0,0,0,4006878,44031.62637362637,merchant_area_consumption_context_not_resident_consumption,44
2025Q2,1123080,0,0.968468022156302,32085175936.0,0,0,1160663,12754.538461538461,merchant_area_consumption_context_not_resident_consumption,40
2025Q3,1123051,10,0.929974872127519,258938929449.0,13,30,4019043,43685.25,merchant_area_consumption_context_not_resident_consumption,56
2025Q3,1123052,9,0.9205211307872959,252975339407.0,14,30,6428866,69878.97826086957,merchant_area_consumption_context_not_resident_consumption,56
2025Q3,1123053,4,0.8880968030627348,189084519376.0,15,30,5099756,55432.13043478261,merchant_area_consumption_context_not_resident_consumption,48
2025Q3,1123058,4,0.876757927502614,232073031430.0,16,30,7635696,82996.69565217392,merchant_area_consumption_context_not_resident_consumption,49
2025Q3,1123059,11,0.8896282653304497,94108743901.0,14,30,3758272,40850.782608695656,merchant_area_consumption_context_not_resident_consumption,46
2025Q3,1123060,11,0.9800559920918874,131202431356.0,13,30,2952917,32096.92391304348,merchant_area_consumption_context_not_resident_consumption,39
2025Q3,1123063,6,0.9290532030643269,224799654719.0,14,30,7642135,83066.68478260869,merchant_area_consumption_context_not_resident_consumption,53
2025Q3,1123064,7,0.918789264665462,525946913052.0,13,30,23546616,255941.47826086957,merchant_area_consumption_context_not_resident_consumption,57
2025Q3,1123065,5,0.9256792479753086,97410571567.0,15,30,4849628,52713.34782608696,merchant_area_consumption_context_not_resident_consumption,54
2025Q3,1123066,7,0.9477645881941228,70458447761.0,9,30,2403159,26121.293478260868,merchant_area_consumption_context_not_resident_consumption,46
2025Q3,1123067,7,0.9250596807369598,68349748586.0,16,30,2119193,23034.706521739132,merchant_area_consumption_context_not_resident_consumption,38
2025Q3,1123068,4,0.9268032437046522,266717710.0,0,12,4686,50.93478260869565,merchant_area_consumption_context_not_resident_consumption,7
2025Q3,1123071,5,0.913317243978714,62023004464.0,18,30,1902293,20677.097826086956,merchant_area_consumption_context_not_resident_consumption,51
2025Q3,1123072,7,0.9977713871573284,12925180208.0,6,30,1508113,16392.532608695652,merchant_area_consumption_context_not_resident_consumption,18
2025Q3,1123073,6,0.9710962733274411,32189908060.0,14,30,1224202,13306.54347826087,merchant_area_consumption_context_not_resident_consumption,42
2025Q3,1123074,3,0.9817396408174927,4377496607.0,10,30,322009,3500.0978260869565,merchant_area_consumption_context_not_resident_consumption,18
2025Q3,1123075,14,0.9663825957174058,69873505508.0,9,30,4862987,52858.55434782609,merchant_area_consumption_context_not_resident_consumption,36
2025Q3,1123076,7,0.9518722435894492,38476475576.0,13,30,1524401,16569.57608695652,merchant_area_consumption_context_not_resident_consumption,35
2025Q3,1123077,4,0.9268054338375741,348611204613.0,12,30,4035969,43869.22826086957,merchant_area_consumption_context_not_resident_consumption,52
2025Q3,1123078,7,0.9169651400479663,273130996313.0,16,30,3642145,39588.532608695656,merchant_area_consumption_context_not_resident_consumption,52
2025Q3,1123079,9,0.9346679645365815,213972457635.0,10,30,4751375,51645.38043478261,merchant_area_consumption_context_not_resident_consumption,48
2025Q3,1123080,9,0.9677532620414503,30625932795.0,8,30,1130657,12289.75,merchant_area_consumption_context_not_resident_consumption,41
2025Q4,1123051,8,0.9282504494106606,279025111097.0,13,30,3765487,40929.20652173913,merchant_area_consumption_context_not_resident_consumption,55
2025Q4,1123052,9,0.9209655991041946,260554044768.0,14,30,6111149,66425.53260869565,merchant_area_consumption_context_not_resident_consumption,56
2025Q4,1123053,2,0.8841260392316226,203485513107.0,17,30,4621323,50231.77173913043,merchant_area_consumption_context_not_resident_consumption,49
2025Q4,1123058,3,0.877470575451968,251151596955.0,15,30,7141656,77626.69565217392,merchant_area_consumption_context_not_resident_consumption,48
2025Q4,1123059,8,0.8826056769662824,92938918999.0,15,30,3465372,37667.086956521736,merchant_area_consumption_context_not_resident_consumption,45
2025Q4,1123060,5,0.9805548531884425,114194464706.0,15,30,2574627,27985.07608695652,merchant_area_consumption_context_not_resident_consumption,40
2025Q4,1123063,4,0.925813904970453,210417280169.0,16,30,6648227,72263.33695652174,merchant_area_consumption_context_not_resident_consumption,52
2025Q4,1123064,6,0.9157158492849933,519254348394.0,17,30,20937424,227580.69565217392,merchant_area_consumption_context_not_resident_consumption,57
2025Q4,1123065,3,0.9226024736431689,97674113212.0,19,30,4242164,46110.47826086957,merchant_area_consumption_context_not_resident_consumption,53
2025Q4,1123066,5,0.9487242908053235,68287606393.0,17,30,2288335,24873.206521739132,merchant_area_consumption_context_not_resident_consumption,45
2025Q4,1123067,5,0.9249376280710906,70330988395.0,18,30,2055011,22337.07608695652,merchant_area_consumption_context_not_resident_consumption,38
2025Q4,1123068,4,0.7645529394771053,434987839.0,1,12,6923,75.25,merchant_area_consumption_context_not_resident_consumption,7
2025Q4,1123071,4,0.9174054244329076,62047053439.0,15,30,1772683,19268.293478260868,merchant_area_consumption_context_not_resident_consumption,50
2025Q4,1123072,7,0.9977492737543723,11897773438.0,6,30,1416876,15400.826086956522,merchant_area_consumption_context_not_resident_consumption,18
2025Q4,1123073,5,0.9715902230785533,32850584622.0,16,30,1184381,12873.70652173913,merchant_area_consumption_context_not_resident_consumption,41
2025Q4,1123074,5,0.9808792928601756,4092619222.0,12,30,284979,3097.5978260869565,merchant_area_consumption_context_not_resident_consumption,19
2025Q4,1123075,11,0.9723869079676944,67871176193.0,10,30,4558345,49547.22826086957,merchant_area_consumption_context_not_resident_consumption,35
2025Q4,1123076,6,0.9486473570689391,37417097922.0,13,30,1479437,16080.83695652174,merchant_area_consumption_context_not_resident_consumption,37
2025Q4,1123077,4,0.9224962915170866,353798537330.0,16,30,3626820,39421.95652173913,merchant_area_consumption_context_not_resident_consumption,52
2025Q4,1123078,3,0.9182732360308891,304226566513.0,19,30,3484599,37876.07608695652,merchant_area_consumption_context_not_resident_consumption,52
2025Q4,1123079,10,0.9293749674915406,200264362049.0,9,30,4171991,45347.72826086957,merchant_area_consumption_context_not_resident_consumption,45
2025Q4,1123080,10,0.9678000782954784,30886771296.0,8,30,1103512,11994.695652173914,merchant_area_consumption_context_not_resident_consumption,40
