period,district,age,domain,observed_industries,amount,amount_per_transaction,baseline_status,count,count_share_of_all_industries,daily_count,days,defined_industries,location_basis,matched_control_change_pct,matched_industry_count,matched_mom_daily_change_pct,missing_domain,mom_daily_change_pct,observed_industry_days_min,relative_change_pp,resident_scope,seasonal_history_available
2025-07,11680,10대,A_외식카페,8,3070878057.0,11119.319478591473,no_previous_month,276175,0.2296580014618947,8908.870967741936,31,8,merchant_district,,0,,False,,31,,all_customer_residences,False
2025-07,11680,10대,B_여가운동,6,504779353.0,5420.9151175402985,no_previous_month,93117,0.07743301936137321,3003.7741935483873,31,6,merchant_district,,0,,False,,11,,all_customer_residences,False
2025-07,11680,10대,C_대면생활서비스,4,208037772.0,62984.49046321526,no_previous_month,3303,0.0027466656244360937,106.54838709677419,31,4,merchant_district,,0,,False,,7,,all_customer_residences,False
2025-07,11680,10대,D_생활필수,5,1409786572.0,4017.550439290182,no_previous_month,350907,0.29180266251104947,11319.58064516129,31,5,merchant_district,,0,,False,,13,,all_customer_residences,False
2025-07,11680,10대,E_의료건강,6,651899452.0,49927.20012253963,no_previous_month,13057,0.010857769621029996,421.19354838709677,31,6,merchant_district,,0,,False,,7,,all_customer_residences,False
2025-07,11680,20대,A_외식카페,8,46965012781.0,16400.631643624656,no_previous_month,2863610,0.2402048864361465,92374.51612903226,31,8,merchant_district,,0,,False,,31,,all_customer_residences,False
2025-07,11680,20대,B_여가운동,6,4171727582.0,10257.505733956234,no_previous_month,406700,0.03411474583256127,13119.354838709678,31,6,merchant_district,,0,,False,,31,,all_customer_residences,False
2025-07,11680,20대,C_대면생활서비스,4,4388900884.0,88421.72785881216,no_previous_month,49636,0.004163559193865285,1601.1612903225807,31,4,merchant_district,,0,,False,,31,,all_customer_residences,False
2025-07,11680,20대,D_생활필수,5,23850796691.0,7488.241088505855,no_previous_month,3185100,0.2671720603670787,102745.16129032258,31,5,merchant_district,,0,,False,,31,,all_customer_residences,False
2025-07,11680,20대,E_의료건강,6,37400130953.0,123546.12797550227,no_previous_month,302722,0.025392879488381148,9765.225806451614,31,6,merchant_district,,0,,False,,23,,all_customer_residences,False
2025-07,11680,30대,A_외식카페,8,91771660517.0,18513.223697102752,no_previous_month,4957087,0.21840808108935122,159906.03225806452,31,8,merchant_district,,0,,False,,31,,all_customer_residences,False
2025-07,11680,30대,B_여가운동,6,7471413698.0,23769.103778476965,no_previous_month,314333,0.01384943765422294,10139.774193548386,31,6,merchant_district,,0,,False,,31,,all_customer_residences,False
2025-07,11680,30대,C_대면생활서비스,4,8161676536.0,93930.05646154378,no_previous_month,86891,0.003828396914142281,2802.935483870968,31,4,merchant_district,,0,,False,,31,,all_customer_residences,False
2025-07,11680,30대,D_생활필수,5,52527103837.0,9195.908660667143,no_previous_month,5712008,0.2516697218441038,184258.32258064515,31,5,merchant_district,,0,,False,,31,,all_customer_residences,False
2025-07,11680,30대,E_의료건강,6,80794267425.0,127888.00050810595,no_previous_month,631758,0.027835108097325374,20379.290322580644,31,6,merchant_district,,0,,False,,23,,all_customer_residences,False
2025-07,11680,40대,A_외식카페,8,76318407118.0,19345.486141022207,no_previous_month,3945024,0.16755546976088131,127258.83870967742,31,8,merchant_district,,0,,False,,31,,all_customer_residences,False
2025-07,11680,40대,B_여가운동,6,8211113494.0,41755.17543440343,no_previous_month,196649,0.008352196481696323,6343.5161290322585,31,6,merchant_district,,0,,False,,31,,all_customer_residences,False
2025-07,11680,40대,C_대면생활서비스,4,7737657062.0,94960.38513554975,no_previous_month,81483,0.003460795762592545,2628.483870967742,31,4,merchant_district,,0,,False,,31,,all_customer_residences,False
2025-07,11680,40대,D_생활필수,5,64990531231.0,10655.785562389368,no_previous_month,6099084,0.25904402222421846,196744.64516129033,31,5,merchant_district,,0,,False,,31,,all_customer_residences,False
2025-07,11680,40대,E_의료건강,6,94530601624.0,140999.95767492504,no_previous_month,670430,0.028474912596675627,21626.774193548386,31,6,merchant_district,,0,,False,,22,,all_customer_residences,False
2025-07,11680,50대,A_외식카페,8,62654179372.0,20093.27254505612,no_previous_month,3118167,0.17753815143489318,100586.03225806452,31,8,merchant_district,,0,,False,,31,,all_customer_residences,False
2025-07,11680,50대,B_여가운동,6,6738975012.0,51133.80285451966,no_previous_month,131791,0.007503745154045953,4251.322580645161,31,6,merchant_district,,0,,False,,31,,all_customer_residences,False
2025-07,11680,50대,C_대면생활서비스,4,6810677296.0,89895.6903988807,no_previous_month,75762,0.0043136385668280045,2443.935483870968,31,4,merchant_district,,0,,False,,31,,all_customer_residences,False
2025-07,11680,50대,D_생활필수,5,54225293579.0,10777.216140197457,no_previous_month,5031475,0.2864756026508135,162305.64516129033,31,5,merchant_district,,0,,False,,31,,all_customer_residences,False
2025-07,11680,50대,E_의료건강,6,95361514532.0,160999.33232935457,no_previous_month,592310,0.03372417913357482,19106.774193548386,31,6,merchant_district,,0,,False,,23,,all_customer_residences,False
2025-07,11680,60대이상,A_외식카페,8,41824211604.0,22793.939234272704,no_previous_month,1834883,0.1528811434538994,59189.77419354839,31,8,merchant_district,,0,,False,,13,,all_customer_residences,False
2025-07,11680,60대이상,B_여가운동,6,4402364340.0,71944.6379369515,no_previous_month,61191,0.005098390496335493,1973.9032258064517,31,6,merchant_district,,0,,False,,1,,all_customer_residences,False
2025-07,11680,60대이상,C_대면생활서비스,4,4471198921.0,85961.4511669935,no_previous_month,52014,0.0043337693987088675,1677.8709677419354,31,4,merchant_district,,0,,False,,5,,all_customer_residences,False
2025-07,11680,60대이상,D_생활필수,5,44276255563.0,11881.924144351287,no_previous_month,3726354,0.3104771587256582,120204.96774193548,31,5,merchant_district,,0,,False,,20,,all_customer_residences,False
2025-07,11680,60대이상,E_의료건강,6,90562795228.0,130082.69997730518,no_previous_month,696194,0.05800638775646406,22457.870967741936,31,6,merchant_district,,0,,False,,8,,all_customer_residences,False
2025-08,11680,10대,A_외식카페,8,2997780174.0,10904.94459459951,adjacent_month_descriptive_only,274901,0.2351456332271803,8867.774193548386,31,8,merchant_district,-2.7842524504199107,8,-0.4613017108717421,False,-0.4613017108717421,31,2.3229507395481686,all_customer_residences,False
2025-08,11680,10대,B_여가운동,6,376387009.0,5472.17308307406,adjacent_month_descriptive_only,68782,0.0588349512902169,2218.7741935483873,31,6,merchant_district,-2.7842524504199107,6,-26.13378867446331,False,-26.13378867446331,18,-23.3495362240434,all_customer_residences,False
2025-08,11680,10대,C_대면생활서비스,4,211569272.0,56873.46021505376,adjacent_month_descriptive_only,3720,0.00318202464016177,120.0,31,4,merchant_district,-2.7842524504199107,4,12.624886466848317,False,12.624886466848317,10,15.409138917268226,all_customer_residences,False
2025-08,11680,10대,D_생활필수,5,1406857740.0,3980.752769407071,adjacent_month_descriptive_only,353415,0.30230517155988496,11400.483870967742,31,5,merchant_district,-2.7842524504199107,5,0.7147192845967876,False,0.7147192845967876,17,3.4989717350166982,all_customer_residences,False
2025-08,11680,10대,E_의료건강,6,626561942.0,49546.25510042701,adjacent_month_descriptive_only,12646,0.010817173010614448,407.93548387096774,31,6,merchant_district,-2.7842524504199107,6,-3.147736846136173,False,-3.147736846136173,11,-0.36348439571626256,all_customer_residences,False
2025-08,11680,20대,A_외식카페,8,48484785211.0,16815.470235601442,adjacent_month_descriptive_only,2883344,0.2411198937894491,93011.09677419355,31,8,merchant_district,0.3070327124930605,8,0.6891301538966443,False,0.6891301538966443,31,0.3820974414035838,all_customer_residences,False
2025-08,11680,20대,B_여가운동,6,3847910560.0,8900.977927467373,adjacent_month_descriptive_only,432302,0.03615129250098719,13945.225806451614,31,6,merchant_district,0.3070327124930605,6,6.295057782149005,False,6.295057782149005,31,5.9880250696559445,all_customer_residences,False
2025-08,11680,20대,C_대면생활서비스,4,4461039081.0,83540.05769662921,adjacent_month_descriptive_only,53400,0.004465579663181563,1722.5806451612902,31,4,merchant_district,0.3070327124930605,4,7.583205737770959,False,7.583205737770959,31,7.276173025277899,all_customer_residences,False
2025-08,11680,20대,D_생활필수,5,24203140758.0,7556.9730438409915,adjacent_month_descriptive_only,3202756,0.2678307501822609,103314.70967741935,31,5,merchant_district,0.3070327124930605,5,0.5543311042039534,False,0.5543311042039534,31,0.24729839171089285,all_customer_residences,False
2025-08,11680,20대,E_의료건강,6,37760382829.0,126400.933365692,adjacent_month_descriptive_only,298735,0.02498174046218248,9636.612903225807,31,6,merchant_district,0.3070327124930605,6,-1.3170499666360636,False,-1.3170499666360636,19,-1.624082679129124,all_customer_residences,False
2025-08,11680,30대,A_외식카페,8,91871968593.0,18925.761719939335,adjacent_month_descriptive_only,4854334,0.2168700901280281,156591.4193548387,31,8,merchant_district,-1.378374454677811,8,-2.0728504462399044,False,-2.0728504462399044,31,-0.6944759915620935,all_customer_residences,False
2025-08,11680,30대,B_여가운동,6,6985654504.0,22105.032589606388,adjacent_month_descriptive_only,316021,0.014118415163099524,10194.225806451614,31,6,merchant_district,-1.378374454677811,6,0.5370101134783978,False,0.5370101134783978,31,1.9153845681562087,all_customer_residences,False
2025-08,11680,30대,C_대면생활서비스,4,8432947796.0,94822.5402658151,adjacent_month_descriptive_only,88934,0.003973176257638236,2868.8387096774195,31,4,merchant_district,-1.378374454677811,4,2.3512216455098933,False,2.3512216455098933,31,3.7295961001877043,all_customer_residences,False
2025-08,11680,30대,D_생활필수,5,52130446417.0,9267.939730817814,adjacent_month_descriptive_only,5624815,0.251291760312225,181445.64516129033,31,5,merchant_district,-1.378374454677811,5,-1.5264859573025702,False,-1.5264859573025702,31,-0.14811150262475925,all_customer_residences,False
2025-08,11680,30대,E_의료건강,6,79987450435.0,131437.46199628958,adjacent_month_descriptive_only,608559,0.027187714149504886,19630.935483870966,31,6,merchant_district,-1.378374454677811,6,-3.6721339500251693,False,-3.6721339500251693,20,-2.2937594953473583,all_customer_residences,False
2025-08,11680,40대,A_외식카페,8,73156587401.0,19142.76084170323,adjacent_month_descriptive_only,3821632,0.167239779908411,123278.45161290323,31,8,merchant_district,-2.944991385492668,8,-3.1277883227072922,False,-3.1277883227072922,31,-0.1827969372146243,all_customer_residences,False
2025-08,11680,40대,B_여가운동,6,7791346618.0,40689.070256155836,adjacent_month_descriptive_only,191485,0.008379642324473439,6176.935483870968,31,6,merchant_district,-2.944991385492668,6,-2.6259986066545005,False,-2.6259986066545005,31,0.31899277883816746,all_customer_residences,False
2025-08,11680,40대,C_대면생활서비스,4,7157441264.0,89527.32765457116,adjacent_month_descriptive_only,79947,0.0034985887401868454,2578.935483870968,31,4,merchant_district,-2.944991385492668,4,-1.8850557785059396,False,-1.8850557785059396,31,1.0599356069867283,all_customer_residences,False
2025-08,11680,40대,D_생활필수,5,64518320788.0,10787.458264892832,adjacent_month_descriptive_only,5980864,0.2617306896692666,192931.09677419355,31,5,merchant_district,-2.944991385492668,5,-1.9383238532212466,False,-1.9383238532212466,31,1.0066675322714214,all_customer_residences,False
2025-08,11680,40대,E_의료건강,6,90404892933.0,144884.0476440789,adjacent_month_descriptive_only,623981,0.027306251650349955,20128.41935483871,31,6,merchant_district,-2.944991385492668,6,-6.9282400847217485,False,-6.9282400847217485,19,-3.9832486992290805,all_customer_residences,False
2025-08,11680,50대,A_외식카페,8,60303597762.0,19670.154054761966,adjacent_month_descriptive_only,3065741,0.18138642886510128,98894.87096774194,31,8,merchant_district,-3.7672284060860095,8,-1.681308281435856,False,-1.681308281435856,31,2.0859201246501535,all_customer_residences,False
2025-08,11680,50대,B_여가운동,6,5847635091.0,45850.49900029011,adjacent_month_descriptive_only,127537,0.007545804090485277,4114.096774193548,31,6,merchant_district,-3.7672284060860095,6,-3.227838016253004,False,-3.227838016253004,31,0.5393903898330055,all_customer_residences,False
2025-08,11680,50대,C_대면생활서비스,4,6543563605.0,87455.07477747186,adjacent_month_descriptive_only,74822,0.004426889088329578,2413.6129032258063,31,4,merchant_district,-3.7672284060860095,4,-1.240727541511577,False,-1.240727541511577,31,2.5265008645744325,all_customer_residences,False
2025-08,11680,50대,D_생활필수,5,54104275444.0,10927.236103158692,adjacent_month_descriptive_only,4951323,0.29294803348607723,159720.09677419355,31,5,merchant_district,-3.7672284060860095,5,-1.5930119895259387,False,-1.5930119895259387,31,2.174216416560071,all_customer_residences,False
2025-08,11680,50대,E_의료건강,6,86882191723.0,155399.01683804605,adjacent_month_descriptive_only,559091,0.03307895869240694,18035.1935483871,31,6,merchant_district,-3.7672284060860095,6,-5.608380746568509,False,-5.608380746568509,20,-1.8411523404824992,all_customer_residences,False
2025-08,11680,60대이상,A_외식카페,8,40954289749.0,22512.58662535119,adjacent_month_descriptive_only,1819173,0.1597527273493668,58683.0,31,8,merchant_district,-5.120175878071819,8,-0.8561853807572462,False,-0.8561853807572462,22,4.263990497314573,all_customer_residences,False
2025-08,11680,60대이상,B_여가운동,6,3909498850.0,65124.666422348455,adjacent_month_descriptive_only,60031,0.005271689924767924,1936.483870967742,31,6,merchant_district,-5.120175878071819,6,-1.8957036165449193,False,-1.8957036165449193,1,3.2244722615269,all_customer_residences,False
2025-08,11680,60대이상,C_대면생활서비스,4,4449164009.0,84317.16809748518,adjacent_month_descriptive_only,52767,0.004633793577655362,1702.1612903225807,31,4,merchant_district,-5.120175878071819,4,1.4476871611489361,False,1.4476871611489361,2,6.5678630392207555,all_customer_residences,False
2025-08,11680,60대이상,D_생활필수,5,42981255896.0,11892.714111989128,adjacent_month_descriptive_only,3614083,0.31737477200738007,116583.32258064517,31,5,merchant_district,-5.120175878071819,5,-3.0128914214806235,False,-3.0128914214806235,24,2.107284456591196,all_customer_residences,False
2025-08,11680,60대이상,E_의료건강,6,85115531457.0,132196.53378550484,adjacent_month_descriptive_only,643856,0.05654094031752555,20769.548387096773,31,6,merchant_district,-5.120175878071819,6,-7.517732126390064,False,-7.517732126390064,8,-2.397556248318245,all_customer_residences,False
2025-09,11680,10대,A_외식카페,8,2269932405.0,10022.573118393515,adjacent_month_descriptive_only,226482,0.20237254877432015,7549.4,30,8,merchant_district,-1.075084117479319,8,-14.867024856220967,False,-14.867024856220967,30,-13.791940738741648,all_customer_residences,False
2025-09,11680,10대,B_여가운동,6,273003928.0,5711.737724124945,adjacent_month_descriptive_only,47797,0.042708916001122296,1593.2333333333333,30,6,merchant_district,-1.075084117479319,6,-28.193083461758416,False,-28.193083461758416,8,-27.1179993442791,all_customer_residences,False
2025-09,11680,10대,C_대면생활서비스,4,172591343.0,55945.329983792544,adjacent_month_descriptive_only,3085,0.002756595724908724,102.83333333333333,30,4,merchant_district,-1.075084117479319,4,-14.30555555555556,False,-14.30555555555556,14,-13.230471438076242,all_customer_residences,False
2025-09,11680,10대,D_생활필수,5,1342765231.0,3804.1369247113817,adjacent_month_descriptive_only,352975,0.3154001218799536,11765.833333333334,30,5,merchant_district,-1.075084117479319,5,3.2046838230786356,False,3.2046838230786356,18,4.279767940557955,all_customer_residences,False
2025-09,11680,10대,E_의료건강,6,567065144.0,40228.79852440408,adjacent_month_descriptive_only,14096,0.012595453270117787,469.8666666666667,30,6,merchant_district,-1.075084117479319,6,15.181612103959097,False,15.181612103959097,2,16.256696221438418,all_customer_residences,False
2025-09,11680,20대,A_외식카페,8,44799473890.0,15921.585940079403,adjacent_month_descriptive_only,2813757,0.23862243431167934,93791.9,30,8,merchant_district,1.8949173960798316,8,0.8394731950124523,False,0.8394731950124523,30,-1.0554442010673792,all_customer_residences,False
2025-09,11680,20대,B_여가운동,6,3542919351.0,10805.833242342263,adjacent_month_descriptive_only,327871,0.027805306627475157,10929.033333333333,30,6,merchant_district,1.8949173960798316,6,-21.628853594632158,False,-21.628853594632158,29,-23.523770990711988,all_customer_residences,False
2025-09,11680,20대,C_대면생활서비스,4,4340562528.0,87773.24532880369,adjacent_month_descriptive_only,49452,0.004193808001750388,1648.4,30,4,merchant_district,1.8949173960798316,4,-4.306367041198489,False,-4.306367041198489,30,-6.2012844372783205,all_customer_residences,False
2025-09,11680,20대,D_생활필수,5,23049252475.0,7380.805720325957,adjacent_month_descriptive_only,3122864,0.26483644810277085,104095.46666666666,30,5,merchant_district,1.8949173960798316,5,0.7557074802659436,False,0.7557074802659436,30,-1.139209915813888,all_customer_residences,False
2025-09,11680,20대,E_의료건강,6,38261961751.0,124965.17338110464,adjacent_month_descriptive_only,306181,0.025965872518481266,10206.033333333333,30,6,merchant_district,1.8949173960798316,6,5.908927086994598,False,5.908927086994598,22,4.014009690914766,all_customer_residences,False
2025-09,11680,30대,A_외식카페,8,89959636339.0,18480.560684523065,adjacent_month_descriptive_only,4867798,0.21681525526980255,162259.93333333332,30,8,merchant_district,3.6461456480740173,8,3.6199390757482464,False,3.6199390757482464,30,-0.02620657232577095,all_customer_residences,False
2025-09,11680,30대,B_여가운동,6,6800632581.0,24152.889841102973,adjacent_month_descriptive_only,281566,0.012541153960229498,9385.533333333333,30,6,merchant_district,3.6461456480740173,6,-7.93284834446657,False,-7.93284834446657,30,-11.578993992540587,all_customer_residences,False
2025-09,11680,30대,C_대면생활서비스,4,7957078795.0,89707.7654453213,adjacent_month_descriptive_only,88700,0.003950762365741448,2956.6666666666665,30,4,merchant_district,3.6461456480740173,4,3.0614463159946315,False,3.0614463159946315,30,-0.5846993320793858,all_customer_residences,False
2025-09,11680,30대,D_생활필수,5,50533208735.0,9101.204393983464,adjacent_month_descriptive_only,5552365,0.24730636621037216,185078.83333333334,30,5,merchant_district,3.6461456480740173,5,2.0023562256417993,False,2.0023562256417993,30,-1.643789422432218,all_customer_residences,False
2025-09,11680,30대,E_의료건강,6,83835458363.0,127436.23793895984,adjacent_month_descriptive_only,657862,0.02930165086190981,21928.733333333334,30,6,merchant_district,3.6461456480740173,6,11.70498395937507,False,11.70498395937507,22,8.058838311301052,all_customer_residences,False
2025-09,11680,40대,A_외식카페,8,71107040963.0,19048.83169706409,adjacent_month_descriptive_only,3732882,0.16381754247750246,124429.4,30,8,merchant_district,3.04217491464569,8,0.9336168422286573,False,0.9336168422286573,30,-2.1085580724170327,all_customer_residences,False
2025-09,11680,40대,B_여가운동,6,7211573411.0,46624.04015516405,adjacent_month_descriptive_only,154675,0.006787913034140295,5155.833333333333,30,6,merchant_district,3.04217491464569,6,-16.530885796102403,False,-16.530885796102403,30,-19.573060710748095,all_customer_residences,False
2025-09,11680,40대,C_대면생활서비스,4,6681144159.0,86974.81233320749,adjacent_month_descriptive_only,76817,0.0033711143723520612,2560.5666666666666,30,4,merchant_district,3.04217491464569,4,-0.7122635412627587,False,-0.7122635412627587,30,-3.7544384559084487,all_customer_residences,False
2025-09,11680,40대,D_생활필수,5,61116178080.0,10467.256961880497,adjacent_month_descriptive_only,5838796,0.2562355873417567,194626.53333333333,30,5,merchant_district,3.04217491464569,5,0.878778272392311,False,0.878778272392311,30,-2.163396642253379,all_customer_residences,False
2025-09,11680,40대,E_의료건강,6,90978341569.0,133652.32657273518,adjacent_month_descriptive_only,680709,0.029872917365809642,22690.3,30,6,merchant_district,3.04217491464569,6,12.72767920818103,False,12.72767920818103,22,9.68550429353534,all_customer_residences,False
2025-09,11680,50대,A_외식카페,8,57101274806.0,19421.310520095165,adjacent_month_descriptive_only,2940135,0.17380013512044476,98004.5,30,8,merchant_district,3.4253334864539298,8,-0.9003206728813717,False,-0.9003206728813717,30,-4.3256541593353015,all_customer_residences,False
2025-09,11680,50대,B_여가운동,6,5501616431.0,48671.36514915602,adjacent_month_descriptive_only,113036,0.00668189456384642,3767.866666666667,30,6,merchant_district,3.4253334864539298,6,-8.4157015872518,False,-8.4157015872518,30,-11.84103507370573,all_customer_residences,False
2025-09,11680,50대,C_대면생활서비스,4,6000503276.0,81204.2016401873,adjacent_month_descriptive_only,73894,0.004368094384982372,2463.133333333333,30,4,merchant_district,3.4253334864539298,4,2.0517138453039596,False,2.0517138453039596,30,-1.3736196411499701,all_customer_residences,False
2025-09,11680,50대,D_생활필수,5,51248331047.0,10621.856045224673,adjacent_month_descriptive_only,4824800,0.2852082955133427,160826.66666666666,30,5,merchant_district,3.4253334864539298,5,0.6928181955947244,False,0.6928181955947244,30,-2.7325152908592054,all_customer_residences,False
2025-09,11680,50대,E_의료건강,6,85597791231.0,146015.50129472694,adjacent_month_descriptive_only,586224,0.03465344632503188,19540.8,30,6,merchant_district,3.4253334864539298,6,8.348157992169414,False,8.348157992169414,22,4.922824505715484,all_customer_residences,False
2025-09,11680,60대이상,A_외식카페,8,41267573719.0,23029.692425871785,adjacent_month_descriptive_only,1791929,0.14964328870858237,59730.96666666667,30,8,merchant_district,8.662144721562882,8,1.7858096325454875,False,1.7858096325454875,21,-6.876335089017394,all_customer_residences,False
2025-09,11680,60대이상,B_여가운동,6,3624716488.0,60508.75547542735,adjacent_month_descriptive_only,59904,0.005002559569491268,1996.8,30,6,merchant_district,8.662144721562882,6,3.1147240592360514,False,3.1147240592360514,1,-5.5474206623268305,all_customer_residences,False
2025-09,11680,60대이상,C_대면생활서비스,4,4276947268.0,79185.13048952085,adjacent_month_descriptive_only,54012,0.004510520957988822,1800.4,30,4,merchant_district,8.662144721562882,4,5.771410161654056,False,5.771410161654056,5,-2.890734559908826,all_customer_residences,False
2025-09,11680,60대이상,D_생활필수,5,43899667425.0,12029.464856022109,adjacent_month_descriptive_only,3649345,0.3047553711292253,121644.83333333333,30,5,merchant_district,8.662144721562882,5,4.341539287651464,False,4.341539287651464,26,-4.320605433911418,all_customer_residences,False
2025-09,11680,60대이상,E_의료건강,6,90672459612.0,124822.53106299326,adjacent_month_descriptive_only,726411,0.06066229800069647,24213.7,30,6,merchant_district,8.662144721562882,6,16.582698615839586,False,16.582698615839586,9,7.920553894276704,all_customer_residences,False
2025-10,11680,10대,A_외식카페,8,2529278157.0,10558.896873173582,adjacent_month_descriptive_only,239540,0.2104125857540648,7727.096774193548,31,8,merchant_district,-1.5603481885792192,8,2.3537867140905,False,2.3537867140905,31,3.914134902669719,all_customer_residences,False
2025-10,11680,10대,B_여가운동,6,314903012.0,4983.667716460664,adjacent_month_descriptive_only,63187,0.055503632195216215,2038.2903225806451,31,6,merchant_district,-1.5603481885792192,6,27.93420021637205,False,27.93420021637205,8,29.49454840495127,all_customer_residences,False
2025-10,11680,10대,C_대면생활서비스,4,198701362.0,54859.569850911095,adjacent_month_descriptive_only,3622,0.003181574624702441,116.83870967741936,31,4,merchant_district,-1.5603481885792192,4,13.619490772206833,False,13.619490772206833,6,15.179838960786052,all_customer_residences,False
2025-10,11680,10대,D_생활필수,5,1316220389.0,4066.412267015982,adjacent_month_descriptive_only,323681,0.2843222683871648,10441.322580645161,31,5,merchant_district,-1.5603481885792192,5,-11.257262576852522,False,-11.257262576852522,16,-9.696914388273303,all_customer_residences,False
2025-10,11680,10대,E_의료건강,6,514869554.0,42866.501873282825,adjacent_month_descriptive_only,12011,0.010550494979928498,387.4516129032258,31,6,merchant_district,-1.5603481885792192,6,-17.54009373512505,False,-17.54009373512505,4,-15.979745546545832,all_customer_residences,False
2025-10,11680,20대,A_외식카페,8,44053710394.0,16349.366137432218,adjacent_month_descriptive_only,2694521,0.2331772714984394,86920.03225806452,31,8,merchant_district,-5.162608366206689,8,-7.3267177036988045,False,-7.3267177036988045,31,-2.164109337492116,all_customer_residences,False
2025-10,11680,20대,B_여가운동,6,3146241554.0,8499.519281837656,adjacent_month_descriptive_only,370167,0.03203334880624898,11940.870967741936,31,6,merchant_district,-5.162608366206689,6,9.258253713276886,False,9.258253713276886,31,14.420862079483575,all_customer_residences,False
2025-10,11680,20대,C_대면생활서비스,4,4307646244.0,84516.68191806624,adjacent_month_descriptive_only,50968,0.004410646335186275,1644.1290322580646,31,4,merchant_district,-5.162608366206689,4,-0.2590977761426472,False,-0.2590977761426472,31,4.903510590064041,all_customer_residences,False
2025-10,11680,20대,D_생활필수,5,23253982903.0,7656.670765878368,adjacent_month_descriptive_only,3037088,0.2628221836610857,97970.58064516129,31,5,merchant_district,-5.162608366206689,5,-5.883912352416276,False,-5.883912352416276,31,-0.7213039862095876,all_customer_residences,False
2025-10,11680,20대,E_의료건강,6,42849252093.0,148561.86172931106,adjacent_month_descriptive_only,288427,0.024959768688564823,9304.09677419355,31,6,merchant_district,-5.162608366206689,6,-8.83728800095156,False,-8.83728800095156,18,-3.674679634744871,all_customer_residences,False
2025-10,11680,30대,A_외식카페,8,86102188058.0,18807.131338371884,adjacent_month_descriptive_only,4578167,0.20810365529509708,147682.8064516129,31,8,merchant_district,-5.173707443551101,8,-8.98381170401098,False,-8.98381170401098,31,-3.8101042604598794,all_customer_residences,False
2025-10,11680,30대,B_여가운동,6,6053004930.0,19496.640286796537,adjacent_month_descriptive_only,310464,0.014112349601387852,10014.967741935483,31,6,merchant_district,-5.173707443551101,6,6.706431976184812,False,6.706431976184812,31,11.880139419735913,all_customer_residences,False
2025-10,11680,30대,C_대면생활서비스,4,7754940253.0,89059.44523175157,adjacent_month_descriptive_only,87076,0.003958098052883583,2808.9032258064517,31,4,merchant_district,-5.173707443551101,4,-4.997636105756986,False,-4.997636105756986,31,0.17607133779411477,all_customer_residences,False
2025-10,11680,30대,D_생활필수,5,52393180494.0,9532.19754921501,adjacent_month_descriptive_only,5496443,0.24984450751166334,177304.61290322582,31,5,merchant_district,-5.173707443551101,5,-4.200491374454418,False,-4.200491374454418,31,0.9732160690966829,all_customer_residences,False
2025-10,11680,30대,E_의료건강,6,87687268184.0,144722.58278029837,adjacent_month_descriptive_only,605899,0.027541545915569274,19545.129032258064,31,6,merchant_district,-5.173707443551101,6,-10.86977649298152,False,-10.86977649298152,17,-5.696069049430419,all_customer_residences,False
2025-10,11680,40대,A_외식카페,8,67673754688.0,19086.75082609711,adjacent_month_descriptive_only,3545588,0.15856337234523069,114373.80645161291,31,8,merchant_district,-5.035519666699484,8,-8.081364652073454,False,-8.081364652073454,31,-3.0458449853739697,all_customer_residences,False
2025-10,11680,40대,B_여가운동,6,6914709150.0,36925.51652506395,adjacent_month_descriptive_only,187261,0.008374558935990376,6040.677419354839,31,6,merchant_district,-5.035519666699484,6,17.161999405621575,False,17.161999405621575,31,22.197519072321057,all_customer_residences,False
2025-10,11680,40대,C_대면생활서비스,4,6900672480.0,87470.97235426094,adjacent_month_descriptive_only,78891,0.0035281095851203226,2544.8709677419356,31,4,merchant_district,-5.035519666699484,4,-0.6129775541116267,False,-0.6129775541116267,31,4.422542112587857,all_customer_residences,False
2025-10,11680,40대,D_생활필수,5,63412964765.0,10795.763404056095,adjacent_month_descriptive_only,5873875,0.262687438228678,189479.83870967742,31,5,merchant_district,-5.035519666699484,5,-2.6443951580030767,False,-2.6443951580030767,31,2.3911245086964072,all_customer_residences,False
2025-10,11680,40대,E_의료건강,6,90040283827.0,143860.7473050161,adjacent_month_descriptive_only,625885,0.027990402804921134,20189.83870967742,31,6,merchant_district,-5.035519666699484,6,-11.019956943374831,False,-11.019956943374831,18,-5.984437276675347,all_customer_residences,False
2025-10,11680,50대,A_외식카페,8,55625275963.0,19413.841350352046,adjacent_month_descriptive_only,2865238,0.1734668289349876,92427.03225806452,31,8,merchant_district,-5.5097952960067476,8,-5.6910322913085505,False,-5.6910322913085505,31,-0.18123699530180293,all_customer_residences,False
2025-10,11680,50대,B_여가운동,6,6031980927.0,51127.14805051704,adjacent_month_descriptive_only,117980,0.007142728275190346,3805.8064516129034,31,6,merchant_district,-5.5097952960067476,6,1.0069301358744953,False,1.0069301358744953,31,6.516725431881243,all_customer_residences,False
2025-10,11680,50대,C_대면생활서비스,4,6042893527.0,78720.4096581731,adjacent_month_descriptive_only,76764,0.004647435101853804,2476.2580645161293,31,4,merchant_district,-5.5097952960067476,4,0.5328469638724131,False,0.5328469638724131,31,6.042642259879161,all_customer_residences,False
2025-10,11680,50대,D_생활필수,5,53236213164.0,10917.03756556533,adjacent_month_descriptive_only,4876434,0.29522836933293406,157304.32258064515,31,5,merchant_district,-5.5097952960067476,5,-2.190149282470677,False,-2.190149282470677,31,3.3196460135360706,all_customer_residences,False
2025-10,11680,50대,E_의료건강,6,85364404835.0,158368.17371179446,adjacent_month_descriptive_only,539025,0.03263357440697132,17387.90322580645,31,6,merchant_district,-5.5097952960067476,6,-11.017444394259957,False,-11.017444394259957,18,-5.50764909825321,all_customer_residences,False
2025-10,11680,60대이상,A_외식카페,8,39558014109.0,23234.09057932497,adjacent_month_descriptive_only,1702585,0.15230626693120564,54922.096774193546,31,8,merchant_district,-9.658594672835896,8,-8.050882416334225,False,-8.050882416334225,16,1.6077122565016708,all_customer_residences,False
2025-10,11680,60대이상,B_여가운동,6,3753058782.0,73559.09884165344,adjacent_month_descriptive_only,51021,0.004564129277009396,1645.8387096774193,31,6,merchant_district,-9.658594672835896,6,-17.57618641439206,False,-17.57618641439206,1,-7.917591741556162,all_customer_residences,False
2025-10,11680,60대이상,C_대면생활서비스,4,4416556430.0,76536.80668919504,adjacent_month_descriptive_only,57705,0.005162052486815766,1861.4516129032259,31,4,merchant_district,-9.658594672835896,4,3.391002716242264,False,3.391002716242264,6,13.04959738907816,all_customer_residences,False
2025-10,11680,60대이상,D_생활필수,5,44043553162.0,11925.945194900634,adjacent_month_descriptive_only,3693087,0.3303684071116364,119131.83870967742,31,5,merchant_district,-9.658594672835896,5,-2.0658457534071806,False,-2.0658457534071806,25,7.592748919428716,all_customer_residences,False
2025-10,11680,60대이상,E_의료건강,6,86739395805.0,132403.71631306355,adjacent_month_descriptive_only,655113,0.058603720488611684,21132.677419354837,31,6,merchant_district,-9.658594672835896,6,-12.724294844014604,False,-12.724294844014604,8,-3.065700171178708,all_customer_residences,False
2025-11,11680,10대,A_외식카페,8,2531052044.0,11479.891526100228,adjacent_month_descriptive_only,220477,0.1986814466239104,7349.233333333334,30,8,merchant_district,0.7272165612555614,8,-4.89010881968216,False,-4.89010881968216,30,-5.6173253809377215,all_customer_residences,False
2025-11,11680,10대,B_여가운동,6,336583391.0,5633.1005506184,adjacent_month_descriptive_only,59751,0.053844233717010255,1991.7,30,6,merchant_district,0.7272165612555614,6,-2.2857549812461353,False,-2.2857549812461353,1,-3.0129715425016967,all_customer_residences,False
2025-11,11680,10대,C_대면생활서비스,4,204555981.0,60952.31853396901,adjacent_month_descriptive_only,3356,0.0030242380605226093,111.86666666666666,30,4,merchant_district,0.7272165612555614,4,-4.2554757960611145,False,-4.2554757960611145,11,-4.982692357316676,all_customer_residences,False
2025-11,11680,10대,D_생활필수,5,1359458518.0,4263.108849787857,adjacent_month_descriptive_only,318889,0.28736479466090414,10629.633333333333,30,5,merchant_district,0.7272165612555614,5,1.8035143654812513,False,1.8035143654812513,16,1.0762978042256899,all_customer_residences,False
2025-11,11680,10대,E_의료건강,6,704606270.0,54092.29771226777,adjacent_month_descriptive_only,13026,0.01173829707281511,434.2,30,6,merchant_district,0.7272165612555614,6,12.065606527349937,False,12.065606527349937,11,11.338389966094375,all_customer_residences,False
2025-11,11680,20대,A_외식카페,8,45455724642.0,17071.22617258357,adjacent_month_descriptive_only,2662710,0.22610053237487288,88757.0,30,8,merchant_district,5.309455428368426,8,2.1133997471164623,False,2.1133997471164623,30,-3.1960556812519636,all_customer_residences,False
2025-11,11680,20대,B_여가운동,6,3334586774.0,10141.872339519578,adjacent_month_descriptive_only,328794,0.027919111897902495,10959.8,30,6,merchant_district,5.309455428368426,6,-8.21607544702797,False,-8.21607544702797,30,-13.525530875396395,all_customer_residences,False
2025-11,11680,20대,C_대면생활서비스,4,4306402340.0,88305.66448623044,adjacent_month_descriptive_only,48767,0.004140985936254953,1625.5666666666666,30,4,merchant_district,5.309455428368426,4,-1.1290090514309736,False,-1.1290090514309736,30,-6.4384644797994,all_customer_residences,False
2025-11,11680,20대,D_생활필수,5,23977260823.0,7688.410280623762,adjacent_month_descriptive_only,3118624,0.26481387258734734,103954.13333333333,30,5,merchant_district,5.309455428368426,5,6.107499464399235,False,6.107499464399235,30,0.7980440360308094,all_customer_residences,False
2025-11,11680,20대,E_의료건강,6,35589026818.0,120724.66228396005,adjacent_month_descriptive_only,294795,0.025032131340420344,9826.5,30,6,merchant_district,5.309455428368426,6,5.614765607935457,False,5.614765607935457,20,0.305310179567031,all_customer_residences,False
2025-11,11680,30대,A_외식카페,8,90225859364.0,19660.75081758309,adjacent_month_descriptive_only,4589136,0.2057307564956138,152971.2,30,8,merchant_district,4.775615880787343,8,3.580913496602456,False,3.580913496602456,30,-1.194702384184887,all_customer_residences,False
2025-11,11680,30대,B_여가운동,6,6011062290.0,23200.85179552893,adjacent_month_descriptive_only,259088,0.011614903162367728,8636.266666666666,30,6,merchant_district,4.775615880787343,6,-13.766405552119831,False,-13.766405552119831,30,-18.542021432907173,all_customer_residences,False
2025-11,11680,30대,C_대면생활서비스,4,8031349840.0,91863.49571642627,adjacent_month_descriptive_only,87427,0.003919348401995937,2914.233333333333,30,4,merchant_district,4.775615880787343,4,3.749866017425374,False,3.749866017425374,30,-1.0257498633619688,all_customer_residences,False
2025-11,11680,30대,D_생활필수,5,51535420225.0,9406.563609645122,adjacent_month_descriptive_only,5478666,0.2456083456159936,182622.2,30,5,merchant_district,4.775615880787343,5,2.99912507052289,False,2.99912507052289,30,-1.7764908102644528,all_customer_residences,False
2025-11,11680,30대,E_의료건강,6,77967435822.0,121844.67976158476,adjacent_month_descriptive_only,639892,0.02868632902478621,21329.733333333334,30,6,merchant_district,4.775615880787343,6,9.130685697341189,False,9.130685697341189,20,4.355069816553846,all_customer_residences,False
2025-11,11680,40대,A_외식카페,8,71018260680.0,19943.246756966688,adjacent_month_descriptive_only,3561018,0.15845267319343617,118700.6,30,8,merchant_district,3.85551078454609,8,3.783028372162822,False,3.783028372162822,30,-0.07248241238326791,all_customer_residences,False
2025-11,11680,40대,B_여가운동,6,6992785428.0,45439.8595629374,adjacent_month_descriptive_only,153891,0.0068476037836402645,5129.7,30,6,merchant_district,3.85551078454609,6,-15.080716219607936,False,-15.080716219607936,30,-18.936227004154027,all_customer_residences,False
2025-11,11680,40대,C_대면생활서비스,4,6685308547.0,86625.31321023648,adjacent_month_descriptive_only,77175,0.0034340138279849858,2572.5,30,4,merchant_district,3.85551078454609,4,1.085675172072853,False,1.085675172072853,30,-2.769835612473237,all_customer_residences,False
2025-11,11680,40대,D_생활필수,5,62386302111.0,10719.903724953478,adjacent_month_descriptive_only,5819670,0.25895467773643516,193989.0,30,5,merchant_district,3.85551078454609,5,2.3797578259666663,False,2.3797578259666663,30,-1.4757529585794238,all_customer_residences,False
2025-11,11680,40대,E_의료건강,6,91664567547.0,131463.96974873074,adjacent_month_descriptive_only,697260,0.031025597430525572,23242.0,30,6,merchant_district,3.85551078454609,6,15.117313883540895,False,15.117313883540895,19,11.261803098994804,all_customer_residences,False
2025-11,11680,50대,A_외식카페,8,56681602129.0,20077.389322092014,adjacent_month_descriptive_only,2823156,0.1705464803489419,94105.2,30,8,merchant_district,3.559105824219455,8,1.8156676687939965,False,1.8156676687939965,30,-1.7434381554254585,all_customer_residences,False
2025-11,11680,50대,B_여가운동,6,5596297512.0,52427.27939743686,adjacent_month_descriptive_only,106744,0.0064483909137034775,3558.133333333333,30,6,merchant_district,3.559105824219455,6,-6.507769678476583,False,-6.507769678476583,30,-10.066875502696039,all_customer_residences,False
2025-11,11680,50대,C_대면생활서비스,4,6357275688.0,85891.72043504695,adjacent_month_descriptive_only,74015,0.004471236354996654,2467.1666666666665,30,4,merchant_district,3.559105824219455,4,-0.36714258419746626,False,-0.36714258419746626,30,-3.9262484084169214,all_customer_residences,False
2025-11,11680,50대,D_생활필수,5,51993454814.0,10813.552920598771,adjacent_month_descriptive_only,4808175,0.29046121544532916,160272.5,30,5,merchant_district,3.559105824219455,5,1.8869013709608362,False,1.8869013709608362,30,-1.6722044532586189,all_customer_residences,False
2025-11,11680,50대,E_의료건강,6,86087400395.0,149477.53410184017,adjacent_month_descriptive_only,575922,0.03479137180358553,19197.4,30,6,merchant_district,3.559105824219455,6,10.406641621446134,False,10.406641621446134,20,6.847535797226679,all_customer_residences,False
2025-11,11680,60대이상,A_외식카페,8,41227138073.0,24213.413548941448,adjacent_month_descriptive_only,1702657,0.15196214800132196,56755.23333333333,30,8,merchant_district,3.5717118271340054,8,3.3377031592157325,False,3.3377031592157325,11,-0.2340086679182729,all_customer_residences,False
2025-11,11680,60대이상,B_여가운동,6,3767895414.0,99466.63007840342,adjacent_month_descriptive_only,37881,0.003380879489197224,1262.7,30,6,merchant_district,3.5717118271340054,6,-23.279237960839648,False,-23.279237960839648,1,-26.850949787973654,all_customer_residences,False
2025-11,11680,60대이상,C_대면생활서비스,4,4607731018.0,79896.84621386832,adjacent_month_descriptive_only,57671,0.005147137114159951,1922.3666666666666,30,4,merchant_district,3.5717118271340054,4,3.272448950119844,False,3.272448950119844,1,-0.29926287701416143,all_customer_residences,False
2025-11,11680,60대이상,D_생활필수,5,43067960245.0,11811.76747049181,adjacent_month_descriptive_only,3646191,0.3254225697736468,121539.7,30,5,merchant_district,3.5717118271340054,5,2.0211736143773473,False,2.0211736143773473,26,-1.550538212756658,all_customer_residences,False
2025-11,11680,60대이상,E_의료건강,6,89281433308.0,130484.91629690689,adjacent_month_descriptive_only,684228,0.061067353320515244,22807.6,30,6,merchant_district,3.5717118271340054,6,7.925747161176777,False,7.925747161176777,7,4.354035334042772,all_customer_residences,False
2025-12,11680,10대,A_외식카페,8,3106087011.0,13435.910904151779,adjacent_month_descriptive_only,231178,0.19478036676454358,7457.354838709677,31,8,merchant_district,3.498062294083226,8,1.4711943473878497,False,1.4711943473878497,31,-2.0268679466953765,all_customer_residences,False
2025-12,11680,10대,B_여가운동,6,484768848.0,5695.591131789503,adjacent_month_descriptive_only,85113,0.07171245255357601,2745.5806451612902,31,6,merchant_district,3.498062294083226,6,37.851114382752925,False,37.851114382752925,5,34.3530520886697,all_customer_residences,False
2025-12,11680,10대,C_대면생활서비스,4,255343561.0,67072.12004202785,adjacent_month_descriptive_only,3807,0.0032076099640649947,122.80645161290323,31,4,merchant_district,3.498062294083226,4,9.779307162905159,False,9.779307162905159,14,6.281244868821933,all_customer_residences,False
2025-12,11680,10대,D_생활필수,5,1343195504.0,4580.595506690856,adjacent_month_descriptive_only,293236,0.24706769514645727,9459.225806451614,31,5,merchant_district,3.498062294083226,5,-11.010798681187373,False,-11.010798681187373,20,-14.508860975270599,all_customer_residences,False
2025-12,11680,10대,E_의료건강,6,1004052544.0,73708.1591543092,adjacent_month_descriptive_only,13622,0.01147729522734262,439.4193548387097,31,6,merchant_district,3.498062294083226,6,1.2020623764877225,False,1.2020623764877225,19,-2.2959999175955037,all_customer_residences,False
2025-12,11680,20대,A_외식카페,8,51053590778.0,18782.242400808776,adjacent_month_descriptive_only,2718184,0.22546229290579242,87683.35483870968,31,8,merchant_district,-0.9299895278958803,8,-1.2096456181375226,False,-1.2096456181375226,31,-0.2796560902416423,all_customer_residences,False
2025-12,11680,20대,B_여가운동,6,3271694890.0,8768.502515283328,adjacent_month_descriptive_only,373119,0.03094870151053658,12036.09677419355,31,6,merchant_district,-0.9299895278958803,6,9.820405246387253,False,9.820405246387253,29,10.750394774283134,all_customer_residences,False
2025-12,11680,20대,C_대면생활서비스,4,4757676638.0,92272.77667229107,adjacent_month_descriptive_only,51561,0.00427677496612281,1663.258064516129,31,4,merchant_district,-0.9299895278958803,4,2.3186620778064437,False,2.3186620778064437,31,3.248651605702324,all_customer_residences,False
2025-12,11680,20대,D_생활필수,5,24663614743.0,7786.404311192057,adjacent_month_descriptive_only,3167523,0.26273313300785905,102178.16129032258,31,5,merchant_district,-0.9299895278958803,5,-1.7084188825046809,False,-1.7084188825046809,31,-0.7784293546088006,all_customer_residences,False
2025-12,11680,20대,E_의료건강,6,40177273089.0,133158.140461876,adjacent_month_descriptive_only,301726,0.025026942910889447,9733.09677419355,31,6,merchant_district,-0.9299895278958803,6,-0.9505238468066057,False,-0.9505238468066057,22,-0.020534318910725435,all_customer_residences,False
2025-12,11680,30대,A_외식카페,8,97956985232.0,21116.211336753793,adjacent_month_descriptive_only,4638947,0.2046960158834274,149643.4516129032,31,8,merchant_district,-1.6809040479126125,8,-2.17540843446139,False,-2.17540843446139,31,-0.4945043865487775,all_customer_residences,False
2025-12,11680,30대,B_여가운동,6,6227459244.0,22485.13044891121,adjacent_month_descriptive_only,276959,0.012220963909063451,8934.161290322581,31,6,merchant_district,-1.6809040479126125,6,3.4493448981340213,False,3.4493448981340213,31,5.130248946046634,all_customer_residences,False
2025-12,11680,30대,C_대면생활서비스,4,8076647710.0,95581.62970414202,adjacent_month_descriptive_only,84500,0.003728607665090723,2725.8064516129034,31,4,merchant_district,-1.6809040479126125,4,-6.465744508690552,False,-6.465744508690552,31,-4.784840460777939,all_customer_residences,False
2025-12,11680,30대,D_생활필수,5,54135480970.0,9559.904133387865,adjacent_month_descriptive_only,5662764,0.24987248823668406,182669.8064516129,31,5,merchant_district,-1.6809040479126125,5,0.02606827188200711,False,0.02606827188200711,31,1.7069723197946196,all_customer_residences,False
2025-12,11680,30대,E_의료건강,6,89013909141.0,136189.56635908954,adjacent_month_descriptive_only,653603,0.028840581724571504,21083.967741935485,31,6,merchant_district,-1.6809040479126125,6,-1.1522206469115837,False,-1.1522206469115837,22,0.5286834010010288,all_customer_residences,False
2025-12,11680,40대,A_외식카페,8,81209206200.0,22074.383380417294,adjacent_month_descriptive_only,3678889,0.15911396753112114,118673.83870967742,31,8,merchant_district,-0.43803983971075766,8,-0.022545202233670292,False,-0.022545202233670292,31,0.41549463747708737,all_customer_residences,False
2025-12,11680,40대,B_여가운동,6,7911538189.0,38724.91171849379,adjacent_month_descriptive_only,204301,0.008836130331895195,6590.354838709677,31,6,merchant_district,-0.43803983971075766,6,28.474469047111484,False,28.474469047111484,31,28.91250888682224,all_customer_residences,False
2025-12,11680,40대,C_대면생활서비스,4,6839173091.0,88279.28917544404,adjacent_month_descriptive_only,77472,0.003350706502036625,2499.0967741935483,31,4,merchant_district,-0.43803983971075766,4,-2.853380983729903,False,-2.853380983729903,31,-2.4153411440191452,all_customer_residences,False
2025-12,11680,40대,D_생활필수,5,64799123446.0,10879.628785738092,adjacent_month_descriptive_only,5956005,0.25760048378333655,192129.1935483871,31,5,merchant_district,-0.43803983971075766,5,-0.958717479657567,False,-0.958717479657567,31,-0.5206776399468094,all_customer_residences,False
2025-12,11680,40대,E_의료건강,6,109135469130.0,153130.67880369583,adjacent_month_descriptive_only,712695,0.03082444974273276,22990.16129032258,31,6,merchant_district,-0.43803983971075766,6,-1.0835500803606402,False,-1.0835500803606402,22,-0.6455102406498825,all_customer_residences,False
2025-12,11680,50대,A_외식카페,8,65577032274.0,22359.376334744353,adjacent_month_descriptive_only,2932865,0.16970481979822538,94608.54838709677,31,8,merchant_district,1.0334867544554482,8,0.5348783989585826,False,0.5348783989585826,31,-0.49860835549686566,all_customer_residences,False
2025-12,11680,50대,B_여가운동,6,6577976730.0,44836.28855368718,adjacent_month_descriptive_only,146711,0.008489161218609601,4732.612903225807,31,6,merchant_district,1.0334867544554482,6,33.00830688073728,False,33.00830688073728,31,31.97482012628183,all_customer_residences,False
2025-12,11680,50대,C_대면생활서비스,4,6602431347.0,87552.62955006564,adjacent_month_descriptive_only,75411,0.004363518322801757,2432.6129032258063,31,4,merchant_district,1.0334867544554482,4,-1.4005443534767292,False,-1.4005443534767292,31,-2.4340311079321775,all_customer_residences,False
2025-12,11680,50대,D_생활필수,5,54087647077.0,11067.574703649676,adjacent_month_descriptive_only,4887037,0.2827793756044891,157646.35483870967,31,5,merchant_district,1.0334867544554482,5,-1.6385500702181144,False,-1.6385500702181144,31,-2.6720368246735626,all_customer_residences,False
2025-12,11680,50대,E_의료건강,6,109759164678.0,176638.3178644883,adjacent_month_descriptive_only,621378,0.035954891042234025,20044.451612903227,31,6,merchant_district,1.0334867544554482,6,4.412324652834365,False,4.412324652834365,22,3.378837898378917,all_customer_residences,False
2025-12,11680,60대이상,A_외식카페,8,48549750336.0,26790.207776097825,adjacent_month_descriptive_only,1812220,0.15328134072749894,58458.709677419356,31,8,merchant_district,2.115022833789393,8,3.0014436449960824,False,3.0014436449960824,20,0.8864208112066896,all_customer_residences,False
2025-12,11680,60대이상,B_여가운동,6,4011948530.0,99143.68927000444,adjacent_month_descriptive_only,40466,0.003422698532120257,1305.3548387096773,31,6,merchant_district,2.115022833789393,6,3.37806594675516,False,3.37806594675516,1,1.263043112965767,all_customer_residences,False
2025-12,11680,60대이상,C_대면생활서비스,4,4669534186.0,82049.76517720651,adjacent_month_descriptive_only,56911,0.004813650871385754,1835.8387096774193,31,4,merchant_district,2.115022833789393,4,-4.501116175681741,False,-4.501116175681741,2,-6.616139009471134,all_customer_residences,False
2025-12,11680,60대이상,D_생활필수,5,44549159883.0,11941.073479327213,adjacent_month_descriptive_only,3730750,0.3155546025974312,120346.7741935484,31,5,merchant_district,2.115022833789393,5,-0.9815112316811758,False,-0.9815112316811758,23,-3.0965340654705686,all_customer_residences,False
2025-12,11680,60대이상,E_의료건강,6,100824589499.0,137565.05048825048,adjacent_month_descriptive_only,732923,0.06199215332024849,23642.677419354837,31,6,merchant_district,2.115022833789393,6,3.6613997937303244,False,3.6613997937303244,7,1.5463769599409316,all_customer_residences,False
