period,district,age,amount,count,daily_count,days,mom_daily_change_pct,observed_industries
2025-07,11680,10대,11483688042.0,1202549,38791.903225806454,31,,80
2025-07,11680,20대,270544018842.0,11921531,384565.51612903224,31,,87
2025-07,11680,30대,806214464621.0,22696445,732143.3870967742,31,,87
2025-07,11680,40대,1246447865833.0,23544585,759502.7419354839,31,,87
2025-07,11680,50대,1372059064592.0,17563363,566560.0967741936,31,,88
2025-07,11680,60대이상,1176326845081.0,12002023,387162.03225806454,31,,87
2025-08,11680,10대,11072751686.0,1169067,37711.83870967742,31,-2.7842524504199107,80
2025-08,11680,20대,275373478989.0,11958134,385746.2580645161,31,0.3070327124930605,87
2025-08,11680,30대,787412064348.0,22383603,722051.7096774194,31,-1.378374454677811,87
2025-08,11680,40대,1129932888264.0,22851214,737135.9354838709,31,-2.94492767657617,88
2025-08,11680,50대,1182911833343.0,16901711,545216.4838709678,31,-3.7672284060860095,88
2025-08,11680,60대이상,923329114197.0,11387430,367336.4516129032,31,-5.120745061061804,86
2025-09,11680,10대,9874032199.0,1119134,37304.46666666667,30,-1.0802232321443728,77
2025-09,11680,20대,273474293442.0,11791670,393055.6666666667,30,1.8948747912230113,86
2025-09,11680,30대,821488307963.0,22451363,748378.7666666667,30,3.6461456480740173,87
2025-09,11680,40대,1208955265855.0,22786827,759560.9,30,3.04217491464569,88
2025-09,11680,50대,1281917256459.0,16916759,563891.9666666667,30,3.4253334864539298,88
2025-09,11680,60대이상,1180529878514.0,11974670,399155.6666666667,30,8.662144721562882,86
2025-10,11680,10대,10472048867.0,1138430,36723.54838709677,31,-1.557235182480099,80
2025-10,11680,20대,266429799553.0,11555676,372763.7419354839,31,-5.162608366206689,86
2025-10,11680,30대,813455376257.0,21999455,709659.8387096775,31,-5.173707443551101,87
2025-10,11680,40대,1168132947566.0,22360700,721312.9032258064,31,-5.03554050428262,87
2025-10,11680,50대,1220196660828.0,16517498,532822.5161290322,31,-5.509823223993637,87
2025-10,11680,60대이상,1041585962536.0,11178693,360603.0,31,-9.658554264960962,87
2025-11,11680,10대,10678298021.0,1109701,36990.03333333333,30,0.7256514088115562,77
2025-11,11680,20대,268334090603.0,11776664,392555.4666666667,30,5.309455428368426,86
2025-11,11680,30대,824908555642.0,22306514,743550.4666666667,30,4.775615880787343,87
2025-11,11680,40대,1227241620504.0,22473701,749123.3666666667,30,3.8555338905609693,88
2025-11,11680,50대,1212669535704.0,16553587,551786.2333333333,30,3.559105824219455,87
2025-11,11680,60대이상,999586955046.0,11204481,373482.7,30,3.5717118271340054,87
2025-12,11680,10대,13124645182.0,1186865,38285.967741935485,31,3.5034691559316045,80
2025-12,11680,20대,295991719268.0,12056047,388904.7419354839,31,-0.9299895278958803,86
2025-12,11680,30대,868262984969.0,22662615,731052.0967741936,31,-1.6809040479126125,87
2025-12,11680,40대,1260905374302.0,23121094,745841.7419354839,31,-0.43806199048160854,87
2025-12,11680,50대,1261711923334.0,17282155,557488.8709677419,31,1.0334867544554482,87
2025-12,11680,60대이상,1356907068317.0,11822835,381381.77419354836,31,2.1149772649572185,86
