period,observation_months,metric,current,unit,baseline_n,baseline_mean,baseline_median,baseline_min,baseline_max,difference,change_pct,percent_status,historical_range_position,quality_status,baseline_periods
2025-07-01,"2025-04,2025-05,2025-06",rain_days,31.0,days,3,24.0,23.0,19.0,30.0,7.0,29.166666666666675,available,above_historical_max,available,"2022-07-01,2023-07-01,2024-07-01"
2025-07-01,"2025-04,2025-05,2025-06",rainfall_mm,316.29999999999995,mm,3,381.3333333333333,421.7,274.2,448.1,-65.03333333333336,-17.054195804195814,available,within_historical_range,available,"2022-07-01,2023-07-01,2024-07-01"
2025-07-01,"2025-04,2025-05,2025-06",snow_days,2.0,days,3,0.0,0.0,0.0,0.0,2.0,,zero_baseline_mean,above_historical_max,available,"2022-07-01,2023-07-01,2024-07-01"
2025-08-01,"2025-05,2025-06,2025-07",rain_days,34.0,days,3,35.0,37.0,30.0,38.0,-1.0,-2.857142857142858,available,within_historical_range,available,"2022-08-01,2023-08-01,2024-08-01"
2025-08-01,"2025-05,2025-06,2025-07",rainfall_mm,515.5999999999999,mm,3,754.3333333333333,798.3,653.6,811.0999999999999,-238.73333333333335,-31.648254529385778,available,below_historical_min,available,"2022-08-01,2023-08-01,2024-08-01"
2025-08-01,"2025-05,2025-06,2025-07",snow_days,0.0,days,3,0.0,0.0,0.0,0.0,0.0,,zero_baseline_mean,within_historical_range,available,"2022-08-01,2023-08-01,2024-08-01"
2025-09-01,"2025-06,2025-07,2025-08",rain_days,34.0,days,3,42.666666666666664,43.0,40.0,45.0,-8.666666666666664,-20.3125,available,below_historical_min,available,"2022-09-01,2023-09-01,2024-09-01"
2025-09-01,"2025-06,2025-07,2025-08",rainfall_mm,682.3,mm,3,970.1666666666667,953.6,746.0,1210.9,-287.8666666666668,-29.671877684246706,available,below_historical_min,available,"2022-09-01,2023-09-01,2024-09-01"
2025-09-01,"2025-06,2025-07,2025-08",snow_days,0.0,days,3,0.0,0.0,0.0,0.0,0.0,,zero_baseline_mean,within_historical_range,available,"2022-09-01,2023-09-01,2024-09-01"
2025-10-01,"2025-07,2025-08,2025-09",rain_days,35.0,days,3,42.666666666666664,43.0,41.0,44.0,-7.666666666666664,-17.96875,available,below_historical_min,available,"2022-10-01,2023-10-01,2024-10-01"
2025-10-01,"2025-07,2025-08,2025-09",rainfall_mm,954.9,mm,3,895.0333333333333,892.5,774.0,1018.5999999999999,59.866666666666674,6.6887639194070925,available,within_historical_range,available,"2022-10-01,2023-10-01,2024-10-01"
2025-10-01,"2025-07,2025-08,2025-09",snow_days,0.0,days,3,0.0,0.0,0.0,0.0,0.0,,zero_baseline_mean,within_historical_range,available,"2022-10-01,2023-10-01,2024-10-01"
2025-11-01,"2025-08,2025-09,2025-10",rain_days,40.0,days,3,29.666666666666668,29.0,28.0,32.0,10.333333333333332,34.8314606741573,available,above_historical_max,available,"2022-11-01,2023-11-01,2024-11-01"
2025-11-01,"2025-08,2025-09,2025-10",rainfall_mm,847.3,mm,3,548.2333333333333,463.6,290.7,890.4,299.0666666666666,54.55098194199548,available,within_historical_range,available,"2022-11-01,2023-11-01,2024-11-01"
2025-11-01,"2025-08,2025-09,2025-10",snow_days,0.0,days,3,0.0,0.0,0.0,0.0,0.0,,zero_baseline_mean,within_historical_range,available,"2022-11-01,2023-11-01,2024-11-01"
2025-12-01,"2025-09,2025-10,2025-11",rain_days,34.0,days,3,21.333333333333332,23.0,18.0,23.0,12.666666666666668,59.375,available,above_historical_max,available,"2022-12-01,2023-12-01,2024-12-01"
2025-12-01,"2025-09,2025-10,2025-11",rainfall_mm,577.8,mm,3,311.8,277.9,247.4,410.1,265.99999999999994,85.31109685695957,available,above_historical_max,available,"2022-12-01,2023-12-01,2024-12-01"
2025-12-01,"2025-09,2025-10,2025-11",snow_days,0.0,days,3,2.6666666666666665,3.0,1.0,4.0,-2.6666666666666665,-100.0,available,below_historical_min,available,"2022-12-01,2023-12-01,2024-12-01"
