adm_cd,dong_name,flow_per_point,male_ratio,age_10_ratio,age_20_ratio,age_30_ratio,age_40_ratio,age_50_ratio,age_60_plus_ratio,night_ratio,morning_ratio,daytime_ratio,evening_ratio,weekend_weekday_index,resident_total,resident_ratio_0_19,resident_ratio_20_29,resident_ratio_30_39,resident_ratio_40_49,resident_ratio_50_64,resident_ratio_65_plus,foreigner_ratio,household_total,hh_1_ratio,hh_2_ratio,hh_3_ratio,hh_4plus_ratio,disability_ratio,livelihood_recipient_ratio
1123051,신사동,607.2698402650532,0.5030326679322921,0.0741302874704826,0.1672328511294108,0.1982183279908983,0.1949270445364401,0.1722093974326044,0.1932820914401635,0.0609553109178755,0.2404678269036805,0.50115659760642,0.1974202645720239,0.8509529756754773,15309.0,0.1469402574206028,0.118557260625563,0.1306413649192742,0.1578158053588144,0.2346989446046367,0.2113463670711086,0.0138153065986681,6544.0,0.3740065477455346,0.2285310539208245,0.1890270152881918,0.2084353830454489,0.0232542948592331,0.0077732053040695
1123052,논현1동,696.1982087542087,0.5223691672825248,0.0465318570791916,0.1969422164444396,0.2349573963254407,0.2034375862598461,0.1568405741328784,0.1612903697582033,0.0651983394417263,0.2484297780801362,0.4934089140096786,0.1929629684684587,0.6598316944339361,21535.5,0.0638946734041073,0.1737108876797336,0.2551357615144364,0.1713936497429257,0.1860649925125572,0.1498000351462396,0.0392614362737223,13457.0,0.6939871013546475,0.1667524061574743,0.0743123077394837,0.0649481847483944,0.0253999210605744,0.0298112419029045
1123053,논현2동,698.9132497116494,0.5174623124856975,0.0510919387877091,0.1785219279227961,0.2318163339482947,0.2089248602326159,0.1620092637173102,0.1676356753912738,0.0553080779049166,0.2629240079702615,0.5065879842565931,0.1751799298682287,0.6058801393255854,20508.5,0.0976667690303062,0.1441108230026633,0.2067679137070572,0.1767804778963511,0.210303000652646,0.164371015710976,0.0192359417126495,11189.5,0.5780385759616316,0.1864722203026975,0.1316859282586764,0.1038032754769944,0.0220396420996172,0.0158958480629982
1123058,삼성1동,809.7405360670981,0.5241131636058848,0.0709874525363535,0.1705814834890734,0.2219243664450985,0.2143554291375905,0.1704812804494523,0.1516699879424315,0.0387284193281859,0.2554815321480861,0.5498582039466199,0.155931844577108,0.7580710672406373,13036.5,0.1391092163111666,0.118243115860291,0.1452458685629494,0.1542979866823842,0.2379470229187121,0.2051567896644965,0.0244693448059286,5490.0,0.3595630857085108,0.2468123943454864,0.188524596418877,0.2050999235271257,0.0217082805967859,0.0068269857707206
1123059,삼성2동,705.2855931080185,0.5204359294132004,0.0750386242525926,0.1571920326409157,0.2111345483235421,0.2141639071763426,0.1714099492228161,0.1710609383837907,0.0532432054344793,0.2676685171169805,0.5014980276507247,0.1775902497978153,0.5882834439387897,30596.0,0.169761143841306,0.1241336676583576,0.153353478909761,0.1928363543066549,0.2206165634117424,0.1392987918721779,0.010409578322043,13799.0,0.4370244220595695,0.1853757518660772,0.1797594028552793,0.1978404232190738,0.019152830435351,0.0110798797228395
1123060,대치1동,708.2130124223603,0.4694186817630308,0.2168917641146742,0.1027011461423067,0.1014223173409063,0.2006817242616071,0.1745146280853496,0.2037884200551558,0.0552625562859471,0.2425769319094588,0.4820293366032897,0.2201311752013043,1.0087785504961273,23823.0,0.2883136981203619,0.0897031089547284,0.0520714342098493,0.2211090650300211,0.2254130319409488,0.1233896617440904,0.001741873802276,7213.0,0.07611237711264,0.1534737134259462,0.2896842851025192,0.4807296243588945,0.0127188011585442,0.0003358099315787
1123063,대치4동,1249.5277738095238,0.5047441164459957,0.1769045754854546,0.1295626261320284,0.1536785997934057,0.2128199710965553,0.1728223118803649,0.1542119156121909,0.0506323339405473,0.2390319785124132,0.5069971893758418,0.2033384981711975,0.846502577728509,18462.0,0.1427094021919886,0.1529712932206288,0.1747515692333107,0.1744402763598376,0.230318619054735,0.1248088399394991,0.0184464844604951,9635.5,0.5580097738353358,0.1772712073416699,0.1309993623183647,0.1337196565046295,0.0193911818871194,0.0182537103239085
1123064,역삼1동,1293.4531555790215,0.5343346032799859,0.0504071889441675,0.2076453680016492,0.2393725138570525,0.2067209420658678,0.1540951046899841,0.1417588824412786,0.0525634061879924,0.2579796349168864,0.5075323147882074,0.1819246441069137,0.5594494564513189,35661.5,0.060133117896402,0.1903299421556793,0.2851124383728732,0.1770120868154689,0.1714741825203258,0.1159382322392505,0.0400718774442376,23886.0,0.7460011259226205,0.1426584048529343,0.0622327059025839,0.0491077633218612,0.0205263379274567,0.021872327299749
1123065,역삼2동,790.7354921700224,0.5130552772301026,0.101876263661812,0.1421253693027828,0.1916337923129698,0.2250061044146457,0.1757265967169174,0.163631873590872,0.0570924822049011,0.2666134262500101,0.4950716888926779,0.1812224026524109,0.6584753146488297,36486.0,0.2115468028958951,0.1199637563859817,0.1248424189184319,0.219604639436375,0.2120267563057753,0.1120156260575408,0.0103601495975253,15561.0,0.4082952979260091,0.1504087401479096,0.2063821530868057,0.2349138088392754,0.0180617223044455,0.0092912349942443
1123066,도곡1동,348.9483497942387,0.5113874950914233,0.0870477009626335,0.1398247496814795,0.1796531114141758,0.2021148620972886,0.1765716583747278,0.2147879174696945,0.0530562904562561,0.277849033641026,0.484372797254168,0.1847218786485498,0.7141460159554923,20839.5,0.1846735614417498,0.1134147147891984,0.1376707231831778,0.1798511454944417,0.2192232607905206,0.1651665943009115,0.0063101200796885,8364.5,0.3220160467624461,0.2076004797174476,0.2135193013121308,0.2568641722079754,0.0169869718563305,0.0036949063077329
1123067,도곡2동,617.9922398373984,0.4772998052227541,0.1216757217075347,0.1074575003144464,0.1344830360707125,0.1991101426286772,0.1870224572145481,0.2502511420640808,0.056515899508827,0.2717504896141125,0.4745566824218676,0.1971769284551927,0.8272026408808787,32234.5,0.2138698424587343,0.1012114381308221,0.0929431882742904,0.1843985169196829,0.2298004941438849,0.1777765200725851,0.0032730827262784,11422.0,0.1906413606044119,0.2172993795435637,0.2696994803545123,0.322359779497512,0.0163179202407358,0.0016131784268408
1123068,개포1동,126.0251696530874,0.4841363169990382,0.126005187716327,0.0809060525562164,0.1234291187306693,0.2138268176897493,0.1945864082145643,0.2612464150924735,0.0695068377204402,0.2699077996588737,0.4424679290629453,0.2181174335577407,0.6539578191524128,26749.5,0.2192381752631064,0.0890849255071748,0.1146707666741141,0.1876656093382322,0.2234643041867792,0.165876219030593,0.002130607725486,9149.5,0.1449245166019994,0.2312705023143925,0.2817668761798481,0.3420381049037599,0.0195517673227536,0.0037010037570795
1123071,개포4동,196.30289831040764,0.5132336408673673,0.1015075119775455,0.1053244603487201,0.1526023823397901,0.1996855498851395,0.1953718639237152,0.2455082315250894,0.0684539134838334,0.266243975139886,0.4617626679341908,0.2035394434420897,0.9570829021151136,23161.5,0.1540487604594871,0.1141764301247845,0.1557110273293415,0.1617555036425827,0.2401397922460892,0.1741684861977147,0.0080089781832915,10049.0,0.3668518237996413,0.2326107138914798,0.2082296877324199,0.1923077745764588,0.0262504587354014,0.0224078751376206
1123072,일원본동,228.42569285702675,0.4804841036072709,0.1111925882215156,0.0998013245581864,0.1352344271603268,0.1931368632299959,0.1859557680011904,0.2746790288287846,0.0625887126851844,0.3129981448827818,0.4602055357495198,0.1642076066825139,0.6260492523103128,22431.5,0.2152554389458481,0.0902526387112978,0.1135683216766995,0.1900450018162373,0.2167934175909931,0.174085181258924,0.0010030613062405,7950.0,0.1852201284281659,0.2189936469434409,0.278867869305974,0.3169183553224192,0.0306711544034059,0.0036555736352896
1123073,일원1동,264.40659090909094,0.5112059847798861,0.0940918152045584,0.105209750001291,0.1437680942846088,0.1831693178727701,0.184798963089397,0.2889620595473745,0.0758677089043527,0.2858092733226831,0.4510387252007613,0.1872842925722029,1.0010790922466295,14259.5,0.1001427897245693,0.1204789315405754,0.1579309524629436,0.1354875265045775,0.220695448029595,0.265264351737739,0.0106237213452306,7433.0,0.4962992123703966,0.2548125298193715,0.1415302667978538,0.107357991012378,0.0765103965777201,0.0838037799361828
1123074,개포3동,318.5769660618241,0.5082426208476629,0.1134032438815058,0.1055036983794979,0.1484311210025153,0.1837121622698261,0.1822954147629205,0.2666543597037343,0.0700599173363285,0.2826012756559569,0.448479601582938,0.1988592054247765,0.6872777922769003,16294.5,0.1602723666425159,0.0869247256401558,0.1509466874936591,0.1742404697807068,0.196613260990534,0.231002489452428,0.0046668266181056,7223.5,0.3528596133690016,0.2649732583931957,0.2053589980686085,0.1768081301691941,0.0685507379790727,0.0626591794777378
1123075,수서동,388.7399853335649,0.5270530973049022,0.0596700069109711,0.11978224689889,0.1663951492542268,0.1807719264116142,0.180064610478275,0.2933160600460227,0.0709590664108707,0.2935319487404281,0.4544667589445013,0.1810422259041998,0.7209299951958243,13598.5,0.069712544983204,0.0721412567511984,0.1390598841590226,0.1088345455216018,0.2125256206743903,0.3977261479105827,0.0058462753047252,7626.0,0.5281230999276425,0.2761628786732439,0.1169032156446283,0.0788108057544852,0.1461925947714821,0.2036253998602787
1123076,세곡동,85.2199295020683,0.5108301688224332,0.132354194447364,0.0976413211226164,0.153545189552902,0.1936146832678519,0.1752272319374092,0.2476173796718563,0.0760870073429991,0.2754045680807375,0.4507954828551005,0.1977129417211628,0.957165084093544,46141.5,0.1772482927219372,0.1118410218048446,0.1673546770810664,0.1688937061333935,0.1975987023606517,0.1770635998981064,0.0042911192451539,20288.0,0.3869284273592069,0.2324035129370334,0.1789721228418299,0.2016959368619296,0.0430198411408385,0.0368215164223096
1123077,압구정동,484.0394633074098,0.4962780654890974,0.0694503431068508,0.1660440313544232,0.2074420827848533,0.1974832067878047,0.1688423194536453,0.1907380165124225,0.0604927643319419,0.2416404379227124,0.511608653626297,0.1862581441190486,0.817443037464428,25669.5,0.17240306180252,0.1033327345382336,0.1094878901430987,0.1647675091520677,0.2336430504465385,0.2163657539175413,0.0083757193030687,9940.0,0.2687619871765676,0.2456742929147247,0.2328974176016032,0.2526663023071045,0.0188161047157132,0.0024153177895946
1123078,청담동,500.49645992710174,0.5114213606136854,0.064318540605331,0.1539987514655105,0.2035493281143056,0.204303060589115,0.1776235888116637,0.196206730414074,0.0627886306056068,0.2621367442144487,0.491854308046239,0.1832203171337053,0.7614574322902131,24789.0,0.1519652233869459,0.1196103025787829,0.145157151710797,0.1774388940907285,0.2278359328060003,0.1779924954267452,0.0102213740078225,10769.0,0.3920462790590627,0.2168193183419755,0.1864365969203289,0.2046978056786328,0.0210980676913146,0.0053249425148251
1123079,대치2동,578.4774766235814,0.5235795434410682,0.1456407212923252,0.1304116503066059,0.1655301870844075,0.2098293125369611,0.1731627203236543,0.1754254084560458,0.0481818361733176,0.2584325585288778,0.5052223564473394,0.1881632488504651,0.7661221887462503,38634.5,0.239333427932026,0.0935699992305481,0.0846787418012093,0.1983589518585444,0.2279693439269129,0.156089535250759,0.005189255839585,13410.5,0.1880973727002896,0.1939902409819262,0.2672912859123125,0.3506211004054715,0.0153748592579171,0.0018377357025456
1123080,개포2동,356.1191324921136,0.4799744831162386,0.1393476943332588,0.105102103634829,0.1274892143622541,0.1939559165497573,0.1789202702490039,0.2551848008708967,0.0650151746549539,0.2704024616507935,0.4488311750306661,0.2157511886635864,1.1020346819350626,42223.5,0.2118136526555807,0.1003822357312395,0.1443150948088782,0.18119046784283,0.2192855262925989,0.1430130226688725,0.0038959992008093,14971.0,0.1715978685758352,0.2374919052187792,0.278338362107111,0.3125718640982745,0.0180231387734318,0.0026525513043684
