STD_YM,adm_cd,adm_nm,dong_name,total_flow,point_count,flow_per_point,male_ratio,female_ratio,age_10_ratio,age_20_ratio,age_30_ratio,age_40_ratio,age_50_ratio,age_60_plus_ratio,time_total,time_point_count,time_flow_per_point,night_ratio,morning_ratio,daytime_ratio,evening_ratio,peak_hour,peak_hour_ratio,week_total,weekday_point_count,week_flow_per_point,workday_ratio,weekend_ratio,weekend_weekday_index,sat_ratio,sun_ratio,peak_day,peak_day_ratio
202507,1123051,서울특별시 강남구 신사동,신사동,432575.57,699,618.8491702432046,0.5033264823531296,0.4966735176468703,0.0758565029458321,0.16797869560687395,0.19843339742926305,0.19690161883159513,0.1715335426824959,0.18929624250393984,432582.10000000003,699,618.858512160229,0.06159746323299091,0.2428760459575188,0.4964986762050487,0.19902781460444158,18,0.07706705848438944,3012676.76,700,4303.823942857142,0.7536313620316838,0.24636863796831626,0.8172717139323302,0.13782505827143568,0.1085435796968806,금,0.1579190858829475
202507,1123052,서울특별시 강남구 논현1동,논현1동,355919.32,495,719.0289292929293,0.5235351090241462,0.4764648909758537,0.04558375757741951,0.1968605694121915,0.2371372815614505,0.2061417458316115,0.15632750703164977,0.15794913858567722,355924.11999999994,495,719.0386262626262,0.0650320916716743,0.25252913458070786,0.4889859670089232,0.19345280673869475,18,0.07830472405185691,2463533.7100000004,495,4976.835777777778,0.7981936930751395,0.20180630692486035,0.6320718538484584,0.11597011189264383,0.08583619503221653,금,0.16392563997023607
202507,1123053,서울특별시 강남구 논현2동,논현2동,417862.51,578,722.9455190311419,0.5202024943563375,0.4797975056436626,0.04921786355038168,0.17749254413850143,0.23352367744117555,0.21260347093593057,0.16275322234579023,0.16440922158822047,417866.66,578,722.9526989619377,0.05493257107422736,0.26714368645730197,0.502523795509314,0.17539994695915678,18,0.07699049261312209,2883583.8599999994,578,4988.899411764705,0.8139269270289231,0.18607307297107709,0.5715288031147326,0.10670107926044504,0.07937199371063203,금,0.16453253764570597
202507,1123058,서울특별시 강남구 삼성1동,삼성1동,626441.05,734,853.4619209809265,0.5257909423400654,0.47420905765993465,0.07243562662440464,0.17511872825064703,0.222469360844089,0.2131454029074244,0.16996545804270008,0.14686542333073477,626451.3600000001,736,851.156739130435,0.0390456012418905,0.2589954789147556,0.5473973111016951,0.1545616087416587,12,0.08290938980482059,4354362.000000001,761,5721.894875164258,0.759416348479984,0.24058365152001598,0.7920018182435701,0.1330525068884948,0.1075311446315212,금,0.16136861611414022
202507,1123059,서울특별시 강남구 삼성2동,삼성2동,360403.43,503,716.5078131212723,0.5233935481690615,0.47660645183093847,0.07313717852241307,0.15648846627236596,0.21296348372711105,0.2163590673928936,0.17240399182660388,0.16864781225861253,360408.02999999997,503,716.5169582504969,0.05372735452093007,0.2719922472315614,0.4954886271540621,0.17879177109344654,18,0.07587747143147726,2486941.03,503,4944.2167594433395,0.8140637134447857,0.1859362865552144,0.571012696808484,0.10423880456867932,0.08169748198653509,목,0.16480952505737542
202507,1123060,서울특별시 강남구 대치1동,대치1동,224124.33,322,696.0382919254658,0.47058117251259607,0.529418827487404,0.2199738868154118,0.10605194001026128,0.09992699141588064,0.20009911462981286,0.17508473979598735,0.19886332733264614,224126.5,322,696.0450310559006,0.05514814178600032,0.24596564886347663,0.4750153150118348,0.2238708943386882,17,0.07893212092278244,1569216.0799999998,322,4873.341863354037,0.7162179220085484,0.28378207799145166,0.9905577243711606,0.15329258542902519,0.13048949256242645,토,0.15329258542902519
202507,1123063,서울특별시 강남구 대치4동,대치4동,355362.24,280,1269.1508571428571,0.5070702222048127,0.49292977779518726,0.17718683335629584,0.13145606015990893,0.1547213063492621,0.21268061570075653,0.17320458695892957,0.15075059747484706,355365.99999999994,280,1269.1642857142856,0.049745473680656016,0.2429576267847797,0.5029169363416872,0.20437996319287724,17,0.08113035574590706,2473995.7199999997,280,8835.698999999999,0.7519732127911686,0.24802678720883156,0.8245865111611077,0.1366369057421005,0.1113898814667311,금,0.15227660539364232
202507,1123064,서울특별시 강남구 역삼1동,역삼1동,1251897.83,947,1321.9618057022176,0.5357231987533678,0.46427680124663206,0.048985874510222606,0.2100870084581902,0.24061055365836045,0.2082793369807183,0.15406798013221254,0.13796924626029586,1251908.2799999998,947,1321.972840549102,0.05203850077579166,0.2623490196901646,0.5032367067657705,0.18237577276827346,18,0.0771265128145011,8630534.15,947,9113.552428722282,0.8232962417511552,0.17670375824884485,0.5365740461568095,0.10163669881313198,0.0750670594357129,화,0.16614902219001126
202507,1123065,서울특별시 강남구 역삼2동,역삼2동,359951.22,447,805.26,0.5143692525892815,0.48563074741071866,0.10021460685700692,0.14307110835740466,0.193276161142057,0.22663454231381688,0.17622382277243012,0.1605797585572845,359957.02999999997,447,805.2729977628635,0.056853980598739806,0.27055215451688774,0.4906958477793864,0.18189801710498613,12,0.07391493367972284,2490299.5999999996,447,5571.140044742729,0.7957533864600067,0.20424661353999338,0.6416768593615608,0.11151323318688243,0.09273338035311093,화,0.16094569103251674
202507,1123066,서울특별시 강남구 도곡1동,도곡1동,143320.95,405,353.8788888888889,0.514271151565769,0.4857288484342309,0.08499783178942087,0.142919231277772,0.18113102097076525,0.20383014486018966,0.17688377030713234,0.2102380007947198,143323.76,405,353.8858271604939,0.052960444241764236,0.28302306609874034,0.4777148603971874,0.18630162926230792,18,0.07444801894675383,994014.01,405,2454.3555802469136,0.7826716345778667,0.21732836542213324,0.694187561618191,0.11786490816160629,0.09946345726052695,금,0.158411268267738
202507,1123067,서울특별시 강남구 도곡2동,도곡2동,256463.41,410,625.5205121951219,0.479833205056425,0.520166794943575,0.11969863459274756,0.10978646037655039,0.13475836572554345,0.20073424899091843,0.18787884790270862,0.24714344241153152,256467.04,410,625.5293658536585,0.05717919932323467,0.2767788016736966,0.4649115925383628,0.20113040646470598,17,0.07076597445036212,1785718.8599999999,410,4355.4118536585365,0.7550041499813694,0.2449958500186306,0.8112400773713502,0.13062639098743686,0.11436945903119376,금,0.15384455311179276
202507,1123068,서울특별시 강남구 개포1동,개포1동,82491.35,620,133.05056451612904,0.4841456710309626,0.5158543289690373,0.12466410114515038,0.08378745165402189,0.12246750719923967,0.21513722347858288,0.1945268200847725,0.2594168964382326,82502.47999999998,621,132.85423510466987,0.07170535964494644,0.27146420325789,0.4322147649379753,0.2246156721591885,17,0.0656867526891313,571177.14,626,912.4235463258786,0.793595468474106,0.20640453152589405,0.6502196009345936,0.10701142556230454,0.09939310596358951,금,0.16439336140098323
202507,1123071,서울특별시 강남구 개포4동,개포4동,118656.29,609,194.8379146141215,0.5156272794303615,0.48437272056963865,0.09921311377593216,0.10666809151036158,0.15208776542735322,0.20161366919528667,0.19573720027821537,0.24468015981285107,118662.6,610,194.5288524590164,0.06997984200582154,0.2711730570542024,0.45148977015504455,0.2073573307849314,17,0.0678317346830425,829539.87,612,1355.4573039215686,0.7247267331466539,0.2752732668533461,0.9495760755855907,0.1433177648230458,0.13195550203030026,금,0.14902070951695184
202507,1123072,서울특별시 강남구 일원본동,일원본동,204367.48,812,251.68408866995074,0.4792143055245385,0.5207856944754615,0.10966994357419292,0.10183405892170319,0.13321493223872996,0.19475500700992152,0.1879253979155588,0.2726006603398936,204376.83,812,251.69560344827585,0.06381413196398046,0.31798350135874015,0.4507905813002384,0.16741178537704102,11,0.06994819324675895,1414066.4200000002,824,1716.1000242718449,0.8000197260889625,0.19998027391103734,0.624922946864936,0.1032139494550758,0.09676632445596155,화,0.16158594587091601
202507,1123073,서울특별시 강남구 일원1동,일원1동,96033.24,374,256.77336898395725,0.5128071280319189,0.48719287196808103,0.08641705726059018,0.1096642162651182,0.14491346954450354,0.18432638532241544,0.18708667957053204,0.28759219203684055,96035.39,374,256.7791176470588,0.07951495797538803,0.2898429422736764,0.43964063664447034,0.19100146310646524,11,0.06436439733310814,672051.3400000001,374,1796.9287165775404,0.7187749376409248,0.2812250623590751,0.978140192540928,0.1487218074738159,0.13250325488525921,토,0.1487218074738159
202507,1123074,서울특별시 강남구 일원2동,개포3동,137226.34,418,328.2926794258373,0.5104714590507916,0.4895285409492085,0.10767568383737408,0.10959258987742442,0.14918812233861226,0.18391257829947225,0.184460796666296,0.26517022898082104,137229.03999999998,418,328.29913875598083,0.07231100647501434,0.2866689149760138,0.43796218351450983,0.20305789503446212,17,0.06820538859704915,951459.9600000001,419,2270.787494033413,0.7878309035726527,0.2121690964273473,0.6732697824660205,0.11191076290798406,0.10025833351936324,금,0.16138488896579525
202507,1123075,서울특별시 강남구 수서동,수서동,243695.32,618,394.32899676375405,0.5305801112635237,0.46941988873647633,0.05439419189502696,0.12124024376011816,0.1695474496596816,0.18329982701350192,0.18153122513801248,0.28998706253365886,243703.85999999996,616,395.62314935064927,0.07233262534290595,0.29820578139386067,0.44711840017634524,0.18234319308688834,17,0.07026154612405401,1691214.6,619,2732.172213247173,0.7821546183435266,0.21784538165647338,0.6962989687315077,0.11857514711616135,0.09927023454031202,금,0.16129747224273017
202507,1123076,서울특별시 강남구 세곡동,세곡동,194345.94,2252,86.29926287744227,0.5133373509114726,0.4866626490885274,0.12959946577736586,0.09783703225289914,0.15188812279793446,0.19585266355448433,0.17607658796473954,0.24874612765257664,194378.98999999996,2252,86.31393872113675,0.07810972780545883,0.2784318922533758,0.4396129437651673,0.2038454361759983,17,0.06720057553545268,1359053.4700000002,2274,597.6488434476694,0.7264412929978391,0.27355870700216084,0.9414343238710088,0.14299168817839078,0.13056701882377003,금,0.1491292097580237
202507,1123077,서울특별시 강남구 압구정동,압구정동,446075.97000000003,893,499.52516237402017,0.49841476553870406,0.5015852344612959,0.07127003501219757,0.16761828708235504,0.20673193850814242,0.1994947631902252,0.16820690879179165,0.18667806741528803,446088.32,891,500.66029180695847,0.06129102416310743,0.2429250781549268,0.5072305636695442,0.18855333401242158,18,0.07433059444371913,3102283.95,898,3454.6591870824054,0.7611815288539271,0.23881847114607285,0.7843676642602253,0.13508280246236004,0.10373566868371284,금,0.16069021341518397
202507,1123078,서울특별시 강남구 청담동,청담동,453657.47000000003,887,511.451488162345,0.5152120828077624,0.48478791719223757,0.06244949521056051,0.153637302610712,0.20468918984184256,0.20704896581996102,0.1783710957079578,0.19380395080896606,453672.4800000001,887,511.4684103720407,0.06398547692379311,0.2652191510492326,0.48665997990444554,0.18413539212252852,17,0.07019451565587578,3147679.53,899,3501.312046718576,0.7748632657022743,0.22513673429772568,0.7263756854368354,0.12837996884644734,0.09675676545127833,금,0.16182486023283318
202507,1123079,서울특별시 강남구 대치2동,대치2동,482628.96,809,596.5747342398023,0.5276480507924762,0.4723519492075237,0.1448185372050612,0.1337613681532911,0.16629797764311532,0.21001106108510353,0.17399552650135208,0.17111552941207672,482635.22,809,596.5824721878862,0.04838092835413047,0.2642122553758095,0.49724241011669235,0.19016440615336777,17,0.07968599970801965,3352688.51,810,4139.12161728395,0.7679041498549474,0.2320958501450527,0.7556146499172268,0.1261143046062457,0.10598154553880701,금,0.15698111483670163
202507,1123080,서울특별시 강남구 개포2동,개포2동,234817.97,634,370.37534700315456,0.4806376190033497,0.5193623809966503,0.13849974940163226,0.10700441708102663,0.12673838377872018,0.1942430130027953,0.18013003859968638,0.2533843981361392,234822.91,634,370.38313880126185,0.0667086955016442,0.2721188064656894,0.4389653462688117,0.22220715176385472,18,0.069489897727611,1648405.91,634,2600.0093217665612,0.6961918135806733,0.30380818641932683,1.090964373944488,0.15851629651097285,0.14529188990835396,토,0.15851629651097285
202508,1123051,서울특별시 강남구 신사동,신사동,418103.25,699,598.1448497854077,0.5023298192491926,0.4976701807508073,0.07749523592557579,0.1707145304419423,0.19914867918390974,0.19313523633217394,0.17023072650116927,0.18927559161522903,418111.98999999993,699,598.1573533619455,0.06259346927601862,0.23750517176032193,0.49567361127338166,0.20422774769027796,17,0.07569421771425404,2947530.92,700,4210.758457142857,0.7522755350773386,0.24772446492266145,0.8232504360825514,0.1371505307228465,0.11057393419981495,목,0.15414480198226385
202508,1123052,서울특별시 강남구 논현1동,논현1동,335603.94,495,677.9877575757575,0.5213169428225425,0.47868305717745746,0.048729672244014775,0.19992515582504783,0.23528192189877148,0.20144882685227117,0.15549108273281892,0.1591233404470758,335607.84,495,677.9956363636364,0.06743144021903659,0.24622869358475055,0.488694155655005,0.19764571054120783,18,0.07666185629036555,2389345.57,495,4826.960747474747,0.7968430619267853,0.20315693807321478,0.6373806455124819,0.1155020200782426,0.08765491799497216,목,0.164267862685095
202508,1123053,서울특별시 강남구 논현2동,논현2동,388309.31,578,671.8154152249135,0.5171275445340211,0.4828724554659789,0.051900996141452285,0.1786963336006546,0.23169246186757664,0.20842145144549845,0.16198651018694352,0.16730224675787453,388314.42,578,671.8242560553633,0.057422410427096685,0.26218294957987914,0.5009809576476713,0.17941368234535304,18,0.07585675031074046,2774623.4,578,4800.386505190311,0.8118592166417973,0.18814078335820275,0.5793516274177278,0.1067029673288274,0.08143781602937537,화,0.1677164475726688
202508,1123058,서울특별시 강남구 삼성1동,삼성1동,578270.52,736,785.6936413043478,0.5196581523816916,0.4803418476183084,0.07416468333886361,0.17072793197204655,0.21943657096682015,0.21280142380420844,0.17092986168480453,0.15193952823325663,578280.4199999999,737,784.6410040705562,0.03976977121238171,0.25098103788469966,0.5479999651380207,0.161249225764898,12,0.0813677039246807,4093193.5300000007,760,5385.780960526316,0.7742427316892587,0.22575726831074117,0.7289615358034401,0.12614331724500696,0.09961395106573422,목,0.16333275841956094
202508,1123059,서울특별시 강남구 삼성2동,삼성2동,335087.97,503,666.1788667992047,0.5204537781526445,0.47954622184735546,0.07888080852320661,0.15681025493096637,0.2096812368405825,0.21303104375844947,0.17083400517183592,0.1707626507749592,335093.74,503,666.190337972167,0.055661857485013,0.2665780924466091,0.49532208509774006,0.18243796497063777,18,0.07467701425875638,2395898.38,503,4763.217455268389,0.8143385113019693,0.18566148869803067,0.5699763861136629,0.10317571148405719,0.0824857772139735,화,0.16850362827157972
202508,1123060,서울특별시 강남구 대치1동,대치1동,227382.68,322,706.1573913043478,0.47313999465570555,0.5268600053442944,0.22982137425770513,0.10430565775722232,0.09842385532618404,0.19804709839817175,0.17409945207788033,0.19530256218283645,227385.61999999997,322,706.1665217391303,0.05571478090830898,0.24011650340949445,0.47834823503790613,0.22582048064429056,17,0.08018673300448817,1592316.13,322,4945.081149068323,0.7139897276553998,0.28601027234460036,1.0014509357291497,0.1532538893517332,0.13275638299286713,토,0.1532538893517332
202508,1123063,서울특별시 강남구 대치4동,대치4동,349138.38,280,1246.9227857142857,0.5058503164275437,0.49414968357245626,0.19502900254048267,0.1299602467079099,0.1480125444816465,0.20782115102899887,0.17058522755361355,0.1485918276873485,349139.25000000006,280,1246.925892857143,0.05077973902962786,0.23693786934582686,0.5045317018925829,0.2077506897319622,17,0.08215942492859224,2462610.43,280,8795.037250000001,0.7479997029006329,0.25200029709936705,0.8422473168175968,0.1377705080214413,0.11422978907792573,화,0.1535225122879058
202508,1123064,서울특별시 강남구 역삼1동,역삼1동,1173709.98,947,1239.3980781414994,0.532840105866698,0.467159894133302,0.05313978841689665,0.21375963762359762,0.23865736406194657,0.20302259847871448,0.15198767416120976,0.13943293725763498,1173716.79,947,1239.4052692713833,0.05405703534325346,0.2555700937020761,0.5039089455302075,0.18646392542446294,18,0.07633169326989009,8407582.19,947,8878.122692713832,0.8223641986186757,0.17763580138132437,0.5400156088984024,0.10115637061646138,0.07647943076486298,화,0.17104581168536873
202508,1123065,서울특별시 강남구 역삼2동,역삼2동,339095.13,447,758.6020805369128,0.5134558847837184,0.4865441152162816,0.10806047258773666,0.14313299043840588,0.18902214844548193,0.22307852076790366,0.1752122184709642,0.16149364928950763,339095.66,447,758.6032662192393,0.05887783995819942,0.2647332908949646,0.49031397216938727,0.1860748969774488,12,0.07426258419231907,2416100.8299999996,447,5405.147270693511,0.7946991268572181,0.2053008731427819,0.645844654299173,0.11081853318182919,0.09448233996095273,화,0.16493278138561793
202508,1123066,서울특별시 강남구 도곡1동,도곡1동,134873.18,405,333.02019753086415,0.5107913967773282,0.48920860322267185,0.0885089978600638,0.1411736566157927,0.17961740058327386,0.20140468253213872,0.1763450672698605,0.21295019513887048,134879.83999999997,405,333.03664197530856,0.05523330988530236,0.27621866989166066,0.4786386905559794,0.18990932966705779,18,0.0734883730585683,958358.29,405,2366.3167654320987,0.782628686813989,0.21737131318601105,0.6943628468019429,0.11712805239051044,0.10024326079550061,화,0.1614244397051128
202508,1123067,서울특별시 강남구 도곡2동,도곡2동,246208.42,410,600.5083414634147,0.47889040512911785,0.5211095948708822,0.12229159343941202,0.10859157456922065,0.1341694975338374,0.19926670257662185,0.1881425095047521,0.24753812237615594,246213.15999999997,410,600.5199024390243,0.05891086406591753,0.2689365994896455,0.46599511577691466,0.2061574206675224,17,0.07093227673126815,1738832.2199999997,410,4241.05419512195,0.7552126104495579,0.24478738955044213,0.810326079581506,0.12892266857120926,0.11586472097923285,화,0.15427259566193224
202508,1123068,서울특별시 강남구 개포1동,개포1동,78900.35,633,124.64510268562402,0.4865833928493346,0.5134166071506653,0.12327689294153954,0.08257314447908025,0.12422505096618708,0.21494049139199,0.19599114579339635,0.2589932744278067,78913.73,634,124.46960567823344,0.0728510742047043,0.26640269063444344,0.43471345227250063,0.2260327828883516,17,0.06568312003500532,560407.78,637,879.7610361067505,0.7939121758802135,0.2060878241197865,0.648962915486515,0.10614479691912913,0.09994302720065734,화,0.16083070795341206
202508,1123071,서울특별시 강남구 개포4동,개포4동,116940.12,609,192.0199014778325,0.5117983460252992,0.48820165397470094,0.1037845694018443,0.10640556893562278,0.15225638557579727,0.19833578073974956,0.19440470900833692,0.24481298633864923,116949.96999999999,610,191.72126229508194,0.07177009109108794,0.2645001961094988,0.4526397056792747,0.21109000712013867,17,0.06731716134685627,821116.9,612,1341.6942810457517,0.7261514651567882,0.2738485348432117,0.9428078988454676,0.14276696777279824,0.13108156707041346,화,0.14730193715413725
202508,1123072,서울특별시 강남구 일원본동,일원본동,191880.51,833,230.34875150060026,0.48115011785199024,0.5188498821480096,0.10887801997190855,0.09939946480233974,0.13409063797047444,0.19503366965201416,0.1874974170122854,0.27510079059097764,191890.05999999997,833,230.36021608643455,0.06632318526556302,0.3118800942581393,0.45203810973846176,0.16975861073783607,11,0.07013766111699586,1369351.3,844,1622.4541469194314,0.803859163094233,0.19614083690576695,0.6099975154564923,0.09994650021510185,0.09619433669066513,화,0.1663399377500865
202508,1123073,서울특별시 강남구 일원1동,일원1동,95453.5,374,255.22326203208556,0.5117207855133652,0.48827921448663486,0.08982750763460744,0.10665779672824989,0.14490835852011713,0.18393531929159224,0.18698025740281915,0.28769076042261416,95457.1,374,255.23288770053477,0.08044556140926132,0.28272218619673134,0.442405227060114,0.19442702533389342,12,0.06470005897937398,669758.78,374,1790.7988770053478,0.7183074330134203,0.28169256698657985,0.9804039121690286,0.1470814761099511,0.13461109087662876,토,0.1470814761099511
202508,1123074,서울특별시 강남구 일원2동,개포3동,133353.69,419,318.2665632458234,0.5082614511829406,0.4917385488170593,0.11164610443100599,0.10675872561156725,0.1493182528357483,0.1850317752737101,0.1844808343886097,0.26276430745935864,133360.1,419,318.281861575179,0.07260342486245887,0.27933287392555944,0.44167085957494034,0.20639284163704136,17,0.06805048886436048,947716.1699999999,419,2261.8524343675417,0.7897116074320015,0.2102883925679985,0.6657126177105909,0.1103617235949451,0.0999266689730534,화,0.16068360424830572
202508,1123075,서울특별시 강남구 수서동,수서동,234662.43,622,377.27078778135046,0.5252697672993499,0.47473023270065007,0.06000802940632635,0.12194499988771104,0.16839018499893654,0.17942036993309923,0.17889075809877195,0.2913456576751549,234668.92,622,377.2812218649518,0.07306374444472664,0.29237186586106073,0.4473358039914275,0.18722858570278503,18,0.06917098352862407,1664719.23,624,2667.819278846154,0.7813912139406235,0.2186087860593765,0.6994216922305585,0.11729244576576435,0.10131634029361217,목,0.1589301638571208
202508,1123076,서울특별시 강남구 세곡동,세곡동,190434.19,2257,84.37491803278688,0.5109127725436278,0.48908722745637223,0.12868792100830215,0.10031822541950057,0.1541825551388645,0.19311442971453815,0.17485242539693108,0.24884444332186356,190469.74999999997,2259,84.31595838866754,0.07965821344334206,0.2708147094223624,0.4418847612284891,0.20764231590580662,17,0.0669091023640237,1336529.5699999998,2277,586.9695081247254,0.7257813906803424,0.2742186093196577,0.9445633796927717,0.1419505667951664,0.13226804252449126,화,0.14615801579309617
202508,1123077,서울특별시 강남구 압구정동,압구정동,426261.96,892,477.8721524663677,0.49575017203036364,0.5042498279696362,0.0721143167455055,0.16996667964460163,0.20855581389434796,0.19566629872391147,0.1670199939961802,0.1866768969954532,426274.58999999997,890,478.96021348314605,0.06258271223719904,0.23917285334788546,0.506214104856684,0.19203032955823152,17,0.07366627224953756,3009088.83,899,3347.151090100111,0.7606577038139483,0.23934229618605177,0.7866294359012805,0.13412832348987183,0.10521397269617992,목,0.15706021879054996
202508,1123078,서울특별시 강남구 청담동,청담동,434808.64,887,490.2013979706877,0.5119777518680402,0.4880222481319598,0.06477433383108486,0.1563376937495998,0.20484880429238939,0.2035865248675831,0.1765268049871318,0.19392583827221097,434820.64,887,490.2149267192785,0.06538456868100832,0.2608314545510075,0.484681844909662,0.18910213185832206,14,0.06991583932170285,3078135.6700000004,901,3416.3547946725866,0.7733613379036018,0.2266386620963981,0.7326415576668257,0.12754273758180384,0.09909592451459424,목,0.1605230155433662
202508,1123079,서울특별시 강남구 대치2동,대치2동,468694.0,809,579.3498145859086,0.5238614746508383,0.4761385253491617,0.1588073455175445,0.13147834194591781,0.16040939290880618,0.20657721242431096,0.1728052631354359,0.16992244406798465,468700.1400000001,809,579.3574042027195,0.048697809221904635,0.255209162088153,0.5001354597419151,0.19595756894802716,17,0.08107853349478408,3316824.89,810,4094.8455432098767,0.7680592206361548,0.23194077936384513,0.754957342910802,0.1257343826794546,0.10620639668439054,목,0.15917855102685266
202508,1123080,서울특별시 강남구 개포2동,개포2동,226076.4,634,356.58738170347004,0.4817274602744913,0.5182725397255088,0.13642591619470232,0.10489122261324048,0.1282776530411843,0.19523930848155757,0.1810980270386471,0.2540678726306682,226083.91999999998,634,356.5992429022082,0.06796586860312755,0.2659778722874232,0.4411488884304554,0.2249073706789939,18,0.06926007829305154,1577739.29,634,2488.5477760252365,0.6958988452395072,0.30410115476049276,1.09247614376997,0.15802185543595101,0.14607929932454175,토,0.15802185543595101
202509,1123051,서울특별시 강남구 신사동,신사동,441834.37,699,632.0949499284692,0.5022202324368745,0.49777976756312553,0.06821737294905328,0.16675540655653384,0.20222969525888174,0.19685483046509034,0.1720284911289269,0.1939142036415139,441842.92999999993,699,632.1071959942774,0.05913280088016799,0.2433680674713976,0.4979230515242148,0.19957608012421973,17,0.07649702576433667,3090639.96,700,4415.199942857143,0.7416673794640253,0.25833262053597467,0.87078327727809,0.14249828375350457,0.11583433678247013,금,0.1572921227615267
202509,1123052,서울특별시 강남구 논현1동,논현1동,359535.83,495,726.3350101010101,0.5223260502298199,0.47767394977018,0.04222021488094803,0.19434775109896554,0.23810825752749035,0.20543841207703833,0.15789221897578332,0.16199314543977436,359540.92,495,726.3452929292929,0.0623910346560831,0.25354382471958964,0.49446872417192456,0.1895964164524027,18,0.0765352661388306,2501486.39,495,5053.507858585859,0.7911777565177958,0.20882224348220418,0.6598461652956847,0.1196041486358037,0.0892180948464005,금,0.16448698327717065
202509,1123053,서울특별시 강남구 논현2동,논현2동,423734.0,578,733.1038062283737,0.5178179943077497,0.48218200569225034,0.04766851373739186,0.1777802347699264,0.23503912832106932,0.21063641341029984,0.16213454667314872,0.16674116308816378,423737.24,578,733.1094117647059,0.05269628886052121,0.2665563687534285,0.5080343658253875,0.17271297656066292,18,0.07618846528570394,2944592.04,578,5094.449896193772,0.8048236556395771,0.19517634436042283,0.6062705258250645,0.11127525495857822,0.08390108940184461,금,0.16414904456510043
202509,1123058,서울특별시 강남구 삼성1동,삼성1동,594552.7,736,807.8161684782608,0.5310958137100379,0.4689041862899622,0.05945533507795021,0.16531913823619002,0.22410371696234835,0.2186347989000807,0.17597432490004672,0.15651268592338408,594563.1300000001,737,806.734233378562,0.03911007734367921,0.26288821508323257,0.5421023500061295,0.1558993575669584,12,0.08173764491585611,4156228.0100000002,761,5461.534835742445,0.768379146263441,0.23162085373655905,0.7536020949517909,0.13041523677138203,0.10120561696517703,금,0.16145002112143506
202509,1123059,서울특별시 강남구 삼성2동,삼성2동,367458.18,503,730.5331610337972,0.5207134319339415,0.47928656806605857,0.06969628489424294,0.15554942878125613,0.21457911210467545,0.21656137849482626,0.17212328760785786,0.17149050811714137,367462.42000000004,503,730.5415904572566,0.05081719649046016,0.272599739586976,0.5002591285389129,0.1763239353836509,18,0.07557771485856975,2551321.24,503,5072.209224652088,0.8087688596987496,0.19123114030125032,0.5911180246618304,0.10748717397892238,0.08374396632232796,목,0.163845749193073
202509,1123060,서울특별시 강남구 대치1동,대치1동,231701.16999999998,322,719.5688509316769,0.4669278968250355,0.5330721031749646,0.21563348169540966,0.09813843408732033,0.10381225092648433,0.20181084972510066,0.17503252141540762,0.20557246215027744,231704.39,322,719.578850931677,0.052980782970922555,0.24509134246442202,0.47918362703442946,0.22274424753022587,17,0.08012882276421263,1624364.37,322,5044.609844720498,0.7034286155882624,0.2965713844117376,1.0540208979262282,0.1609687609683288,0.13560262344340882,토,0.1609687609683288
202509,1123063,서울특별시 강남구 대치4동,대치4동,356506.97,280,1273.2391785714285,0.5053000787053337,0.49469992129466644,0.17221458531371772,0.1260322624267346,0.1572930537655407,0.21454020941021154,0.1738165455783375,0.156103343505458,356509.67,280,1273.2488214285713,0.04882279911229336,0.24272665591370915,0.5046278267851754,0.20382271818882217,17,0.08164272234186523,2491430.34,280,8897.9655,0.7388100363263618,0.26118996367363817,0.883819760260607,0.1440957165192104,0.11709424715442776,금,0.14953794373395968
202509,1123064,서울특별시 강남구 역삼1동,역삼1동,1262189.71,947,1332.8296832101373,0.5361026117064447,0.46389738829355537,0.045236385265729984,0.20214489785374656,0.2436422176187762,0.20997154223353634,0.1557106657128428,0.1432942913153681,1262196.66,947,1332.8370221752903,0.05076624905662482,0.2635115751296633,0.5085740600834739,0.17714811573023811,12,0.07813131116984576,8750335.01,947,9240.058088701162,0.8181788116475782,0.18182118835242173,0.5555667837030815,0.10454157457452593,0.0772796137778958,금,0.16508510112460253
202509,1123065,서울특별시 강남구 역삼2동,역삼2동,361181.31,447,808.0118791946309,0.5133079560512143,0.48669204394878574,0.09727086930384077,0.1394109512477265,0.19568927860635976,0.22712969284041856,0.17601971154044488,0.16447949646120946,361186.13000000006,447,808.0226621923939,0.05453755934647877,0.2708905516388461,0.4959063627387906,0.1786655262758844,12,0.07455266900752805,2509900.0100000002,447,5614.988836689038,0.7905975266321466,0.2094024733678534,0.6621652178064722,0.11453058641965581,0.09487188694819758,화,0.15937278314126943
202509,1123066,서울특별시 강남구 도곡1동,도곡1동,144919.85,405,357.8267901234568,0.5097709527024765,0.49022904729752337,0.08470613238973129,0.13565070623520517,0.18284424114432907,0.20471681415623877,0.17717186430982368,0.21491024176467197,144924.69,405,357.8387407407407,0.05058282339606867,0.28237886863860123,0.48499141174633537,0.18204689621899484,18,0.0736015374605942,1008733.8899999999,405,2490.700962962963,0.7763892814189082,0.2236107185810918,0.7200341501766576,0.12265709641221631,0.10095362216887549,금,0.15753002013246528
202509,1123067,서울특별시 강남구 도곡2동,도곡2동,257910.02,410,629.0488292682927,0.47394005862975,0.52605994137025,0.12005768523456359,0.10291895599868511,0.1372281309582311,0.20200832057630022,0.18760632099520602,0.250180586237014,257910.97,410,629.0511463414634,0.05400332525599822,0.27567187235192053,0.4730530074001893,0.19727179499189196,17,0.07171327377040224,1799950.9000000001,410,4390.1241463414635,0.747379275734688,0.2526207242653119,0.8450218398716666,0.13521028268048865,0.11741044158482322,금,0.15160789663762494
202509,1123068,서울특별시 강남구 개포1동,개포1동,82430.22,641,128.59628705148205,0.48188904506138647,0.5181109549386135,0.12796763128862204,0.07475110463128692,0.12473071162493561,0.21641116571082789,0.19575551296599716,0.26038387377833033,82443.12999999999,642,128.41609034267913,0.06796927773120696,0.2723821863628904,0.4372429819197793,0.22240555398612358,16,0.06707666242172029,573543.31,643,891.9802643856922,0.7909439829400154,0.2090560170599845,0.6607800981142274,0.10844584692305101,0.1006101701369335,금,0.1629479559268157
202509,1123071,서울특별시 강남구 개포4동,개포4동,121913.06,610,199.85747540983607,0.5097988681442333,0.4902011318557667,0.10274411945693103,0.0999002895998181,0.15330736510099902,0.20266893473102884,0.19622672091078674,0.24515257020043627,121919.81000000001,611,199.5414238952537,0.06583589656184667,0.268727698968691,0.4598839187823537,0.20555248568710857,17,0.06888330944741465,852991.6399999999,613,1391.5034910277323,0.7207941100102693,0.2792058899897308,0.9683968213397057,0.14598718693186727,0.1332187030578635,금,0.14640360367424002
202509,1123072,서울특별시 강남구 일원본동,일원본동,204816.78,850,240.96091764705884,0.48160375336434835,0.5183962466356516,0.11257495601678731,0.09444909738352492,0.13553840657000857,0.19465973442215037,0.1876102143584134,0.27516759124911544,204827.81,850,240.97389411764706,0.06005610273331537,0.31684218075660725,0.46066879297298546,0.16243292353709196,15,0.06925055733398702,1420813.8800000001,857,1657.8925087514588,0.7995551746721393,0.20044482532786068,0.6267385656344913,0.10347819800296433,0.09696662732489633,화,0.1625932384613247
202509,1123073,서울특별시 강남구 일원1동,일원1동,101130.89,374,270.40344919786094,0.5120921016318555,0.48790789836814447,0.09193976242075988,0.0992108345926749,0.14504223190362509,0.18592232304096207,0.18689393517648267,0.29099091286549544,101136.02,374,270.4171657754011,0.0737613562408329,0.28919993094448443,0.4490938045614214,0.1879449082532613,17,0.06601139732411855,707696.6399999999,374,1892.2370053475934,0.7128938325890597,0.2871061674109404,1.006833536377498,0.15062720942125712,0.1364789579896833,토,0.15062720942125712
202509,1123074,서울특별시 강남구 일원2동,개포3동,138664.51,419,330.9415513126492,0.5070245443480815,0.49297545565191836,0.1126423047973847,0.09966616548098715,0.14941869408401615,0.18602661921208244,0.1840494009606351,0.2681968154648943,138667.19999999998,419,330.9479713603818,0.06774284041215227,0.28597815489171197,0.4465736670243577,0.1997053376717782,17,0.0696433619486079,964413.84,419,2301.703675417661,0.784197756846791,0.21580224315320898,0.6879713735121356,0.11392626841605674,0.10187597473715226,금,0.15763055619359423
202509,1123075,서울특별시 강남구 수서동,수서동,253395.08000000002,622,407.3875884244373,0.528520127541545,0.471479872458455,0.05567432485271616,0.1166488315400599,0.1674936624657432,0.18231222168954503,0.18209307773457953,0.29577788171735614,253405.67,622,407.40461414790997,0.07011413754080562,0.3002959247123397,0.4506944931421621,0.17889544460469253,17,0.07073973522376195,1763546.13,624,2826.195721153846,0.7772701698480664,0.22272983015193373,0.7163848517288105,0.12110722048421836,0.10162260966771536,금,0.15748527655468814
202509,1123076,서울특별시 강남구 세곡동,세곡동,199988.36000000002,2262,88.41218390804599,0.5093310430667064,0.4906689569332935,0.13332755966397242,0.09523364259799919,0.15384710390144707,0.19510475509674663,0.1755693681372256,0.24691757060260905,200027.84,2260,88.50789380530973,0.0731065235719188,0.28083885723107344,0.44816061604224694,0.19789400315476088,16,0.06991456789214942,1399296.96,2282,613.188851884312,0.7211628473773002,0.27883715262269987,0.9666233973254622,0.14640391986558737,0.13243323275711255,금,0.14695016560316118
202509,1123077,서울특별시 강남구 압구정동,압구정동,450904.29,895,503.8036759776536,0.4955688933454149,0.5044311066545851,0.06403024020906964,0.16394712057408017,0.21163278353372955,0.19979053647948217,0.16926250579696195,0.1913368134066766,450920.12,894,504.3849217002237,0.058081284995666206,0.24488151027725266,0.509625829071455,0.1874113756556261,18,0.07469019124717699,3153292.67,900,3503.658522222222,0.7510672011297955,0.24893279887020445,0.8285969567561545,0.13887680143562445,0.11005599743458004,금,0.16039903774615377
202509,1123078,서울특별시 강남구 청담동,청담동,468083.56,892,524.7573542600896,0.5105024410598825,0.4894975589401175,0.06021215528270209,0.1542531850509768,0.20686855569121035,0.20574362833849583,0.17725001920597255,0.19567245643064243,468097.9599999999,891,525.3624691358024,0.060279882441700905,0.2649083751614727,0.4899541540407483,0.1848575883560783,16,0.0713915095891467,3269541.64,901,3628.79205327414,0.7629314639956688,0.23706853600433114,0.776834313408514,0.13250685499757084,0.10456168100676033,금,0.16020905609264544
202509,1123079,서울특별시 강남구 대치2동,대치2동,477853.94,809,590.6723609394314,0.5254709001666911,0.47452909983330893,0.14113329273794417,0.12677610233788172,0.16825706198006865,0.21192781208416947,0.17517195735583974,0.17673377350409625,477864.02999999997,809,590.6848331273177,0.046999833823022835,0.26211558547313135,0.5018279362855581,0.18905664441828782,17,0.08051930587870362,3334836.57,810,4117.082185185185,0.7587218614434229,0.24127813855657698,0.7950151129742057,0.13197490814369953,0.10930323041287747,목,0.1548696822645195
202509,1123080,서울특별시 강남구 개포2동,개포2동,232379.56,634,366.52927444794955,0.47717802718965474,0.5228219728103453,0.14117476597339282,0.10100995974000468,0.12857951017722902,0.19522947715367048,0.1793893576526266,0.2546169293030764,232385.84999999998,634,366.53919558359615,0.0625479993725952,0.274156709627544,0.44492076432364536,0.21837452667621543,18,0.07035187383397054,1630866.9699999997,634,2572.3453785488955,0.6934722149655163,0.3065277850344839,1.105047103616568,0.1603649315431289,0.146162853491355,토,0.1603649315431289
202510,1123051,서울특별시 강남구 신사동,신사동,397402.95,698,569.3452005730659,0.5023630549295117,0.4976369450704883,0.07447992019183551,0.1662995959139206,0.19677294796125694,0.19310541101921866,0.1725565449375753,0.19678557997619292,397444.31000000006,698,569.4044555873926,0.061724421215138284,0.24068866402943345,0.5013589702668029,0.19622794448862532,17,0.0764616054007667,2761051.1100000003,700,3944.358728571429,0.7394119698131919,0.26058803018680804,0.8810650923484648,0.1448352834004583,0.11575274678634977,목,0.1553602388765632
202510,1123052,서울특별시 강남구 논현1동,논현1동,319795.63,495,646.0517777777778,0.5205235293552948,0.4794764706447052,0.047868133782816236,0.1960526477488138,0.23324655812213568,0.20129064928123003,0.15675676994085253,0.1647852411241517,319811.91,495,646.0846666666666,0.06590848977450528,0.24799579853045498,0.4938980540155618,0.19219765767947794,18,0.07424360775056815,2210707.36,495,4466.075474747475,0.7856510099102397,0.21434899008976024,0.682074443315008,0.12269756952362976,0.09165142056613047,목,0.16293061963660355
202510,1123053,서울특별시 강남구 논현2동,논현2동,378227.38,578,654.3726297577855,0.5153529075552383,0.4846470924447616,0.05251539431122093,0.17864539579339814,0.23100881802898562,0.20667702586734996,0.16148976311551003,0.1696636028835353,378231.94,578,654.3805190311418,0.055653919655754086,0.26264862771769093,0.5071828677398318,0.17451458488672322,12,0.07431561702589158,2610254.3299999996,578,4516.010951557093,0.7986463257777644,0.2013536742222357,0.6302967525273054,0.11467263421798443,0.08668104000425124,목,0.16638487867195687
202510,1123058,서울특별시 강남구 삼성1동,삼성1동,547911.95,734,746.4740463215259,0.5328912245845341,0.46710877541546597,0.07098209849228514,0.16614737094162668,0.21986543640816741,0.216250549016133,0.17181992471600593,0.15493462042578193,547928.6600000001,737,743.45815468114,0.03928104436077498,0.26010302144078384,0.5447996642482617,0.15581626995017922,12,0.08266782394627795,3783171.2899999996,761,4971.3157555847565,0.7869868747074363,0.21301312529256378,0.6766730556076674,0.11382037898685789,0.09919274630570589,수,0.16718621270780473
202510,1123059,서울특별시 강남구 삼성2동,삼성2동,350150.83,503,696.1249105367793,0.5197265418448387,0.48027345815516126,0.0746567129371077,0.1568802221602616,0.21004696747398827,0.21313218078049392,0.17242672250698363,0.1728571941411648,350152.77999999997,503,696.1287872763419,0.05290190756160783,0.2672902097193117,0.5038008265991777,0.1760070561199029,12,0.07591369116075561,2414017.2399999998,503,4799.239045725646,0.808320672970836,0.19167932702916407,0.5928319460291714,0.10684130822528841,0.08483801880387566,수,0.1679219200605212
202510,1123060,서울특별시 강남구 대치1동,대치1동,232966.31,322,723.4978571428571,0.46869635356288214,0.5313036464371178,0.21588988553752686,0.10532634525567239,0.09984920137164897,0.19775859436499638,0.1759968640959287,0.20517910937422668,232965.09000000003,322,723.4940683229814,0.05564902449547269,0.24052874188145526,0.4826760524506053,0.22114618117246662,17,0.07942267229824004,1628004.0799999998,322,5055.913291925465,0.7073909728776601,0.2926090271223399,1.0341135183419468,0.15769260234286392,0.134916424779476,토,0.15769260234286392
202510,1123063,서울특별시 강남구 대치4동,대치4동,346633.21,280,1237.97575,0.5030054967901084,0.49699450320989147,0.1770492504166003,0.13189538301884,0.151933566896259,0.21076852388148265,0.1741147652874922,0.15423851049932577,346634.03,280,1237.9786785714286,0.05088421353206435,0.23726943370216708,0.5075063172533868,0.2043400355123817,17,0.08089410609800775,2410228.37,280,8607.958464285715,0.743106280837612,0.2568937191623879,0.8642563176589739,0.1408885913993287,0.11600512776305921,목,0.15408149892451892
202510,1123064,서울특별시 강남구 역삼1동,역삼1동,1217883.19,947,1286.043495248152,0.5325838514940009,0.4674161485059992,0.05002262162761274,0.20688135945122949,0.23987214241786195,0.20613866917729606,0.15447523337603503,0.14260997394996477,1217903.3800000004,947,1286.0648152059139,0.05223091670868012,0.2575537231861529,0.5100282914068273,0.18018706869833953,12,0.07872308392805345,8391478.5,947,8861.117740232312,0.815745615030772,0.184254384969228,0.564680893081716,0.10520561662643836,0.07904876834278966,목,0.16839856766599592
202510,1123065,서울특별시 강남구 역삼2동,역삼2동,358556.06,447,802.138836689038,0.5101855202224165,0.48981447977758347,0.10078730784803916,0.1425271406652561,0.19163728539408875,0.2237450121467756,0.17735664542944835,0.16394660851639212,358558.99000000005,447,802.1453914988815,0.05696061337075942,0.2656403343840298,0.4967949346354418,0.18060411760976902,12,0.0754794908363614,2480348.7899999996,447,5548.878724832214,0.7896363962586086,0.21036360374139157,0.6660141450486561,0.1143628795851732,0.09600072415621838,수,0.1626947756811251
202510,1123066,서울특별시 강남구 도곡1동,도곡1동,142749.77,405,352.46856790123456,0.5071585754568992,0.49284142454310087,0.08650570855560749,0.13877318331230937,0.17865815125306334,0.20069468413154012,0.17745443652903958,0.21791383621844015,142754.96,405,352.4813827160494,0.05334595729633492,0.27572092766514034,0.48651395370080325,0.18441916133772165,17,0.07152529060986743,989347.3500000001,405,2442.8329629629634,0.7748778626637045,0.22512213733629546,0.7263149077533978,0.12126956220178887,0.1038525751345066,수,0.15929070816230517
202510,1123067,서울특별시 강남구 도곡2동,도곡2동,261454.93,410,637.6949512195122,0.47519390818142154,0.5248060918185785,0.11945424016292217,0.10794590868873653,0.13418572753629085,0.19662348688548348,0.188228693947366,0.253561942779201,261454.56999999995,410,637.6940731707316,0.05668927492833652,0.26889753734272076,0.47710973267745915,0.19730345505148378,17,0.07092830697126465,1817827.9200000002,410,4433.726634146342,0.7482897941186865,0.25171020588131354,0.8409516201466116,0.13335518578678227,0.11835502009453126,목,0.15396097007906004
202510,1123068,서울특별시 강남구 개포1동,개포1동,82040.49,643,127.5901866251944,0.48354282135565,0.5164571786443498,0.1251424753801446,0.0815346178454078,0.12336335387562898,0.21104639916216977,0.19453942803120752,0.26437372570544126,82053.96000000002,642,127.80990654205611,0.06796442243616273,0.2682297112777981,0.44666643754914437,0.21713942873689457,16,0.06830602691204664,566965.15,645,879.0157364341086,0.7911026806497718,0.20889731935022812,0.6601460355900021,0.10846172820322376,0.10043559114700436,금,0.1633823701509696
202510,1123071,서울특별시 강남구 개포4동,개포4동,121892.12,610,199.8231475409836,0.5115795016117531,0.4884204983882469,0.10059231064321468,0.10689837866467496,0.15301448526779252,0.19717870195382606,0.19596418537966198,0.24635193809082984,121903.54999999999,611,199.5148117839607,0.06714537845698505,0.262676025431581,0.46692028246921435,0.2032583136422196,17,0.06907534686233503,850663.48,613,1387.7055138662315,0.7209253417109196,0.2790746582890804,0.9677654610766383,0.14500704791041458,0.13406761037866585,목,0.14890005622434854
202510,1123072,서울특별시 강남구 일원본동,일원본동,183353.05,874,209.78609839816932,0.47953955497331513,0.5204604450266849,0.11052273196437147,0.10122924052804139,0.13613621371447052,0.19101138486651845,0.18467922949740953,0.2764211994291887,183362.61000000002,872,210.27822247706425,0.06336918960741234,0.30848110200874646,0.46277913474290094,0.1653705736409402,11,0.06978505596097262,1268807.67,878,1445.1112414578588,0.7914031761803584,0.20859682381964165,0.658946129160161,0.10782405658061635,0.10077276723902528,수,0.1628450196868687
202510,1123073,서울특별시 강남구 일원1동,일원1동,95243.2,374,254.66096256684492,0.5091256908629698,0.4908743091370303,0.09638493876728207,0.1057395173618694,0.14271937524148706,0.18084199186923583,0.18299238160834577,0.29132179515177986,95247.01,374,254.6711497326203,0.07527133922629174,0.28243794739593403,0.4549097131762982,0.18738100020147613,16,0.06664282689818819,666638.72,374,1782.456470588235,0.7042069653559877,0.29579303464401235,1.050092690060529,0.15471314057485291,0.14107989406915938,토,0.15471314057485291
202510,1123074,서울특별시 강남구 일원2동,개포3동,128527.06,419,306.7471599045346,0.5062728424660146,0.4937271575339855,0.11357896150429334,0.1067746356292597,0.14739822104387978,0.1822813810570319,0.18155328535485055,0.26841351541068476,128532.19000000002,419,306.7594033412888,0.07017930683356441,0.2792544031187829,0.4514068421303643,0.19915944791728826,17,0.06907864870271019,889949.98,419,2123.985632458234,0.7774330755083562,0.2225669244916439,0.7157108807922453,0.11659221566587373,0.10597470882577019,목,0.1596215441231877
202510,1123075,서울특별시 강남구 수서동,수서동,232238.44,625,371.581504,0.5239911618421137,0.47600883815788636,0.06439864132742194,0.1197070131886866,0.16484532018041456,0.17806953060828343,0.17800804207951104,0.2949714526156824,232254.45,625,371.60712,0.0712917664225594,0.29093238041294794,0.4572261586376493,0.1805496945268433,17,0.07059739867201684,1610592.99,626,2572.832252396166,0.7686935542914538,0.23130644570854617,0.7522713193613083,0.12400283699235522,0.10730360871619092,목,0.1570509443233079
202510,1123076,서울특별시 강남구 세곡동,세곡동,185675.72,2265,81.9760353200883,0.5084327665458898,0.49156723345411024,0.13137964403746488,0.09780756471551585,0.15416291370783428,0.19188653206784387,0.17519231916806355,0.24957102630327754,185722.19000000003,2266,81.96036628420124,0.07478050953415959,0.2729635591740545,0.456009214623196,0.19624671666858973,16,0.07028546238874309,1296797.87,2288,566.7822858391609,0.7188862902743662,0.28111370972563365,0.9776014424282083,0.14612484673498113,0.1349888629906525,목,0.14716489316874032
202510,1123077,서울특별시 강남구 압구정동,압구정동,401611.97000000003,896,448.2276450892858,0.49529031716858435,0.5047096828314156,0.06951916796703046,0.16556799838411188,0.20731237169051508,0.19571605398115996,0.16851728796828438,0.19336712000889814,401645.1100000001,896,448.2646316964287,0.06017073132049334,0.2425254971982604,0.5129410140210595,0.18436275746018663,16,0.0749020945381359,2785402.93,902,3088.029855875832,0.7463246224128873,0.25367537758711267,0.8497487888278878,0.1423669213990523,0.11130845618806037,금,0.15798925005079964
202510,1123078,서울특별시 강남구 청담동,청담동,416907.78,892,467.385403587444,0.5084515333343024,0.4915484666656976,0.06750416123201154,0.15420856382195602,0.20189143507947968,0.2013764051129005,0.1766350102653397,0.19838442448831248,416935.98000000004,894,466.37134228187927,0.0625423596207744,0.2615373707973104,0.49241624577471094,0.18350402380720415,16,0.07203146631768262,2887092.27,901,3204.3199445061045,0.7603780602412129,0.23962193975878715,0.7878381567281559,0.1354639974842231,0.10415794227456403,목,0.16057231173979764
202510,1123079,서울특별시 강남구 대치2동,대치2동,447117.85,809,552.6796662546353,0.5231988613292894,0.47680113867071067,0.1477373582826094,0.13032282204792317,0.16214179326546682,0.20809515880432866,0.17406205097828237,0.17764081662138967,447132.66,809,552.6979728059332,0.04840634991861252,0.25689979792574313,0.5042393011505802,0.19045455100506414,17,0.07971408306429685,3101005.3699999996,810,3828.4016913580244,0.7631484043511992,0.23685159564880084,0.7759028070371299,0.1269154429100521,0.10993615273874872,수,0.15836233137513078
202510,1123080,서울특별시 강남구 개포2동,개포2동,219862.78,634,346.7867192429022,0.4788158777943224,0.5211841222056776,0.13749753368896728,0.1065288085595934,0.12693940284026245,0.19167318815854145,0.17896485253211117,0.2583962142205243,219867.46999999997,634,346.7941167192429,0.06436131729718818,0.26959754437525485,0.45214246564077903,0.21389867268677812,17,0.07043597672725302,1540603.19,634,2429.973485804416,0.688110401744657,0.31188959825534307,1.133137929119253,0.16429468122807148,0.14759491702727165,토,0.16429468122807148
202511,1123051,서울특별시 강남구 신사동,신사동,427570.58,698,612.5653008595989,0.503218462785723,0.49678153721427704,0.07385756054591033,0.1664755091428414,0.1974273580750107,0.1943679333596806,0.17270227058185342,0.19516936829470352,427583.16,698,612.583323782235,0.060779568587312933,0.24262655713569264,0.5054385210119127,0.19115535326508182,17,0.07743787196857799,3013243.35,700,4304.633357142858,0.7430095979470095,0.2569904020529905,0.864694085927941,0.14426449825235654,0.11272590380063396,금,0.1561103055284267
202511,1123052,서울특별시 강남구 논현1동,논현1동,346188.05,495,699.3697979797979,0.5214642735357272,0.47853572646427284,0.04620032378356214,0.198088091140061,0.234828671873567,0.20223329488120692,0.1564502587538767,0.16219935956772627,346192.0299999999,495,699.3778383838383,0.06495085978726896,0.2490693965427223,0.49643008823744456,0.18954965543256447,18,0.07587609685872898,2466688.9000000004,495,4983.2098989899,0.7896121720092063,0.2103878279907936,0.6661112741444057,0.12089863054883003,0.08948919744196358,금,0.16183417779193798
202511,1123053,서울특별시 강남구 논현2동,논현2동,408617.74,578,706.951107266436,0.5154675124971324,0.48453248750286765,0.052168048308426355,0.1805754933694264,0.2319877497242288,0.20638325687964504,0.16058218617723252,0.1683032655410409,408623.54,578,706.9611418685121,0.05506958801247721,0.262528928215932,0.5098864837791773,0.17251499999241357,18,0.07512198146979002,2920561.95,578,5052.875346020762,0.8026410944647142,0.19735890553528576,0.6147171721468657,0.11265383362266977,0.08470507191261599,수,0.163112985841646
202511,1123058,서울특별시 강남구 삼성1동,삼성1동,607360.7,737,824.0986431478968,0.5244705823080091,0.475529417691991,0.06608596835455438,0.17554176620252185,0.23095712317244105,0.2133424668405447,0.16623925453194455,0.1478334208979936,607370.7,739,821.8818673883626,0.03787851471926453,0.25687404743100056,0.5545851981335287,0.15066223971620626,12,0.08384233878914475,4302277.25,762,5646.03313648294,0.7647888475806621,0.2352111524193379,0.7688761190863542,0.1318849081611372,0.10332624425820071,금,0.15895907684703492
202511,1123059,서울특별시 강남구 삼성2동,삼성2동,362145.58,503,719.9713320079524,0.5191181402793871,0.48088185972061287,0.07621578592785806,0.1596432848911203,0.21167017971060145,0.21257003882250888,0.16937575214917713,0.1705249584987341,362148.33,503,719.9767992047714,0.05242644636798408,0.26688100425590805,0.5064535573034397,0.17423899207266813,17,0.07522900906377229,2592122.76,503,5153.325566600397,0.8086849405234188,0.19131505947658128,0.5914387973910866,0.10727381985566146,0.0840412396209198,수,0.16544496912638507
202511,1123060,서울특별시 강남구 대치1동,대치1동,234362.89,322,727.8350621118013,0.46720895104169435,0.5327910489583056,0.2164999330738753,0.10221055048433648,0.10256030722270067,0.20194003410693562,0.17261849774936638,0.20417067736278555,234366.92,322,727.8475776397516,0.0545987462735782,0.24174239265507266,0.48798230569399464,0.21567655537735442,17,0.07978800933169237,1641207.9600000002,322,5096.919130434783,0.7159897579341499,0.28401024206585007,0.9916700585400366,0.15287999212482492,0.13113024994102512,토,0.15287999212482492
202511,1123063,서울특별시 강남구 대치4동,대치4동,355462.92,280,1269.5104285714285,0.5033683119465737,0.4966316880534262,0.17572648646446726,0.13021614181304764,0.15455327942503821,0.21384050409533573,0.1712259607837577,0.1544376274183535,355466.01,280,1269.5214642857143,0.05045137789686277,0.23797560841330512,0.511052406951652,0.20052060673818015,17,0.08087057325115277,2509611.1999999997,280,8962.897142857142,0.7507377636822788,0.2492622363177213,0.8300576059179435,0.1371251849688908,0.11213705134883047,화,0.15191590235172683
202511,1123064,서울특별시 강남구 역삼1동,역삼1동,1231901.02,947,1300.8458500527984,0.5335531583535827,0.4664468416464173,0.05076540970799748,0.20860576931740832,0.2392782903938175,0.20558977213932333,0.15303009490161798,0.14273066353983535,1231912.12,947,1300.8575712777192,0.05269217580228043,0.2575454895272886,0.5098320324992012,0.17993030217122954,12,0.0777752718270196,8829017.12,947,9323.14373812038,0.8141123198999982,0.1858876801000019,0.5708293424512833,0.10679390663589516,0.07909377346410673,화,0.16713455868800037
202511,1123065,서울특별시 강남구 역삼2동,역삼2동,356660.14,447,797.8974049217003,0.5128154214261229,0.4871845785738771,0.10276974040328701,0.1436705823084127,0.19157346823225044,0.22405018402112442,0.173928743481119,0.16400728155380637,356667.55,447,797.9139821029082,0.05665973817915312,0.2657809211967839,0.498548634435625,0.17901070618843795,12,0.07500749647676107,2541840.4499999997,447,5686.443959731543,0.7904681428765523,0.20953185712344774,0.66268280072917,0.11426560624605687,0.09526625087739084,화,0.16307566826234118
202511,1123066,서울특별시 강남구 도곡1동,도곡1동,143374.63,405,354.01143209876545,0.5098353871950707,0.4901646128049293,0.08908988989195647,0.1410119070577549,0.1795484319645672,0.20066116299654968,0.1749474087570444,0.2147411993321273,143378.04,405,354.01985185185185,0.052800693885897726,0.27693557535031166,0.48820405133171024,0.1820596794320804,17,0.0731595298694277,1018156.58,405,2513.966864197531,0.7753946647381093,0.22460533526189067,0.7241645624997672,0.12179528417917802,0.10281005108271264,화,0.15858818100453667
202511,1123067,서울특별시 강남구 도곡2동,도곡2동,255451.63,410,623.052756097561,0.475232277828879,0.524767722171121,0.124608443484976,0.10822318886749714,0.13425790236687862,0.198419677337741,0.18523307132547948,0.24925771661742774,255454.11999999997,410,623.0588292682926,0.05545120979062699,0.27071264303742687,0.4821582443062575,0.19167790286568878,17,0.07266396799550542,1802742.6999999997,410,4396.933414634145,0.7489216902667253,0.2510783097332748,0.8381327213391773,0.13320632500689092,0.11787198472638387,화,0.15251620211802827
202511,1123068,서울특별시 강남구 개포1동,개포1동,79171.28,646,122.55616099071207,0.4825652686176098,0.5174347313823902,0.12786101222564547,0.08010619507477965,0.1235252227828071,0.2135607760794066,0.19353849022019096,0.26140830361717027,79184.35000000002,646,122.57639318885452,0.06746850861312872,0.27111821969871563,0.44918774985208554,0.2122255218360698,16,0.06858880574254886,564300.38,649,869.4921109399075,0.7906185531897038,0.2093814468102963,0.6620811197939869,0.10824951065955334,0.10113193615074298,화,0.16065261200072203
202511,1123071,서울특별시 강남구 개포4동,개포4동,122252.81999999999,610,200.41445901639344,0.5131051373702464,0.4868948626297537,0.10221686501791942,0.10618315389370979,0.15329920405926015,0.19876523093700416,0.19490756941230478,0.24462797667980174,122261.72000000003,611,200.10101472995095,0.06702375854028553,0.2652234894127123,0.46894563564131103,0.19880711640569096,17,0.0702269688337445,857095.51,613,1398.1982218597063,0.7206950833285779,0.27930491667142204,0.9688733943536627,0.144655757209602,0.13464915946182007,화,0.1463308680732676
202511,1123072,서울특별시 강남구 일원본동,일원본동,195405.47,887,220.29928974069898,0.4788711390730259,0.521128860926974,0.11248328923443135,0.10090045073968502,0.1363234099843776,0.1917360348203149,0.18396834029262332,0.27458847492856775,195415.63999999998,887,220.31075535512963,0.06063859576439225,0.3111021205876869,0.46774116953996114,0.16051811410795985,15,0.07075907537390559,1396029.1999999997,890,1568.5721348314603,0.8007489528156002,0.19925104718439993,0.6220771394198884,0.10191701577588781,0.0973340314085121,화,0.16276721862264776
202511,1123073,서울특별시 강남구 일원1동,일원1동,104729.85,374,280.02633689839575,0.5102266450300463,0.4897733549699536,0.09831294516319844,0.10552426075278443,0.14258294077571962,0.1821234347227653,0.1827142882377851,0.28874213034774704,104734.21,374,280.03799465240644,0.0733097619201978,0.28474936699288605,0.4589162414076546,0.18302462967926145,16,0.06757028099987578,732797.17,374,1959.3507219251337,0.712380644155599,0.287619355844401,1.0093598071622327,0.15013427248907088,0.1374850833553301,토,0.15013427248907088
202511,1123074,서울특별시 강남구 일원2동,개포3동,132625.25,419,316.5280429594272,0.5072527290240735,0.4927472709759266,0.11500532515490075,0.10511708743244594,0.14746860043619145,0.1830315871223617,0.18063181784765722,0.26874558200644294,132627.47,419,316.5333412887828,0.06800815849084658,0.2831765546006419,0.4553593610735392,0.1934559258349722,17,0.0700099308235315,943628.4299999999,419,2252.096491646778,0.7834991046210847,0.21650089537891523,0.6908141123008023,0.1128786677188181,0.10362222766009711,금,0.1585750124124599
202511,1123075,서울특별시 강남구 수서동,수서동,245952.62,628,391.6442993630573,0.5257256051998959,0.4742743948001042,0.06154904956897796,0.12002852419299295,0.1634768924193611,0.18040271333560096,0.1795501100984409,0.2949927103846261,245963.89,628,391.66224522293,0.06940474067148637,0.2923607607604515,0.4608923692010238,0.17734212936703836,17,0.07231976205938197,1745864.2099999997,628,2780.0385509554135,0.773574830312834,0.226425169687166,0.7317494081199603,0.12162911570310503,0.104796053984061,금,0.15746910809289116
202511,1123076,서울특별시 강남구 세곡동,세곡동,196338.48,2267,86.6071812968681,0.5110737334831155,0.4889262665168845,0.1341839867559329,0.0976812084925991,0.1538406022090015,0.1929767919156754,0.1753356754111573,0.2459817352156337,196380.32,2270,86.51115418502204,0.07382221395708083,0.27595417911530035,0.45987439067214064,0.19034921625547813,16,0.07175912535431249,1376595.48,2291,600.8710082933217,0.7206690159988031,0.27933098400119694,0.9689988670251812,0.14628613338175422,0.13304485061944268,금,0.14658303977578074
202511,1123077,서울특별시 강남구 압구정동,압구정동,437092.88,897,487.2830323299889,0.4949306655372652,0.5050693344627347,0.06928152204172257,0.16574399473173757,0.20685349530287475,0.19617574186978293,0.16895912374504934,0.19298612230883286,437107.1400000001,897,487.2989297658864,0.06087779760358066,0.24370725218535663,0.5148132332041063,0.1806017170069562,17,0.07512611210148615,3085051.4,903,3416.4467331118494,0.7494728645363898,0.2505271354636101,0.8356778054218867,0.1412556465023565,0.1092714889612536,금,0.15825075718349457
202511,1123078,서울특별시 강남구 청담동,청담동,454749.0,894,508.6677852348993,0.5114651159210906,0.48853488407890944,0.06495255624531335,0.15363937028998415,0.2028749705881706,0.20321920444025166,0.17771843368539567,0.19759546475088455,454762.88,895,508.1149497206704,0.062397287131262774,0.2641643486821088,0.4963980789285176,0.17704028525811077,16,0.07258072602583569,3219734.6199999996,901,3573.512341842397,0.7627611837151971,0.23723881628480303,0.7775658402321907,0.1336811976137338,0.10355761867106925,금,0.15852663658348343
202511,1123079,서울특별시 강남구 대치2동,대치2동,471735.83999999997,809,583.1098145859085,0.5218145816523078,0.4781854183476923,0.1435106139062913,0.1306215359850547,0.168316933477007,0.21040824458027188,0.171063661391511,0.17607901065986423,471744.19,809,583.1201359703338,0.047136012422325756,0.2586194437286021,0.5118752813892631,0.182369262459809,17,0.07986148170685473,3345228.44,810,4129.9116543209875,0.7694297463284749,0.23057025367152503,0.7491595391643884,0.1250698890985155,0.10550036457300956,금,0.15616737372949036
202511,1123080,서울특별시 강남구 개포2동,개포2동,226223.01,634,356.81862776025235,0.4792031986489791,0.5207968013510208,0.1418239462024663,0.10540077245015879,0.12772356799602302,0.19398393647047663,0.17722710877200332,0.25384066810887185,226228.63999999996,634,356.8275078864353,0.06329066028067888,0.2709883240247566,0.4566169429299492,0.20910407276461554,17,0.071262241597704,1576251.16,634,2486.2005678233436,0.6943526563368239,0.30564734366317614,1.1004758924509301,0.15928728008041562,0.14636006358276052,토,0.15928728008041562
202512,1123051,서울특별시 강남구 신사동,신사동,427608.46,698,612.6195702005731,0.5047379558393208,0.4952620441606791,0.07487513226468906,0.16517336911435287,0.19529789003706802,0.1951972372108821,0.17420480876360583,0.19525156260940207,427615.17000000004,698,612.6291833810889,0.05990414231562458,0.23574245506771893,0.510046755357159,0.1943066472594974,17,0.07860177177530908,2980337.57,700,4257.6251,0.746568788850318,0.253431211149682,0.8486532484834871,0.14055619545137635,0.11287501569830563,금,0.1553465569338174
202512,1123052,서울특별시 강남구 논현1동,논현1동,350665.91,495,708.4159797979797,0.5250490987276181,0.47495090127238204,0.048589040206389045,0.19637908344155838,0.2311416869692295,0.20407258863571884,0.15812560736228967,0.16169199338481463,350668.75999999995,495,708.4217373737373,0.06547612054178993,0.24121182052259235,0.49797649496921265,0.19533556396640522,17,0.07620698804193451,2428191.81,495,4905.438,0.7857914363033783,0.21420856369662164,0.6815057844875774,0.1226100256058437,0.09159853809077793,금,0.16242770788358765
202512,1123053,서울특별시 강남구 논현2동,논현2동,407080.21,578,704.2910207612457,0.518805421663706,0.481194578336294,0.05308081667738159,0.17794156586486973,0.22764616830673245,0.20882754285697158,0.16310935380523656,0.16939455248880803,407083.79,578,704.297214532872,0.05607368939942315,0.2564834870973369,0.5109194350381773,0.17652338846506269,17,0.07591024442412704,2812180.21,578,4865.363685121107,0.7979276975283174,0.20207230247168265,0.633115954921816,0.11473376736407659,0.08733853510760607,화,0.16678622455706704
202512,1123058,서울특별시 강남구 삼성1동,삼성1동,614697.02,731,840.8987961696307,0.5107722663109705,0.48922773368902944,0.08280100333006332,0.17063396533140832,0.21471399031672544,0.2119579333571521,0.16795885882121242,0.15193424884343834,614708.5499999999,737,834.0685888738127,0.037285507091124735,0.2430473921340447,0.5622647350520829,0.1574023657227478,15,0.08245216371238046,4299182.03,762,5641.9711679790025,0.7511315542040446,0.24886844579595527,0.8283117797510017,0.13344797126443142,0.11542047453152385,목,0.15986595245421603
202512,1123059,서울특별시 강남구 삼성2동,삼성2동,353305.93,503,702.3974751491054,0.519210136099329,0.480789863900671,0.07764497471072733,0.15778053880952408,0.20786631008429435,0.21332973380888343,0.17129593607443838,0.17208250651213242,353309.7299999999,503,702.4050298210734,0.05392447018088068,0.260669809461517,0.5076639412110162,0.17774177914658623,17,0.07653369750105667,2439387.3899999997,503,4849.676719681908,0.8030005722051389,0.19699942779486126,0.6133228126285031,0.10973456741530505,0.0872648603795562,화,0.1664578375966763
202512,1123060,서울특별시 강남구 대치1동,대치1동,217730.16,322,676.1806211180125,0.46995772198027136,0.5300422780197287,0.2035320233081168,0.10017394925902777,0.10396129778253962,0.2044346543446255,0.1742556933775275,0.21364238192816282,217732.59,322,676.1881677018633,0.05748386128140027,0.2420169621828317,0.48897048439096785,0.21152869214480016,17,0.07843129960471236,1522240.54,322,4727.455093167702,0.718213693086902,0.281786306913098,0.9808581680682417,0.15085358323199038,0.1309327236811076,토,0.15085358323199038
202512,1123063,서울특별시 강남구 대치4동,대치4동,336102.94,280,1200.3676428571428,0.5038702726016023,0.49612972739839767,0.16422129482116402,0.12781566266572975,0.1555578478426877,0.21726882246254675,0.17398678512005875,0.16114958708781305,336107.05,280,1200.3823214285715,0.05311040039177994,0.23632467691469133,0.5113479470305666,0.19921697566296215,17,0.08045151090999132,2338056.5,280,8350.201785714286,0.7498392446889115,0.2501607553110885,0.8340479545548246,0.13702080338948183,0.11313995192160667,화,0.15424217507147495
202512,1123064,서울특별시 강남구 역삼1동,역삼1동,1211819.1,947,1279.6400211193243,0.5352046935058211,0.46479530649417883,0.05429305413654562,0.2043935353057234,0.23417451499155278,0.20732373338561833,0.15529897985598673,0.14451618232457303,1211829.5,947,1279.6510031678986,0.053595559441324055,0.25134790826597303,0.5096138524437638,0.18544267984893914,17,0.0764691402544665,8356424.830000001,947,8824.102249208026,0.809315528779788,0.19068447122021198,0.5890300644166206,0.10956456721935233,0.08111990400085965,화,0.16914740917977
202512,1123065,서울특별시 강남구 역삼2동,역삼2동,345308.73,447,772.5027516778523,0.5141976283078624,0.48580237169213764,0.10215458497096208,0.14093944279949136,0.18860441205758105,0.22539867439783526,0.17561843860709808,0.16728444716703225,345309.70999999996,447,772.5049440715883,0.058665161776076336,0.26208330486854836,0.4981703815974362,0.1810811517579393,17,0.0740901841422299,2387280.59,447,5340.672460850112,0.7880299609020823,0.2119700390979177,0.6724682106479462,0.11552164046204558,0.09644839863587214,화,0.16433749834157535
202512,1123066,서울특별시 강남구 도곡1동,도곡1동,138706.11,405,342.4842222222222,0.516497506850996,0.48350249314900406,0.08847764528902152,0.13941981359004302,0.17611942256905627,0.2013816839070752,0.17662740307546654,0.2179740315693375,138709.48999999996,405,342.49256790123445,0.05341451403216897,0.27281709420170175,0.4901738157929931,0.18359457597313641,17,0.07383748581297503,961220.37,405,2373.3836296296295,0.7749986509337083,0.22500134906629163,0.7258120668829969,0.12212197500558587,0.10287937406070577,화,0.16032730350897578
202512,1123067,서울특별시 강남구 도곡2동,도곡2동,242772.5,410,592.1280487804878,0.48070897651093103,0.519291023489069,0.12394373333058728,0.10727891338598894,0.132298592303494,0.19760841940499851,0.18504529961177646,0.2538250419631548,242776.46999999997,410,592.137731707317,0.056861523688848434,0.2695054837892651,0.48411240183202275,0.18952059068986382,17,0.07261160853026655,1687947.1600000001,410,4116.944292682927,0.7535696200347882,0.24643037996521167,0.8175435069749605,0.12991217094734173,0.11651820901786995,화,0.1543345349744242
202512,1123068,서울특별시 강남구 개포1동,개포1동,77573.84,648,119.7127160493827,0.4860917030792855,0.5139082969207145,0.12711901331686043,0.08268380165272211,0.12226286593521733,0.21186485031551872,0.1931670521918214,0.26290241658786,77586.35,648,119.73202160493828,0.0690823836924923,0.26984978672150445,0.45478218784618685,0.20628564173981634,16,0.06887049074998372,537122.92,650,826.3429538461539,0.7957837099932358,0.20421629000676417,0.641557144995152,0.10519543645614675,0.09902085355061742,수,0.1636166447709958
202512,1123071,서울특별시 강남구 개포4동,개포4동,116427.34,610,190.8644918032787,0.5174927126223102,0.48250728737768983,0.10049409356943138,0.10589127948813397,0.1516490886075384,0.19955098175394198,0.19499079855298593,0.24742375802796834,116438.05999999998,610,190.88206557377046,0.0689685142469739,0.26516338386263055,0.4706966948779463,0.1951714070124494,17,0.0702668010786164,812896.07,613,1326.0947308319737,0.725673024843139,0.2743269751568611,0.9450777614896166,0.1414837569580082,0.1328432181988529,수,0.14889070628672127
202512,1123072,서울특별시 강남구 일원본동,일원본동,194422.66,894,217.47501118568232,0.48252575085640736,0.5174742491435926,0.11302658856740258,0.10099563497382455,0.13610296248389978,0.19162534860905614,0.18405400893085197,0.2741954564349649,194434.88999999998,895,217.24568715083797,0.061331070776443466,0.3116998703267711,0.46721542620257095,0.1597536326942145,14,0.07150573644472964,1341139.91,899,1491.8130255839822,0.802925676859471,0.19707432314052903,0.6136132173259082,0.10087551566487944,0.09619880747564959,화,0.1660516463192867
202512,1123073,서울특별시 강남구 일원1동,일원1동,100737.71,374,269.3521657754011,0.5112635576091614,0.4887364423908385,0.10166867998091281,0.10446187430704947,0.14244218972220035,0.18186645298965004,0.18212623654041768,0.2874345664597696,100743.62,374,269.3679679144385,0.07290327665414446,0.28590326613238637,0.46126672835460947,0.17992672885885977,15,0.06866429854317325,703554.66,374,1881.162192513369,0.7180515014995423,0.2819484985004576,0.981644415169562,0.14658110572389643,0.13536739277656124,수,0.1475725425512781
202512,1123074,서울특별시 강남구 일원2동,개포3동,130177.35,419,310.68579952267305,0.5101726990140757,0.48982730098592414,0.11987108356407623,0.10511298624530303,0.14779483527664375,0.18198903265429814,0.1785963533594746,0.2666357089002042,130181.98,419,310.69684964200474,0.06951476694393495,0.2811967524230312,0.4579046961799168,0.19138378445311707,17,0.0696444315872289,901745.8099999999,419,2152.137971360382,0.7836528788528554,0.21634712114714455,0.6901879868796077,0.11265357584528173,0.10369354530186285,수,0.16027752876389856
202512,1123075,서울특별시 강남구 수서동,수서동,245062.39,628,390.22673566878984,0.5282318106829856,0.4717681893170143,0.06199580441535724,0.11912386882377177,0.1646173858012239,0.18112689588965486,0.18031444972033447,0.2928215953496577,245070.90000000002,628,390.24028662420386,0.06954738404274029,0.2870249793019081,0.4635333285184001,0.17989430813695134,17,0.07296423198347905,1699245.7,628,2705.80525477707,0.7741247307555348,0.22587526924446533,0.7294537310028008,0.12189988769722943,0.10397538154723593,화,0.15890374770405483
202512,1123076,서울특별시 강남구 세곡동,세곡동,189132.64,2261,83.64999557717825,0.5118933463837865,0.4881066536162134,0.13694658944114563,0.09697025325718502,0.15334983956233042,0.19275292725782286,0.17433701554633826,0.24564337493517774,189170.19000000003,2264,83.55573763250885,0.07704485574603481,0.27342421128825845,0.45923097079936326,0.19029996216634343,16,0.07145761179390896,1320986.13,2292,576.3464790575915,0.7259487879709987,0.2740512120290014,0.9437690942186324,0.14174977749387876,0.13230143453512264,수,0.14812783083498388
202512,1123077,서울특별시 강남구 압구정동,압구정동,436822.5,896,487.52511160714283,0.4977135793142523,0.5022864206857477,0.07048677666557927,0.16342010770965323,0.20356609377951,0.19805584648226682,0.17108809642360456,0.19338307893938614,436837.93,897,486.9988071348941,0.0599530356716048,0.23663043637259246,0.5188271769349333,0.18458935102086946,17,0.0763168619538143,3042856.55,903,3369.7193244739756,0.753094259405689,0.24690574059431097,0.8196375736191338,0.13766929959284477,0.10923644100146622,금,0.15783914295926965
202512,1123078,서울특별시 강남구 청담동,청담동,446960.19,893,500.51533034714447,0.5109192386910342,0.48908076130896583,0.06601854183031379,0.1519163932698346,0.20012301319274095,0.20484363495549793,0.17924016901818482,0.1978582477334279,446976.87000000005,894,499.9741275167786,0.062142208835101465,0.2561597650455604,0.5010155447193497,0.1806824813999883,15,0.0733873544731744,3107398.65,902,3445.0095898004433,0.7651135074027274,0.23488649259727265,0.7674890402687568,0.13177189865870606,0.1031145939385666,금,0.15828888256741697
202512,1123079,서울특별시 강남구 대치2동,대치2동,460467.56,810,568.4784691358025,0.5194833920548062,0.4805166079451938,0.13783718010450074,0.12950973136956706,0.167757963231981,0.21195638624358248,0.17187786257950505,0.18106087647086366,460477.09,809,569.1929419035847,0.04947008329990966,0.253539106581828,0.5160137500000271,0.1809770601182352,17,0.07945283445046093,3200489.7199999997,810,3951.2218765432094,0.7654427273086196,0.23455727269138052,0.7660836804737488,0.12585193368469874,0.10870533900668178,금,0.157088881385315
202512,1123080,서울특별시 강남구 개포2동,개포2동,215317.46,634,339.6174447949527,0.48228471578663434,0.5177152842133658,0.14066425453839185,0.10577744136495015,0.12667676834010583,0.1933665760315025,0.17671223689894913,0.2568027228261006,215319.26,634,339.62028391167195,0.06521650687448953,0.26957551312409306,0.4591926425903563,0.20601533741106112,17,0.07051050612007491,1510581.66,634,2382.6209148264984,0.696358143259862,0.3036418567401381,1.0901066487091657,0.15738996857674017,0.14625188816339796,토,0.15738996857674017
