adm_cd,dong_name,flow_per_point,male_ratio,age_10_ratio,age_20_ratio,age_30_ratio,age_40_ratio,age_50_ratio,age_60_plus_ratio,night_ratio,morning_ratio,daytime_ratio,evening_ratio,weekend_weekday_index
1123051,신사동,607.2698402650532,0.5030326679322921,0.07413028747048268,0.1672328511294108,0.19821832799089836,0.19492704453644014,0.17220939743260444,0.19328209144016353,0.06095531091787556,0.24046782690368054,0.50115659760642,0.19742026457202397,0.8509529756754773
1123052,논현1동,696.1982087542087,0.5223691672825248,0.04653185707919163,0.19694221644443968,0.23495739632544077,0.20343758625984612,0.15684057413287847,0.16129036975820332,0.06519833944172636,0.24842977808013625,0.4934089140096786,0.1929629684684588,0.6598316944339361
1123053,논현2동,698.9132497116494,0.5174623124856975,0.05109193878770912,0.17852192792279611,0.23181633394829473,0.20892486023261592,0.16200926371731025,0.16763567539127386,0.05530807790491662,0.26292400797026155,0.5065879842565932,0.1751799298682287,0.6058801393255854
1123058,삼성1동,809.7405360670981,0.5241131636058848,0.07098745253635355,0.1705814834890734,0.22192436644509858,0.21435542913759056,0.17048128044945235,0.15166998794243156,0.038728419328185944,0.25548153214808617,0.5498582039466198,0.15593184457710807,0.7580710672406373
1123059,삼성2동,705.2855931080185,0.5204359294132004,0.07503862425259263,0.15719203264091575,0.21113454832354217,0.2141639071763426,0.17140994922281613,0.17106093838379074,0.0532432054344793,0.26766851711698053,0.5014980276507247,0.17759024979781543,0.5882834439387897
1123060,대치1동,708.2130124223603,0.4694186817630308,0.21689176411467426,0.10270114614230676,0.10142231734090638,0.20068172426160713,0.17451462808534965,0.20378842005515585,0.05526255628594717,0.2425769319094588,0.4820293366032897,0.22013117520130432,1.0087785504961273
1123063,대치4동,1249.5277738095238,0.5047441164459957,0.17690457548545466,0.12956262613202849,0.1536785997934057,0.21281997109655534,0.1728223118803649,0.15421191561219097,0.050632333940547385,0.2390319785124132,0.5069971893758418,0.20333849817119762,0.846502577728509
1123064,역삼1동,1293.4531555790215,0.5343346032799859,0.050407188944167514,0.20764536800164926,0.23937251385705258,0.2067209420658678,0.15409510468998414,0.14175888244127868,0.05256340618799243,0.2579796349168864,0.5075323147882074,0.18192464410691378,0.5594494564513189
1123065,역삼2동,790.7354921700224,0.5130552772301026,0.10187626366181209,0.14212536930278288,0.19163379231296984,0.22500610441464575,0.17572659671691745,0.16363187359087206,0.057092482204901145,0.2666134262500101,0.4950716888926779,0.18122240265241094,0.6584753146488297
1123066,도곡1동,348.9483497942387,0.5113874950914233,0.08704770096263358,0.13982474968147954,0.17965311141417584,0.20211486209728868,0.17657165837472785,0.21478791746969453,0.05305629045625615,0.277849033641026,0.4843727972541681,0.18472187864854983,0.7141460159554923
1123067,도곡2동,617.9922398373984,0.4772998052227541,0.12167572170753477,0.10745750031444645,0.13448303607071257,0.19911014262867724,0.1870224572145481,0.25025114206408083,0.056515899508827065,0.2717504896141126,0.47455668242186766,0.19717692845519277,0.8272026408808787
1123068,개포1동,126.02516965308739,0.4841363169990382,0.12600518771632707,0.08090605255621644,0.1234291187306693,0.21382681768974932,0.1945864082145643,0.26124641509247354,0.06950683772044024,0.2699077996588737,0.44246792906294535,0.21811743355774071,0.6539578191524128
1123071,개포4동,196.30289831040764,0.5132336408673673,0.1015075119775455,0.10532446034872019,0.1526023823397901,0.19968554988513953,0.19537186392371528,0.2455082315250894,0.06845391348383344,0.266243975139886,0.4617626679341908,0.20353944344208977,0.9570829021151136
1123072,일원본동,228.42569285702675,0.4804841036072709,0.11119258822151569,0.09980132455818647,0.13523442716032683,0.1931368632299959,0.1859557680011904,0.27467902882878464,0.06258871268518448,0.3129981448827818,0.4602055357495198,0.16420760668251394,0.6260492523103128
1123073,일원1동,264.40659090909094,0.5112059847798861,0.09409181520455846,0.10520975000129106,0.1437680942846088,0.18316931787277016,0.18479896308939706,0.2889620595473745,0.07586770890435271,0.2858092733226831,0.4510387252007613,0.1872842925722029,1.0010790922466297
1123074,개포3동,318.5769660618241,0.5082426208476629,0.11340324388150586,0.10550369837949791,0.1484311210025153,0.1837121622698261,0.18229541476292055,0.2666543597037343,0.07005991733632856,0.2826012756559569,0.44847960158293804,0.19885920542477653,0.6872777922769003
1123075,수서동,388.73998533356485,0.5270530973049022,0.0596700069109711,0.11978224689889007,0.16639514925422683,0.18077192641161424,0.18006461047827504,0.2933160600460227,0.07095906641087071,0.2935319487404281,0.45446675894450134,0.18104222590419983,0.7209299951958243
1123076,세곡동,85.2199295020683,0.5108301688224332,0.132354194447364,0.09764132112261648,0.15354518955290206,0.1936146832678519,0.17522723193740922,0.24761737967185637,0.07608700734299916,0.2754045680807375,0.45079548285510057,0.19771294172116285,0.9571650840935441
1123077,압구정동,484.0394633074098,0.4962780654890974,0.06945034310685083,0.16604403135442325,0.2074420827848533,0.19748320678780476,0.16884231945364536,0.1907380165124225,0.060492764331941916,0.2416404379227124,0.511608653626297,0.1862581441190486,0.817443037464428
1123078,청담동,500.49645992710174,0.5114213606136854,0.06431854060533103,0.15399875146551056,0.2035493281143056,0.204303060589115,0.17762358881166374,0.19620673041407408,0.06278863060560683,0.2621367442144487,0.49185430804623903,0.18322031713370535,0.7614574322902131
1123079,대치2동,578.4774766235814,0.5235795434410682,0.14564072129232522,0.13041165030660593,0.1655301870844075,0.20982931253696116,0.17316272032365435,0.17542540845604584,0.048181836173317644,0.25843255852887786,0.5052223564473394,0.18816324885046518,0.7661221887462503
1123080,개포2동,356.1191324921136,0.47997448311623864,0.1393476943332588,0.10510210363482902,0.12748921436225413,0.19395591654975733,0.17892027024900395,0.25518480087089673,0.06501517465495392,0.2704024616507935,0.44883117503066616,0.21575118866358647,1.1020346819350626
