date,행정동코드,행정동,signal_type,signal_status,communication_signal,mobility_signal,combined_signal,call_contacts_residual_change_expanding_rz,text_contacts_residual_change_expanding_rz,weekday_move_count_residual_change_expanding_rz,weekend_move_count_residual_change_expanding_rz,weekday_move_distance_residual_change,weekend_move_distance_residual_change,mobility_distance_support,comm_low_rate_change,communication_interest_support,interest_structural_issue,rain_days,rainfall_mm,snow_days,days_in_month,weekday_days,weekend_days,cluster,cluster_type,previous_signal_date,months_since_previous_signal,consecutive_signal
2023-02-01,1123059,삼성2동,Mobility,New,False,True,False,-0.3629764271961629,0.9448402408938215,-2.623273412530116,-3.0512072853885326,-0.010914263134018665,0.002096031763811901,True,0.0017113044969447322,True,False,2,1.0,3,28,20,8,0,고활동·청년유동·1인가구 중심형,,,False
2023-02-01,1123068,개포1동,Mobility,New,False,True,False,0.43150484556340385,1.3608974165541021,-2.7990418269815605,-5.365732593437508,-0.004452114360286696,-0.025552451977673307,True,-0.00792322831287845,False,False,2,1.0,3,28,20,8,2,중간활동·다인가구 중심형,,,False
2023-02-01,1123077,압구정동,Mobility,New,False,True,False,0.2725455204482032,1.1786608685616837,-3.17547137647282,-2.7277565590705724,-0.02542694490615771,-0.012972517262452854,True,0.0009693223591277916,True,False,2,1.0,3,28,20,8,2,중간활동·다인가구 중심형,,,False
2023-03-01,1123051,신사동,Mobility,New,False,True,False,-0.6017290284891118,2.0108087270044446,-6.593169956409824,-4.476528123104006,-0.01875476576531021,-0.012761827203508158,True,0.003019310017509158,True,False,3,10.5,0,31,23,8,2,중간활동·다인가구 중심형,,,False
2023-05-01,1123060,대치1동,Communication,New,True,False,False,-2.806394603442412,-2.7421074894695465,0.697410547924284,1.2342919434486441,0.017210629736107208,0.0011885941794527177,False,0.005801799657848425,True,False,8,155.6,0,31,23,8,2,중간활동·다인가구 중심형,,,False
2023-05-01,1123076,세곡동,Mobility,New,False,True,False,0.6539644044174595,-0.11539092085092273,-2.5840005363522134,-2.447335154453937,-0.020552514021403567,0.012126914168083314,True,0.0010157282495679293,True,False,8,155.6,0,31,23,8,2,중간활동·다인가구 중심형,,,False
2023-05-01,1123079,대치2동,Communication,New,True,False,False,-3.339096355446643,-2.9553429933756012,1.3146746620628893,1.356598334614339,0.017008800438698124,-0.011642354877250849,True,-0.006229614821174401,False,False,8,155.6,0,31,23,8,2,중간활동·다인가구 중심형,,,False
2023-06-01,1123071,개포4동,Mobility,New,False,True,False,-0.555042741630076,-0.5296176298890349,-2.027370449198814,-3.757736006164959,-0.00023319955310130425,0.00990009693507421,True,-0.0005075501227647244,False,False,11,195.6,0,30,22,8,2,중간활동·다인가구 중심형,,,False
2023-06-01,1123080,개포2동,Communication,New,True,False,False,-2.567926534464284,-3.744135309726757,-0.15585082864644734,0.5773445478147082,0.008042850911527122,0.0308439631649966,False,0.006631733265272291,True,False,11,195.6,0,30,22,8,2,중간활동·다인가구 중심형,,,False
2023-07-01,1123068,개포1동,Mobility,New,False,True,False,-2.262317856072266,1.1935201919740728,-3.0461151254490177,-2.3991589277502303,-0.01697733332325191,-0.02004109488347483,True,-0.0010318990325312305,False,False,19,459.9,0,31,21,10,2,중간활동·다인가구 중심형,2023-02-01,5.0,False
2023-07-01,1123071,개포4동,Mobility,Continuing,False,True,False,0.1199562622777722,-0.12271294491657628,-3.9030053278703676,-6.826940205238053,-0.026389871414477017,-0.010179366046601412,True,-6.109874686231753e-05,False,False,19,459.9,0,31,21,10,2,중간활동·다인가구 중심형,2023-06-01,1.0,True
2023-07-01,1123080,개포2동,Communication,Continuing,True,False,False,-2.1493483677956426,-2.2619612711073507,-0.9265090989180365,-0.278714482994409,-0.009631386089971716,0.010890032736248667,True,-0.00026466055938706434,False,False,19,459.9,0,31,21,10,2,중간활동·다인가구 중심형,2023-06-01,1.0,True
2023-08-01,1123072,일원본동,Mobility,New,False,True,False,0.33787223391415255,0.0035911672719752784,-4.391762043361588,-2.0776029969140444,-0.02527718522367861,-0.042460783976384864,True,-0.0007460232236312647,False,False,13,298.1,0,31,23,8,2,중간활동·다인가구 중심형,,,False
2023-09-01,1123072,일원본동,Mobility,Continuing,False,True,False,-0.14375057789173862,-0.5321990966678689,-3.4742411883274333,-2.7056433161483793,-0.006316475652716758,-0.024908166582576552,True,0.0002681375602118785,True,False,11,134.5,0,30,21,9,2,중간활동·다인가구 중심형,2023-08-01,1.0,True
2023-10-01,1123065,역삼2동,Mobility,New,False,True,False,0.2538038193740676,-0.3592581740544464,-3.717487749068789,-2.746664407262549,-0.012393101640464366,-0.00070813945820003,True,0.00043346457957048334,True,False,5,31.0,0,31,22,9,0,고활동·청년유동·1인가구 중심형,,,False
2023-10-01,1123076,세곡동,Communication,New,True,False,False,-2.1763951816120337,-4.515324325276451,-1.429674233251866,-3.5804856744063547,-0.04038751926102435,-0.0036197579873871177,True,0.0004941690184861874,True,False,5,31.0,0,31,22,9,2,중간활동·다인가구 중심형,2023-05-01,5.0,False
2024-02-01,1123051,신사동,Communication,New,True,False,False,-4.761090898776571,-3.7139002632490867,-1.5681716087820772,-1.0667108785623038,-0.020146860139186096,-0.0016453963288340923,True,-0.003453576932019156,False,False,11,74.7,10,29,21,8,2,중간활동·다인가구 중심형,2023-03-01,11.0,False
2024-03-01,1123058,삼성1동,Mobility,New,False,True,False,1.4013589173896406,1.558835085335384,-3.3992000525068438,-2.405252362781175,0.003998714396460823,-0.02039837715193027,True,0.0027763845105114038,True,False,10,29.9,2,31,21,10,0,고활동·청년유동·1인가구 중심형,,,False
2024-03-01,1123073,일원1동,Mobility,New,False,True,False,-3.4945358828217326,-0.520674366429716,-2.728383533605946,-3.44362834492961,-0.011918614336671407,-0.026021393648516522,True,-0.0023651632725617544,False,False,10,29.9,2,31,21,10,1,고령·2인가구·구조적 복지배경 특화형,,,False
2024-03-01,1123077,압구정동,Mobility,New,False,True,False,0.18770098132597163,-0.036652306661358325,-2.4764774873412616,-2.5922613130054604,-0.003095550952800341,0.006960225411483556,True,-0.004259076108608581,False,False,10,29.9,2,31,21,10,2,중간활동·다인가구 중심형,2023-02-01,13.0,False
2024-04-01,1123051,신사동,Mobility,New,False,True,False,0.25300407867458635,1.6770941474538152,-2.465940429296458,-3.115757188389345,-0.018789768775245186,-0.02111744000786997,True,0.0019646054967473875,True,False,4,33.2,0,30,22,8,2,중간활동·다인가구 중심형,2024-02-01,2.0,False
2024-04-01,1123052,논현1동,Mobility,New,False,True,False,-0.30923916117796796,0.6567836144333017,-2.7838337743683854,-2.8727352197899276,-0.02170775698077243,-0.0178361433096188,True,-0.0023574797218235966,False,False,4,33.2,0,30,22,8,0,고활동·청년유동·1인가구 중심형,,,False
2024-04-01,1123063,대치4동,Mobility,New,False,True,False,1.8399731454607147,3.731873376919011,-3.089601795376408,-2.8426276674112243,0.03300326158648126,0.013046127001999697,False,0.0016060245309334198,True,False,4,33.2,0,30,22,8,0,고활동·청년유동·1인가구 중심형,,,False
2024-04-01,1123064,역삼1동,Mobility,New,False,True,False,-1.3960805488415087,-1.235290225710129,-3.900917733562549,-2.687120746581488,0.007894477692076407,-0.004057869937427849,True,0.0004698611502552269,True,False,4,33.2,0,30,22,8,0,고활동·청년유동·1인가구 중심형,,,False
2024-04-01,1123068,개포1동,Communication,New,True,False,False,-4.345083621075249,-3.597649785324525,1.6182209123783646,3.2704629703371233,-0.007649448335563136,0.009020132514511392,True,-0.001593164510419534,False,False,4,33.2,0,30,22,8,2,중간활동·다인가구 중심형,2023-07-01,9.0,False
2024-04-01,1123073,일원1동,Mobility,Continuing,False,True,False,-0.6178328584898176,-1.2186821303482225,-2.7667834328011764,-3.0725911953917744,-0.017511650931250955,-0.00719914484234474,True,-0.0009090522250507771,False,False,4,33.2,0,30,22,8,1,고령·2인가구·구조적 복지배경 특화형,2024-03-01,1.0,True
2024-04-01,1123075,수서동,Mobility,New,False,True,False,1.2343193228974005,0.2969478520690806,-4.078161415856681,-3.220828476039263,-0.03761331787057731,-0.003964368218743797,True,-0.003570690039621849,False,False,4,33.2,0,30,22,8,1,고령·2인가구·구조적 복지배경 특화형,,,False
2024-05-01,1123068,개포1동,Communication,Continuing,True,False,False,-3.3130508657975795,-2.1374630880397705,0.2626336507875461,-0.1893089891237174,0.00544204910294388,-0.0037608746250743508,True,0.003263263468651384,True,False,8,125.1,0,31,23,8,2,중간활동·다인가구 중심형,2024-04-01,1.0,True
2024-06-01,1123076,세곡동,Mobility,New,False,True,False,-0.022696575629369133,-2.056064413364681,-3.9092183451259372,-2.1814839928197105,-0.010577519394095347,-0.0012589964674685206,True,-0.0029600962417039023,False,False,7,115.9,0,30,20,10,2,중간활동·다인가구 중심형,2023-10-01,8.0,False
2024-09-01,1123080,개포2동,Mobility,New,False,True,False,2.6562503434829834,1.6414729330018463,-2.425313458334786,-2.8044512298493576,-0.005942389389967495,-0.015152173810958125,True,-0.0005591447722066573,False,False,11,143.9,0,30,21,9,2,중간활동·다인가구 중심형,2023-07-01,14.0,False
2024-12-01,1123073,일원1동,Communication,New,True,False,False,-5.066066412017931,-8.360775824020829,-0.3017251015665552,0.07221645519006525,-0.01927434443476761,0.0027349492400667863,True,0.0009177945380462599,True,False,5,5.7,7,31,22,9,1,고령·2인가구·구조적 복지배경 특화형,2024-04-01,8.0,False
2024-12-01,1123075,수서동,Combined,New,True,True,True,-6.79823568532804,-9.046869837030878,-2.865557614503936,-2.5048058963755446,-0.06858381661202495,-0.027383226840431707,True,-0.0027972818912118252,False,False,5,5.7,7,31,22,9,1,고령·2인가구·구조적 복지배경 특화형,2024-04-01,8.0,False
2025-02-01,1123071,개포4동,Mobility,New,False,True,False,-1.6111891711811903,-2.4576551553553427,-2.540701924295063,-2.125748545375714,-0.03133264603086827,-0.035707893421034864,True,-0.00029028863341445943,False,False,3,5.2,5,28,20,8,2,중간활동·다인가구 중심형,2023-07-01,19.0,False
2025-05-01,1123076,세곡동,Mobility,New,False,True,False,-1.1017611086111043,-1.2549578218001636,-3.100669491205202,-2.5050373933725614,0.011495228105681932,0.0010203910382298176,False,-0.0008524191962606675,False,False,12,123.6,0,31,22,9,2,중간활동·다인가구 중심형,2024-06-01,11.0,False
2025-12-01,1123058,삼성1동,Mobility,New,False,True,False,-0.7400206176078369,-0.029087716654802098,-2.6658409083805052,-2.423610398327274,0.0057113868919556054,0.002802337027681734,False,-0.00021517275266173808,False,False,10,41.2,6,31,23,8,0,고활동·청년유동·1인가구 중심형,2024-03-01,21.0,False
