adm_cd,year,category,sex,value,raw_value
1123051,2022,국민기초생활보장수급권자,계,59.0,59
1123051,2022,국민기초생활보장수급권자,남,25.0,25
1123051,2022,국민기초생활보장수급권자,여,34.0,34
1123051,2022,일반,계,496.0,496
1123051,2022,일반,남,143.0,143
1123051,2022,일반,여,353.0,353
1123051,2022,저소득노인,계,7.0,7
1123051,2022,저소득노인,남,2.0,2
1123051,2022,저소득노인,여,5.0,5
1123051,2022,합계,계,562.0,562
1123051,2022,합계,남,170.0,170
1123051,2022,합계,여,392.0,392
1123052,2022,국민기초생활보장수급권자,계,153.0,153
1123052,2022,국민기초생활보장수급권자,남,61.0,61
1123052,2022,국민기초생활보장수급권자,여,92.0,92
1123052,2022,일반,계,652.0,652
1123052,2022,일반,남,246.0,246
1123052,2022,일반,여,406.0,406
1123052,2022,저소득노인,계,4.0,4
1123052,2022,저소득노인,남,,-
1123052,2022,저소득노인,여,4.0,4
1123052,2022,합계,계,809.0,809
1123052,2022,합계,남,307.0,307
1123052,2022,합계,여,502.0,502
1123053,2022,국민기초생활보장수급권자,계,80.0,80
1123053,2022,국민기초생활보장수급권자,남,23.0,23
1123053,2022,국민기초생활보장수급권자,여,57.0,57
1123053,2022,일반,계,584.0,584
1123053,2022,일반,남,164.0,164
1123053,2022,일반,여,420.0,420
1123053,2022,저소득노인,계,3.0,3
1123053,2022,저소득노인,남,1.0,1
1123053,2022,저소득노인,여,2.0,2
1123053,2022,합계,계,667.0,667
1123053,2022,합계,남,188.0,188
1123053,2022,합계,여,479.0,479
1123058,2022,국민기초생활보장수급권자,계,21.0,21
1123058,2022,국민기초생활보장수급권자,남,7.0,7
1123058,2022,국민기초생활보장수급권자,여,14.0,14
1123058,2022,일반,계,328.0,328
1123058,2022,일반,남,102.0,102
1123058,2022,일반,여,226.0,226
1123058,2022,저소득노인,계,3.0,3
1123058,2022,저소득노인,남,1.0,1
1123058,2022,저소득노인,여,2.0,2
1123058,2022,합계,계,352.0,352
1123058,2022,합계,남,110.0,110
1123058,2022,합계,여,242.0,242
1123059,2022,국민기초생활보장수급권자,계,96.0,96
1123059,2022,국민기초생활보장수급권자,남,42.0,42
1123059,2022,국민기초생활보장수급권자,여,54.0,54
1123059,2022,일반,계,663.0,663
1123059,2022,일반,남,198.0,198
1123059,2022,일반,여,465.0,465
1123059,2022,저소득노인,계,13.0,13
1123059,2022,저소득노인,남,5.0,5
1123059,2022,저소득노인,여,8.0,8
1123059,2022,합계,계,772.0,772
1123059,2022,합계,남,245.0,245
1123059,2022,합계,여,527.0,527
1123060,2022,국민기초생활보장수급권자,계,2.0,2
1123060,2022,국민기초생활보장수급권자,남,,-
1123060,2022,국민기초생활보장수급권자,여,2.0,2
1123060,2022,일반,계,208.0,208
1123060,2022,일반,남,48.0,48
1123060,2022,일반,여,160.0,160
1123060,2022,저소득노인,계,2.0,2
1123060,2022,저소득노인,남,,-
1123060,2022,저소득노인,여,2.0,2
1123060,2022,합계,계,212.0,212
1123060,2022,합계,남,48.0,48
1123060,2022,합계,여,164.0,164
1123063,2022,국민기초생활보장수급권자,계,105.0,105
1123063,2022,국민기초생활보장수급권자,남,50.0,50
1123063,2022,국민기초생활보장수급권자,여,55.0,55
1123063,2022,일반,계,449.0,449
1123063,2022,일반,남,145.0,145
1123063,2022,일반,여,304.0,304
1123063,2022,저소득노인,계,7.0,7
1123063,2022,저소득노인,남,2.0,2
1123063,2022,저소득노인,여,5.0,5
1123063,2022,합계,계,561.0,561
1123063,2022,합계,남,197.0,197
1123063,2022,합계,여,364.0,364
1123064,2022,국민기초생활보장수급권자,계,197.0,197
1123064,2022,국민기초생활보장수급권자,남,103.0,103
1123064,2022,국민기초생활보장수급권자,여,94.0,94
1123064,2022,일반,계,878.0,878
1123064,2022,일반,남,392.0,392
1123064,2022,일반,여,486.0,486
1123064,2022,저소득노인,계,8.0,8
1123064,2022,저소득노인,남,2.0,2
1123064,2022,저소득노인,여,6.0,6
1123064,2022,합계,계,1083.0,1083
1123064,2022,합계,남,497.0,497
1123064,2022,합계,여,586.0,586
1123065,2022,국민기초생활보장수급권자,계,81.0,81
1123065,2022,국민기초생활보장수급권자,남,30.0,30
1123065,2022,국민기초생활보장수급권자,여,51.0,51
1123065,2022,일반,계,644.0,644
1123065,2022,일반,남,173.0,173
1123065,2022,일반,여,471.0,471
1123065,2022,저소득노인,계,6.0,6
1123065,2022,저소득노인,남,,-
1123065,2022,저소득노인,여,6.0,6
1123065,2022,합계,계,731.0,731
1123065,2022,합계,남,203.0,203
1123065,2022,합계,여,528.0,528
1123066,2022,국민기초생활보장수급권자,계,33.0,33
1123066,2022,국민기초생활보장수급권자,남,18.0,18
1123066,2022,국민기초생활보장수급권자,여,15.0,15
1123066,2022,일반,계,437.0,437
1123066,2022,일반,남,125.0,125
1123066,2022,일반,여,312.0,312
1123066,2022,저소득노인,계,7.0,7
1123066,2022,저소득노인,남,2.0,2
1123066,2022,저소득노인,여,5.0,5
1123066,2022,합계,계,477.0,477
1123066,2022,합계,남,145.0,145
1123066,2022,합계,여,332.0,332
1123067,2022,국민기초생활보장수급권자,계,16.0,16
1123067,2022,국민기초생활보장수급권자,남,10.0,10
1123067,2022,국민기초생활보장수급권자,여,6.0,6
1123067,2022,일반,계,643.0,643
1123067,2022,일반,남,187.0,187
1123067,2022,일반,여,456.0,456
1123067,2022,저소득노인,계,2.0,2
1123067,2022,저소득노인,남,1.0,1
1123067,2022,저소득노인,여,1.0,1
1123067,2022,합계,계,661.0,661
1123067,2022,합계,남,198.0,198
1123067,2022,합계,여,463.0,463
1123068,2022,국민기초생활보장수급권자,계,57.0,57
1123068,2022,국민기초생활보장수급권자,남,18.0,18
1123068,2022,국민기초생활보장수급권자,여,39.0,39
1123068,2022,일반,계,335.0,335
1123068,2022,일반,남,122.0,122
1123068,2022,일반,여,213.0,213
1123068,2022,저소득노인,계,15.0,15
1123068,2022,저소득노인,남,2.0,2
1123068,2022,저소득노인,여,13.0,13
1123068,2022,합계,계,407.0,407
1123068,2022,합계,남,142.0,142
1123068,2022,합계,여,265.0,265
1123071,2022,국민기초생활보장수급권자,계,143.0,143
1123071,2022,국민기초생활보장수급권자,남,46.0,46
1123071,2022,국민기초생활보장수급권자,여,97.0,97
1123071,2022,일반,계,621.0,621
1123071,2022,일반,남,192.0,192
1123071,2022,일반,여,429.0,429
1123071,2022,저소득노인,계,14.0,14
1123071,2022,저소득노인,남,4.0,4
1123071,2022,저소득노인,여,10.0,10
1123071,2022,합계,계,778.0,778
1123071,2022,합계,남,242.0,242
1123071,2022,합계,여,536.0,536
1123072,2022,국민기초생활보장수급권자,계,22.0,22
1123072,2022,국민기초생활보장수급권자,남,4.0,4
1123072,2022,국민기초생활보장수급권자,여,18.0,18
1123072,2022,일반,계,477.0,477
1123072,2022,일반,남,114.0,114
1123072,2022,일반,여,363.0,363
1123072,2022,저소득노인,계,4.0,4
1123072,2022,저소득노인,남,,-
1123072,2022,저소득노인,여,4.0,4
1123072,2022,합계,계,503.0,503
1123072,2022,합계,남,118.0,118
1123072,2022,합계,여,385.0,385
1123073,2022,국민기초생활보장수급권자,계,417.0,417
1123073,2022,국민기초생활보장수급권자,남,129.0,129
1123073,2022,국민기초생활보장수급권자,여,288.0,288
1123073,2022,일반,계,1011.0,1011
1123073,2022,일반,남,312.0,312
1123073,2022,일반,여,699.0,699
1123073,2022,저소득노인,계,30.0,30
1123073,2022,저소득노인,남,7.0,7
1123073,2022,저소득노인,여,23.0,23
1123073,2022,합계,계,1458.0,1458
1123073,2022,합계,남,448.0,448
1123073,2022,합계,여,1010.0,1010
1123074,2022,국민기초생활보장수급권자,계,421.0,421
1123074,2022,국민기초생활보장수급권자,남,114.0,114
1123074,2022,국민기초생활보장수급권자,여,307.0,307
1123074,2022,일반,계,1080.0,1080
1123074,2022,일반,남,257.0,257
1123074,2022,일반,여,823.0,823
1123074,2022,저소득노인,계,32.0,32
1123074,2022,저소득노인,남,5.0,5
1123074,2022,저소득노인,여,27.0,27
1123074,2022,합계,계,1533.0,1533
1123074,2022,합계,남,376.0,376
1123074,2022,합계,여,1157.0,1157
1123075,2022,국민기초생활보장수급권자,계,1067.0,1067
1123075,2022,국민기초생활보장수급권자,남,384.0,384
1123075,2022,국민기초생활보장수급권자,여,683.0,683
1123075,2022,일반,계,2051.0,2051
1123075,2022,일반,남,641.0,641
1123075,2022,일반,여,1410.0,1410
1123075,2022,저소득노인,계,27.0,27
1123075,2022,저소득노인,남,7.0,7
1123075,2022,저소득노인,여,20.0,20
1123075,2022,합계,계,3145.0,3145
1123075,2022,합계,남,1032.0,1032
1123075,2022,합계,여,2113.0,2113
1123076,2022,국민기초생활보장수급권자,계,359.0,359
1123076,2022,국민기초생활보장수급권자,남,109.0,109
1123076,2022,국민기초생활보장수급권자,여,250.0,250
1123076,2022,일반,계,1327.0,1327
1123076,2022,일반,남,391.0,391
1123076,2022,일반,여,936.0,936
1123076,2022,저소득노인,계,32.0,32
1123076,2022,저소득노인,남,8.0,8
1123076,2022,저소득노인,여,24.0,24
1123076,2022,합계,계,1718.0,1718
1123076,2022,합계,남,508.0,508
1123076,2022,합계,여,1210.0,1210
1123077,2022,국민기초생활보장수급권자,계,28.0,28
1123077,2022,국민기초생활보장수급권자,남,7.0,7
1123077,2022,국민기초생활보장수급권자,여,21.0,21
1123077,2022,일반,계,780.0,780
1123077,2022,일반,남,190.0,190
1123077,2022,일반,여,590.0,590
1123077,2022,저소득노인,계,4.0,4
1123077,2022,저소득노인,남,,-
1123077,2022,저소득노인,여,4.0,4
1123077,2022,합계,계,812.0,812
1123077,2022,합계,남,197.0,197
1123077,2022,합계,여,615.0,615
1123078,2022,국민기초생활보장수급권자,계,47.0,47
1123078,2022,국민기초생활보장수급권자,남,17.0,17
1123078,2022,국민기초생활보장수급권자,여,30.0,30
1123078,2022,일반,계,566.0,566
1123078,2022,일반,남,160.0,160
1123078,2022,일반,여,406.0,406
1123078,2022,저소득노인,계,4.0,4
1123078,2022,저소득노인,남,2.0,2
1123078,2022,저소득노인,여,2.0,2
1123078,2022,합계,계,617.0,617
1123078,2022,합계,남,179.0,179
1123078,2022,합계,여,438.0,438
1123079,2022,국민기초생활보장수급권자,계,33.0,33
1123079,2022,국민기초생활보장수급권자,남,11.0,11
1123079,2022,국민기초생활보장수급권자,여,22.0,22
1123079,2022,일반,계,557.0,557
1123079,2022,일반,남,141.0,141
1123079,2022,일반,여,416.0,416
1123079,2022,저소득노인,계,4.0,4
1123079,2022,저소득노인,남,,-
1123079,2022,저소득노인,여,4.0,4
1123079,2022,합계,계,594.0,594
1123079,2022,합계,남,152.0,152
1123079,2022,합계,여,442.0,442
1123080,2022,국민기초생활보장수급권자,계,55.0,55
1123080,2022,국민기초생활보장수급권자,남,17.0,17
1123080,2022,국민기초생활보장수급권자,여,38.0,38
1123080,2022,일반,계,590.0,590
1123080,2022,일반,남,151.0,151
1123080,2022,일반,여,439.0,439
1123080,2022,저소득노인,계,5.0,5
1123080,2022,저소득노인,남,2.0,2
1123080,2022,저소득노인,여,3.0,3
1123080,2022,합계,계,650.0,650
1123080,2022,합계,남,170.0,170
1123080,2022,합계,여,480.0,480
1123051,2023,국민기초생활보장수급권자,계,54.0,54
1123051,2023,국민기초생활보장수급권자,남,23.0,23
1123051,2023,국민기초생활보장수급권자,여,31.0,31
1123051,2023,일반,계,514.0,514
1123051,2023,일반,남,151.0,151
1123051,2023,일반,여,363.0,363
1123051,2023,저소득노인,계,10.0,10
1123051,2023,저소득노인,남,4.0,4
1123051,2023,저소득노인,여,6.0,6
1123051,2023,합계,계,578.0,578
1123051,2023,합계,남,178.0,178
1123051,2023,합계,여,400.0,400
1123052,2023,국민기초생활보장수급권자,계,161.0,161
1123052,2023,국민기초생활보장수급권자,남,64.0,64
1123052,2023,국민기초생활보장수급권자,여,97.0,97
1123052,2023,일반,계,738.0,738
1123052,2023,일반,남,278.0,278
1123052,2023,일반,여,460.0,460
1123052,2023,저소득노인,계,6.0,6
1123052,2023,저소득노인,남,1.0,1
1123052,2023,저소득노인,여,5.0,5
1123052,2023,합계,계,905.0,905
1123052,2023,합계,남,343.0,343
1123052,2023,합계,여,562.0,562
1123053,2023,국민기초생활보장수급권자,계,74.0,74
1123053,2023,국민기초생활보장수급권자,남,19.0,19
1123053,2023,국민기초생활보장수급권자,여,55.0,55
1123053,2023,일반,계,647.0,647
1123053,2023,일반,남,201.0,201
1123053,2023,일반,여,446.0,446
1123053,2023,저소득노인,계,10.0,10
1123053,2023,저소득노인,남,3.0,3
1123053,2023,저소득노인,여,7.0,7
1123053,2023,합계,계,731.0,731
1123053,2023,합계,남,223.0,223
1123053,2023,합계,여,508.0,508
1123058,2023,국민기초생활보장수급권자,계,24.0,24
1123058,2023,국민기초생활보장수급권자,남,9.0,9
1123058,2023,국민기초생활보장수급권자,여,15.0,15
1123058,2023,일반,계,362.0,362
1123058,2023,일반,남,112.0,112
1123058,2023,일반,여,250.0,250
1123058,2023,저소득노인,계,2.0,2
1123058,2023,저소득노인,남,,-
1123058,2023,저소득노인,여,2.0,2
1123058,2023,합계,계,388.0,388
1123058,2023,합계,남,121.0,121
1123058,2023,합계,여,267.0,267
1123059,2023,국민기초생활보장수급권자,계,95.0,95
1123059,2023,국민기초생활보장수급권자,남,38.0,38
1123059,2023,국민기초생활보장수급권자,여,57.0,57
1123059,2023,일반,계,713.0,713
1123059,2023,일반,남,211.0,211
1123059,2023,일반,여,502.0,502
1123059,2023,저소득노인,계,17.0,17
1123059,2023,저소득노인,남,7.0,7
1123059,2023,저소득노인,여,10.0,10
1123059,2023,합계,계,825.0,825
1123059,2023,합계,남,256.0,256
1123059,2023,합계,여,569.0,569
1123060,2023,국민기초생활보장수급권자,계,2.0,2
1123060,2023,국민기초생활보장수급권자,남,,-
1123060,2023,국민기초생활보장수급권자,여,2.0,2
1123060,2023,일반,계,237.0,237
1123060,2023,일반,남,54.0,54
1123060,2023,일반,여,183.0,183
1123060,2023,저소득노인,계,1.0,1
1123060,2023,저소득노인,남,,-
1123060,2023,저소득노인,여,1.0,1
1123060,2023,합계,계,240.0,240
1123060,2023,합계,남,54.0,54
1123060,2023,합계,여,186.0,186
1123063,2023,국민기초생활보장수급권자,계,102.0,102
1123063,2023,국민기초생활보장수급권자,남,47.0,47
1123063,2023,국민기초생활보장수급권자,여,55.0,55
1123063,2023,일반,계,482.0,482
1123063,2023,일반,남,167.0,167
1123063,2023,일반,여,315.0,315
1123063,2023,저소득노인,계,5.0,5
1123063,2023,저소득노인,남,1.0,1
1123063,2023,저소득노인,여,4.0,4
1123063,2023,합계,계,589.0,589
1123063,2023,합계,남,215.0,215
1123063,2023,합계,여,374.0,374
1123064,2023,국민기초생활보장수급권자,계,197.0,197
1123064,2023,국민기초생활보장수급권자,남,95.0,95
1123064,2023,국민기초생활보장수급권자,여,102.0,102
1123064,2023,일반,계,1013.0,1013
1123064,2023,일반,남,445.0,445
1123064,2023,일반,여,568.0,568
1123064,2023,저소득노인,계,18.0,18
1123064,2023,저소득노인,남,6.0,6
1123064,2023,저소득노인,여,12.0,12
1123064,2023,합계,계,1228.0,1228
1123064,2023,합계,남,546.0,546
1123064,2023,합계,여,682.0,682
1123065,2023,국민기초생활보장수급권자,계,85.0,85
1123065,2023,국민기초생활보장수급권자,남,35.0,35
1123065,2023,국민기초생활보장수급권자,여,50.0,50
1123065,2023,일반,계,682.0,682
1123065,2023,일반,남,205.0,205
1123065,2023,일반,여,477.0,477
1123065,2023,저소득노인,계,13.0,13
1123065,2023,저소득노인,남,4.0,4
1123065,2023,저소득노인,여,9.0,9
1123065,2023,합계,계,780.0,780
1123065,2023,합계,남,244.0,244
1123065,2023,합계,여,536.0,536
1123066,2023,국민기초생활보장수급권자,계,32.0,32
1123066,2023,국민기초생활보장수급권자,남,21.0,21
1123066,2023,국민기초생활보장수급권자,여,11.0,11
1123066,2023,일반,계,470.0,470
1123066,2023,일반,남,142.0,142
1123066,2023,일반,여,328.0,328
1123066,2023,저소득노인,계,8.0,8
1123066,2023,저소득노인,남,2.0,2
1123066,2023,저소득노인,여,6.0,6
1123066,2023,합계,계,510.0,510
1123066,2023,합계,남,165.0,165
1123066,2023,합계,여,345.0,345
1123067,2023,국민기초생활보장수급권자,계,20.0,20
1123067,2023,국민기초생활보장수급권자,남,10.0,10
1123067,2023,국민기초생활보장수급권자,여,10.0,10
1123067,2023,일반,계,689.0,689
1123067,2023,일반,남,202.0,202
1123067,2023,일반,여,487.0,487
1123067,2023,저소득노인,계,4.0,4
1123067,2023,저소득노인,남,2.0,2
1123067,2023,저소득노인,여,2.0,2
1123067,2023,합계,계,713.0,713
1123067,2023,합계,남,214.0,214
1123067,2023,합계,여,499.0,499
1123068,2023,국민기초생활보장수급권자,계,48.0,48
1123068,2023,국민기초생활보장수급권자,남,13.0,13
1123068,2023,국민기초생활보장수급권자,여,35.0,35
1123068,2023,일반,계,531.0,531
1123068,2023,일반,남,175.0,175
1123068,2023,일반,여,356.0,356
1123068,2023,저소득노인,계,20.0,20
1123068,2023,저소득노인,남,5.0,5
1123068,2023,저소득노인,여,15.0,15
1123068,2023,합계,계,599.0,599
1123068,2023,합계,남,193.0,193
1123068,2023,합계,여,406.0,406
1123071,2023,국민기초생활보장수급권자,계,154.0,154
1123071,2023,국민기초생활보장수급권자,남,51.0,51
1123071,2023,국민기초생활보장수급권자,여,103.0,103
1123071,2023,일반,계,701.0,701
1123071,2023,일반,남,226.0,226
1123071,2023,일반,여,475.0,475
1123071,2023,저소득노인,계,16.0,16
1123071,2023,저소득노인,남,5.0,5
1123071,2023,저소득노인,여,11.0,11
1123071,2023,합계,계,871.0,871
1123071,2023,합계,남,282.0,282
1123071,2023,합계,여,589.0,589
1123072,2023,국민기초생활보장수급권자,계,30.0,30
1123072,2023,국민기초생활보장수급권자,남,5.0,5
1123072,2023,국민기초생활보장수급권자,여,25.0,25
1123072,2023,일반,계,496.0,496
1123072,2023,일반,남,127.0,127
1123072,2023,일반,여,369.0,369
1123072,2023,저소득노인,계,5.0,5
1123072,2023,저소득노인,남,1.0,1
1123072,2023,저소득노인,여,4.0,4
1123072,2023,합계,계,531.0,531
1123072,2023,합계,남,133.0,133
1123072,2023,합계,여,398.0,398
1123073,2023,국민기초생활보장수급권자,계,440.0,440
1123073,2023,국민기초생활보장수급권자,남,139.0,139
1123073,2023,국민기초생활보장수급권자,여,301.0,301
1123073,2023,일반,계,1102.0,1102
1123073,2023,일반,남,349.0,349
1123073,2023,일반,여,753.0,753
1123073,2023,저소득노인,계,58.0,58
1123073,2023,저소득노인,남,22.0,22
1123073,2023,저소득노인,여,36.0,36
1123073,2023,합계,계,1600.0,1600
1123073,2023,합계,남,510.0,510
1123073,2023,합계,여,1090.0,1090
1123074,2023,국민기초생활보장수급권자,계,438.0,438
1123074,2023,국민기초생활보장수급권자,남,114.0,114
1123074,2023,국민기초생활보장수급권자,여,324.0,324
1123074,2023,일반,계,1128.0,1128
1123074,2023,일반,남,265.0,265
1123074,2023,일반,여,863.0,863
1123074,2023,저소득노인,계,62.0,62
1123074,2023,저소득노인,남,17.0,17
1123074,2023,저소득노인,여,45.0,45
1123074,2023,합계,계,1628.0,1628
1123074,2023,합계,남,396.0,396
1123074,2023,합계,여,1232.0,1232
1123075,2023,국민기초생활보장수급권자,계,1141.0,1141
1123075,2023,국민기초생활보장수급권자,남,414.0,414
1123075,2023,국민기초생활보장수급권자,여,727.0,727
1123075,2023,일반,계,2212.0,2212
1123075,2023,일반,남,708.0,708
1123075,2023,일반,여,1504.0,1504
1123075,2023,저소득노인,계,57.0,57
1123075,2023,저소득노인,남,16.0,16
1123075,2023,저소득노인,여,41.0,41
1123075,2023,합계,계,3410.0,3410
1123075,2023,합계,남,1138.0,1138
1123075,2023,합계,여,2272.0,2272
1123076,2023,국민기초생활보장수급권자,계,397.0,397
1123076,2023,국민기초생활보장수급권자,남,109.0,109
1123076,2023,국민기초생활보장수급권자,여,288.0,288
1123076,2023,일반,계,1430.0,1430
1123076,2023,일반,남,407.0,407
1123076,2023,일반,여,1023.0,1023
1123076,2023,저소득노인,계,81.0,81
1123076,2023,저소득노인,남,32.0,32
1123076,2023,저소득노인,여,49.0,49
1123076,2023,합계,계,1908.0,1908
1123076,2023,합계,남,548.0,548
1123076,2023,합계,여,1360.0,1360
1123077,2023,국민기초생활보장수급권자,계,29.0,29
1123077,2023,국민기초생활보장수급권자,남,9.0,9
1123077,2023,국민기초생활보장수급권자,여,20.0,20
1123077,2023,일반,계,842.0,842
1123077,2023,일반,남,215.0,215
1123077,2023,일반,여,627.0,627
1123077,2023,저소득노인,계,5.0,5
1123077,2023,저소득노인,남,,-
1123077,2023,저소득노인,여,5.0,5
1123077,2023,합계,계,876.0,876
1123077,2023,합계,남,224.0,224
1123077,2023,합계,여,652.0,652
1123078,2023,국민기초생활보장수급권자,계,40.0,40
1123078,2023,국민기초생활보장수급권자,남,15.0,15
1123078,2023,국민기초생활보장수급권자,여,25.0,25
1123078,2023,일반,계,625.0,625
1123078,2023,일반,남,186.0,186
1123078,2023,일반,여,439.0,439
1123078,2023,저소득노인,계,6.0,6
1123078,2023,저소득노인,남,2.0,2
1123078,2023,저소득노인,여,4.0,4
1123078,2023,합계,계,671.0,671
1123078,2023,합계,남,203.0,203
1123078,2023,합계,여,468.0,468
1123079,2023,국민기초생활보장수급권자,계,37.0,37
1123079,2023,국민기초생활보장수급권자,남,12.0,12
1123079,2023,국민기초생활보장수급권자,여,25.0,25
1123079,2023,일반,계,594.0,594
1123079,2023,일반,남,152.0,152
1123079,2023,일반,여,442.0,442
1123079,2023,저소득노인,계,7.0,7
1123079,2023,저소득노인,남,2.0,2
1123079,2023,저소득노인,여,5.0,5
1123079,2023,합계,계,638.0,638
1123079,2023,합계,남,166.0,166
1123079,2023,합계,여,472.0,472
1123080,2023,국민기초생활보장수급권자,계,60.0,60
1123080,2023,국민기초생활보장수급권자,남,21.0,21
1123080,2023,국민기초생활보장수급권자,여,39.0,39
1123080,2023,일반,계,682.0,682
1123080,2023,일반,남,196.0,196
1123080,2023,일반,여,486.0,486
1123080,2023,저소득노인,계,12.0,12
1123080,2023,저소득노인,남,5.0,5
1123080,2023,저소득노인,여,7.0,7
1123080,2023,합계,계,754.0,754
1123080,2023,합계,남,222.0,222
1123080,2023,합계,여,532.0,532
1123051,2024,국민기초생활보장수급권자,계,66.0,66
1123051,2024,국민기초생활보장수급권자,남,21.0,21
1123051,2024,국민기초생활보장수급권자,여,45.0,45
1123051,2024,일반,계,526.0,526
1123051,2024,일반,남,150.0,150
1123051,2024,일반,여,376.0,376
1123051,2024,저소득노인,계,13.0,13
1123051,2024,저소득노인,남,5.0,5
1123051,2024,저소득노인,여,8.0,8
1123051,2024,합계,계,605.0,605
1123051,2024,합계,남,176.0,176
1123051,2024,합계,여,429.0,429
1123052,2024,국민기초생활보장수급권자,계,216.0,216
1123052,2024,국민기초생활보장수급권자,남,77.0,77
1123052,2024,국민기초생활보장수급권자,여,139.0,139
1123052,2024,일반,계,751.0,751
1123052,2024,일반,남,285.0,285
1123052,2024,일반,여,466.0,466
1123052,2024,저소득노인,계,22.0,22
1123052,2024,저소득노인,남,6.0,6
1123052,2024,저소득노인,여,16.0,16
1123052,2024,합계,계,989.0,989
1123052,2024,합계,남,368.0,368
1123052,2024,합계,여,621.0,621
1123053,2024,국민기초생활보장수급권자,계,118.0,118
1123053,2024,국민기초생활보장수급권자,남,31.0,31
1123053,2024,국민기초생활보장수급권자,여,87.0,87
1123053,2024,일반,계,635.0,635
1123053,2024,일반,남,178.0,178
1123053,2024,일반,여,457.0,457
1123053,2024,저소득노인,계,26.0,26
1123053,2024,저소득노인,남,5.0,5
1123053,2024,저소득노인,여,21.0,21
1123053,2024,합계,계,779.0,779
1123053,2024,합계,남,214.0,214
1123053,2024,합계,여,565.0,565
1123058,2024,국민기초생활보장수급권자,계,30.0,30
1123058,2024,국민기초생활보장수급권자,남,11.0,11
1123058,2024,국민기초생활보장수급권자,여,19.0,19
1123058,2024,일반,계,368.0,368
1123058,2024,일반,남,116.0,116
1123058,2024,일반,여,252.0,252
1123058,2024,저소득노인,계,6.0,6
1123058,2024,저소득노인,남,1.0,1
1123058,2024,저소득노인,여,5.0,5
1123058,2024,합계,계,404.0,404
1123058,2024,합계,남,128.0,128
1123058,2024,합계,여,276.0,276
1123059,2024,국민기초생활보장수급권자,계,133.0,133
1123059,2024,국민기초생활보장수급권자,남,54.0,54
1123059,2024,국민기초생활보장수급권자,여,79.0,79
1123059,2024,일반,계,713.0,713
1123059,2024,일반,남,215.0,215
1123059,2024,일반,여,498.0,498
1123059,2024,저소득노인,계,21.0,21
1123059,2024,저소득노인,남,7.0,7
1123059,2024,저소득노인,여,14.0,14
1123059,2024,합계,계,867.0,867
1123059,2024,합계,남,276.0,276
1123059,2024,합계,여,591.0,591
1123060,2024,국민기초생활보장수급권자,계,3.0,3
1123060,2024,국민기초생활보장수급권자,남,1.0,1
1123060,2024,국민기초생활보장수급권자,여,2.0,2
1123060,2024,일반,계,224.0,224
1123060,2024,일반,남,51.0,51
1123060,2024,일반,여,173.0,173
1123060,2024,저소득노인,계,2.0,2
1123060,2024,저소득노인,남,,
1123060,2024,저소득노인,여,2.0,2
1123060,2024,합계,계,229.0,229
1123060,2024,합계,남,52.0,52
1123060,2024,합계,여,177.0,177
1123063,2024,국민기초생활보장수급권자,계,134.0,134
1123063,2024,국민기초생활보장수급권자,남,53.0,53
1123063,2024,국민기초생활보장수급권자,여,81.0,81
1123063,2024,일반,계,492.0,492
1123063,2024,일반,남,158.0,158
1123063,2024,일반,여,334.0,334
1123063,2024,저소득노인,계,15.0,15
1123063,2024,저소득노인,남,6.0,6
1123063,2024,저소득노인,여,9.0,9
1123063,2024,합계,계,641.0,641
1123063,2024,합계,남,217.0,217
1123063,2024,합계,여,424.0,424
1123064,2024,국민기초생활보장수급권자,계,263.0,263
1123064,2024,국민기초생활보장수급권자,남,128.0,128
1123064,2024,국민기초생활보장수급권자,여,135.0,135
1123064,2024,일반,계,1043.0,1043
1123064,2024,일반,남,454.0,454
1123064,2024,일반,여,589.0,589
1123064,2024,저소득노인,계,32.0,32
1123064,2024,저소득노인,남,10.0,10
1123064,2024,저소득노인,여,22.0,22
1123064,2024,합계,계,1338.0,1338
1123064,2024,합계,남,592.0,592
1123064,2024,합계,여,746.0,746
1123065,2024,국민기초생활보장수급권자,계,127.0,127
1123065,2024,국민기초생활보장수급권자,남,58.0,58
1123065,2024,국민기초생활보장수급권자,여,69.0,69
1123065,2024,일반,계,673.0,673
1123065,2024,일반,남,198.0,198
1123065,2024,일반,여,475.0,475
1123065,2024,저소득노인,계,21.0,21
1123065,2024,저소득노인,남,6.0,6
1123065,2024,저소득노인,여,15.0,15
1123065,2024,합계,계,821.0,821
1123065,2024,합계,남,262.0,262
1123065,2024,합계,여,559.0,559
1123066,2024,국민기초생활보장수급권자,계,43.0,43
1123066,2024,국민기초생활보장수급권자,남,22.0,22
1123066,2024,국민기초생활보장수급권자,여,21.0,21
1123066,2024,일반,계,463.0,463
1123066,2024,일반,남,136.0,136
1123066,2024,일반,여,327.0,327
1123066,2024,저소득노인,계,8.0,8
1123066,2024,저소득노인,남,4.0,4
1123066,2024,저소득노인,여,4.0,4
1123066,2024,합계,계,514.0,514
1123066,2024,합계,남,162.0,162
1123066,2024,합계,여,352.0,352
1123067,2024,국민기초생활보장수급권자,계,28.0,28
1123067,2024,국민기초생활보장수급권자,남,11.0,11
1123067,2024,국민기초생활보장수급권자,여,17.0,17
1123067,2024,일반,계,701.0,701
1123067,2024,일반,남,218.0,218
1123067,2024,일반,여,483.0,483
1123067,2024,저소득노인,계,7.0,7
1123067,2024,저소득노인,남,4.0,4
1123067,2024,저소득노인,여,3.0,3
1123067,2024,합계,계,736.0,736
1123067,2024,합계,남,233.0,233
1123067,2024,합계,여,503.0,503
1123068,2024,국민기초생활보장수급권자,계,68.0,68
1123068,2024,국민기초생활보장수급권자,남,19.0,19
1123068,2024,국민기초생활보장수급권자,여,49.0,49
1123068,2024,일반,계,566.0,566
1123068,2024,일반,남,169.0,169
1123068,2024,일반,여,397.0,397
1123068,2024,저소득노인,계,43.0,43
1123068,2024,저소득노인,남,13.0,13
1123068,2024,저소득노인,여,30.0,30
1123068,2024,합계,계,677.0,677
1123068,2024,합계,남,201.0,201
1123068,2024,합계,여,476.0,476
1123071,2024,국민기초생활보장수급권자,계,213.0,213
1123071,2024,국민기초생활보장수급권자,남,76.0,76
1123071,2024,국민기초생활보장수급권자,여,137.0,137
1123071,2024,일반,계,721.0,721
1123071,2024,일반,남,228.0,228
1123071,2024,일반,여,493.0,493
1123071,2024,저소득노인,계,23.0,23
1123071,2024,저소득노인,남,11.0,11
1123071,2024,저소득노인,여,12.0,12
1123071,2024,합계,계,957.0,957
1123071,2024,합계,남,315.0,315
1123071,2024,합계,여,642.0,642
1123072,2024,국민기초생활보장수급권자,계,28.0,28
1123072,2024,국민기초생활보장수급권자,남,6.0,6
1123072,2024,국민기초생활보장수급권자,여,22.0,22
1123072,2024,일반,계,487.0,487
1123072,2024,일반,남,119.0,119
1123072,2024,일반,여,368.0,368
1123072,2024,저소득노인,계,7.0,7
1123072,2024,저소득노인,남,1.0,1
1123072,2024,저소득노인,여,6.0,6
1123072,2024,합계,계,522.0,522
1123072,2024,합계,남,126.0,126
1123072,2024,합계,여,396.0,396
1123073,2024,국민기초생활보장수급권자,계,607.0,607
1123073,2024,국민기초생활보장수급권자,남,201.0,201
1123073,2024,국민기초생활보장수급권자,여,406.0,406
1123073,2024,일반,계,1158.0,1158
1123073,2024,일반,남,367.0,367
1123073,2024,일반,여,791.0,791
1123073,2024,저소득노인,계,141.0,141
1123073,2024,저소득노인,남,49.0,49
1123073,2024,저소득노인,여,92.0,92
1123073,2024,합계,계,1906.0,1906
1123073,2024,합계,남,617.0,617
1123073,2024,합계,여,1289.0,1289
1123074,2024,국민기초생활보장수급권자,계,621.0,621
1123074,2024,국민기초생활보장수급권자,남,146.0,146
1123074,2024,국민기초생활보장수급권자,여,475.0,475
1123074,2024,일반,계,1160.0,1160
1123074,2024,일반,남,251.0,251
1123074,2024,일반,여,909.0,909
1123074,2024,저소득노인,계,212.0,212
1123074,2024,저소득노인,남,58.0,58
1123074,2024,저소득노인,여,154.0,154
1123074,2024,합계,계,1993.0,1993
1123074,2024,합계,남,455.0,455
1123074,2024,합계,여,1538.0,1538
1123075,2024,국민기초생활보장수급권자,계,1651.0,1651
1123075,2024,국민기초생활보장수급권자,남,593.0,593
1123075,2024,국민기초생활보장수급권자,여,1058.0,1058
1123075,2024,일반,계,2300.0,2300
1123075,2024,일반,남,743.0,743
1123075,2024,일반,여,1557.0,1557
1123075,2024,저소득노인,계,298.0,298
1123075,2024,저소득노인,남,97.0,97
1123075,2024,저소득노인,여,201.0,201
1123075,2024,합계,계,4249.0,4249
1123075,2024,합계,남,1433.0,1433
1123075,2024,합계,여,2816.0,2816
1123076,2024,국민기초생활보장수급권자,계,629.0,629
1123076,2024,국민기초생활보장수급권자,남,179.0,179
1123076,2024,국민기초생활보장수급권자,여,450.0,450
1123076,2024,일반,계,1650.0,1650
1123076,2024,일반,남,502.0,502
1123076,2024,일반,여,1148.0,1148
1123076,2024,저소득노인,계,221.0,221
1123076,2024,저소득노인,남,82.0,82
1123076,2024,저소득노인,여,139.0,139
1123076,2024,합계,계,2500.0,2500
1123076,2024,합계,남,763.0,763
1123076,2024,합계,여,1737.0,1737
1123077,2024,국민기초생활보장수급권자,계,36.0,36
1123077,2024,국민기초생활보장수급권자,남,11.0,11
1123077,2024,국민기초생활보장수급권자,여,25.0,25
1123077,2024,일반,계,830.0,830
1123077,2024,일반,남,198.0,198
1123077,2024,일반,여,632.0,632
1123077,2024,저소득노인,계,10.0,10
1123077,2024,저소득노인,남,1.0,1
1123077,2024,저소득노인,여,9.0,9
1123077,2024,합계,계,876.0,876
1123077,2024,합계,남,210.0,210
1123077,2024,합계,여,666.0,666
1123078,2024,국민기초생활보장수급권자,계,63.0,63
1123078,2024,국민기초생활보장수급권자,남,21.0,21
1123078,2024,국민기초생활보장수급권자,여,42.0,42
1123078,2024,일반,계,610.0,610
1123078,2024,일반,남,183.0,183
1123078,2024,일반,여,427.0,427
1123078,2024,저소득노인,계,9.0,9
1123078,2024,저소득노인,남,1.0,1
1123078,2024,저소득노인,여,8.0,8
1123078,2024,합계,계,682.0,682
1123078,2024,합계,남,205.0,205
1123078,2024,합계,여,477.0,477
1123079,2024,국민기초생활보장수급권자,계,48.0,48
1123079,2024,국민기초생활보장수급권자,남,15.0,15
1123079,2024,국민기초생활보장수급권자,여,33.0,33
1123079,2024,일반,계,579.0,579
1123079,2024,일반,남,135.0,135
1123079,2024,일반,여,444.0,444
1123079,2024,저소득노인,계,11.0,11
1123079,2024,저소득노인,남,2.0,2
1123079,2024,저소득노인,여,9.0,9
1123079,2024,합계,계,638.0,638
1123079,2024,합계,남,152.0,152
1123079,2024,합계,여,486.0,486
1123080,2024,국민기초생활보장수급권자,계,93.0,93
1123080,2024,국민기초생활보장수급권자,남,31.0,31
1123080,2024,국민기초생활보장수급권자,여,62.0,62
1123080,2024,일반,계,706.0,706
1123080,2024,일반,남,192.0,192
1123080,2024,일반,여,514.0,514
1123080,2024,저소득노인,계,25.0,25
1123080,2024,저소득노인,남,8.0,8
1123080,2024,저소득노인,여,17.0,17
1123080,2024,합계,계,824.0,824
1123080,2024,합계,남,231.0,231
1123080,2024,합계,여,593.0,593
1123051,2025,국민기초생활보장수급권자,계,88.0,88
1123051,2025,국민기초생활보장수급권자,남,31.0,31
1123051,2025,국민기초생활보장수급권자,여,57.0,57
1123051,2025,일반,계,532.0,532
1123051,2025,일반,남,164.0,164
1123051,2025,일반,여,368.0,368
1123051,2025,저소득노인,계,16.0,16
1123051,2025,저소득노인,남,7.0,7
1123051,2025,저소득노인,여,9.0,9
1123051,2025,합계,계,636.0,636
1123051,2025,합계,남,202.0,202
1123051,2025,합계,여,434.0,434
1123052,2025,국민기초생활보장수급권자,계,226.0,226
1123052,2025,국민기초생활보장수급권자,남,83.0,83
1123052,2025,국민기초생활보장수급권자,여,143.0,143
1123052,2025,일반,계,788.0,788
1123052,2025,일반,남,294.0,294
1123052,2025,일반,여,494.0,494
1123052,2025,저소득노인,계,22.0,22
1123052,2025,저소득노인,남,7.0,7
1123052,2025,저소득노인,여,15.0,15
1123052,2025,합계,계,1036.0,1036
1123052,2025,합계,남,384.0,384
1123052,2025,합계,여,652.0,652
1123053,2025,국민기초생활보장수급권자,계,125.0,125
1123053,2025,국민기초생활보장수급권자,남,34.0,34
1123053,2025,국민기초생활보장수급권자,여,91.0,91
1123053,2025,일반,계,634.0,634
1123053,2025,일반,남,185.0,185
1123053,2025,일반,여,449.0,449
1123053,2025,저소득노인,계,25.0,25
1123053,2025,저소득노인,남,5.0,5
1123053,2025,저소득노인,여,20.0,20
1123053,2025,합계,계,784.0,784
1123053,2025,합계,남,224.0,224
1123053,2025,합계,여,560.0,560
1123058,2025,국민기초생활보장수급권자,계,41.0,41
1123058,2025,국민기초생활보장수급권자,남,12.0,12
1123058,2025,국민기초생활보장수급권자,여,29.0,29
1123058,2025,일반,계,419.0,419
1123058,2025,일반,남,127.0,127
1123058,2025,일반,여,292.0,292
1123058,2025,저소득노인,계,8.0,8
1123058,2025,저소득노인,남,2.0,2
1123058,2025,저소득노인,여,6.0,6
1123058,2025,합계,계,468.0,468
1123058,2025,합계,남,141.0,141
1123058,2025,합계,여,327.0,327
1123059,2025,국민기초생활보장수급권자,계,142.0,142
1123059,2025,국민기초생활보장수급권자,남,53.0,53
1123059,2025,국민기초생활보장수급권자,여,89.0,89
1123059,2025,일반,계,741.0,741
1123059,2025,일반,남,226.0,226
1123059,2025,일반,여,515.0,515
1123059,2025,저소득노인,계,28.0,28
1123059,2025,저소득노인,남,10.0,10
1123059,2025,저소득노인,여,18.0,18
1123059,2025,합계,계,911.0,911
1123059,2025,합계,남,289.0,289
1123059,2025,합계,여,622.0,622
1123060,2025,국민기초생활보장수급권자,계,4.0,4
1123060,2025,국민기초생활보장수급권자,남,1.0,1
1123060,2025,국민기초생활보장수급권자,여,3.0,3
1123060,2025,일반,계,237.0,237
1123060,2025,일반,남,57.0,57
1123060,2025,일반,여,180.0,180
1123060,2025,저소득노인,계,4.0,4
1123060,2025,저소득노인,남,1.0,1
1123060,2025,저소득노인,여,3.0,3
1123060,2025,합계,계,245.0,245
1123060,2025,합계,남,59.0,59
1123060,2025,합계,여,186.0,186
1123063,2025,국민기초생활보장수급권자,계,156.0,156
1123063,2025,국민기초생활보장수급권자,남,63.0,63
1123063,2025,국민기초생활보장수급권자,여,93.0,93
1123063,2025,일반,계,532.0,532
1123063,2025,일반,남,165.0,165
1123063,2025,일반,여,367.0,367
1123063,2025,저소득노인,계,20.0,20
1123063,2025,저소득노인,남,6.0,6
1123063,2025,저소득노인,여,14.0,14
1123063,2025,합계,계,708.0,708
1123063,2025,합계,남,234.0,234
1123063,2025,합계,여,474.0,474
1123064,2025,국민기초생활보장수급권자,계,315.0,315
1123064,2025,국민기초생활보장수급권자,남,155.0,155
1123064,2025,국민기초생활보장수급권자,여,160.0,160
1123064,2025,일반,계,1090.0,1090
1123064,2025,일반,남,485.0,485
1123064,2025,일반,여,605.0,605
1123064,2025,저소득노인,계,32.0,32
1123064,2025,저소득노인,남,10.0,10
1123064,2025,저소득노인,여,22.0,22
1123064,2025,합계,계,1437.0,1437
1123064,2025,합계,남,650.0,650
1123064,2025,합계,여,787.0,787
1123065,2025,국민기초생활보장수급권자,계,139.0,139
1123065,2025,국민기초생활보장수급권자,남,74.0,74
1123065,2025,국민기초생활보장수급권자,여,65.0,65
1123065,2025,일반,계,718.0,718
1123065,2025,일반,남,213.0,213
1123065,2025,일반,여,505.0,505
1123065,2025,저소득노인,계,21.0,21
1123065,2025,저소득노인,남,5.0,5
1123065,2025,저소득노인,여,16.0,16
1123065,2025,합계,계,878.0,878
1123065,2025,합계,남,292.0,292
1123065,2025,합계,여,586.0,586
1123066,2025,국민기초생활보장수급권자,계,56.0,56
1123066,2025,국민기초생활보장수급권자,남,27.0,27
1123066,2025,국민기초생활보장수급권자,여,29.0,29
1123066,2025,일반,계,471.0,471
1123066,2025,일반,남,129.0,129
1123066,2025,일반,여,342.0,342
1123066,2025,저소득노인,계,9.0,9
1123066,2025,저소득노인,남,3.0,3
1123066,2025,저소득노인,여,6.0,6
1123066,2025,합계,계,536.0,536
1123066,2025,합계,남,159.0,159
1123066,2025,합계,여,377.0,377
1123067,2025,국민기초생활보장수급권자,계,37.0,37
1123067,2025,국민기초생활보장수급권자,남,16.0,16
1123067,2025,국민기초생활보장수급권자,여,21.0,21
1123067,2025,일반,계,726.0,726
1123067,2025,일반,남,208.0,208
1123067,2025,일반,여,518.0,518
1123067,2025,저소득노인,계,8.0,8
1123067,2025,저소득노인,남,4.0,4
1123067,2025,저소득노인,여,4.0,4
1123067,2025,합계,계,771.0,771
1123067,2025,합계,남,228.0,228
1123067,2025,합계,여,543.0,543
1123068,2025,국민기초생활보장수급권자,계,93.0,93
1123068,2025,국민기초생활보장수급권자,남,32.0,32
1123068,2025,국민기초생활보장수급권자,여,61.0,61
1123068,2025,일반,계,549.0,549
1123068,2025,일반,남,152.0,152
1123068,2025,일반,여,397.0,397
1123068,2025,저소득노인,계,37.0,37
1123068,2025,저소득노인,남,9.0,9
1123068,2025,저소득노인,여,28.0,28
1123068,2025,합계,계,679.0,679
1123068,2025,합계,남,193.0,193
1123068,2025,합계,여,486.0,486
1123071,2025,국민기초생활보장수급권자,계,249.0,249
1123071,2025,국민기초생활보장수급권자,남,91.0,91
1123071,2025,국민기초생활보장수급권자,여,158.0,158
1123071,2025,일반,계,788.0,788
1123071,2025,일반,남,259.0,259
1123071,2025,일반,여,529.0,529
1123071,2025,저소득노인,계,22.0,22
1123071,2025,저소득노인,남,9.0,9
1123071,2025,저소득노인,여,13.0,13
1123071,2025,합계,계,1059.0,1059
1123071,2025,합계,남,359.0,359
1123071,2025,합계,여,700.0,700
1123072,2025,국민기초생활보장수급권자,계,31.0,31
1123072,2025,국민기초생활보장수급권자,남,7.0,7
1123072,2025,국민기초생활보장수급권자,여,24.0,24
1123072,2025,일반,계,540.0,540
1123072,2025,일반,남,122.0,122
1123072,2025,일반,여,418.0,418
1123072,2025,저소득노인,계,6.0,6
1123072,2025,저소득노인,남,1.0,1
1123072,2025,저소득노인,여,5.0,5
1123072,2025,합계,계,577.0,577
1123072,2025,합계,남,130.0,130
1123072,2025,합계,여,447.0,447
1123073,2025,국민기초생활보장수급권자,계,652.0,652
1123073,2025,국민기초생활보장수급권자,남,217.0,217
1123073,2025,국민기초생활보장수급권자,여,435.0,435
1123073,2025,일반,계,1207.0,1207
1123073,2025,일반,남,380.0,380
1123073,2025,일반,여,827.0,827
1123073,2025,저소득노인,계,132.0,132
1123073,2025,저소득노인,남,41.0,41
1123073,2025,저소득노인,여,91.0,91
1123073,2025,합계,계,1991.0,1991
1123073,2025,합계,남,638.0,638
1123073,2025,합계,여,1353.0,1353
1123074,2025,국민기초생활보장수급권자,계,676.0,676
1123074,2025,국민기초생활보장수급권자,남,155.0,155
1123074,2025,국민기초생활보장수급권자,여,521.0,521
1123074,2025,일반,계,1209.0,1209
1123074,2025,일반,남,257.0,257
1123074,2025,일반,여,952.0,952
1123074,2025,저소득노인,계,202.0,202
1123074,2025,저소득노인,남,54.0,54
1123074,2025,저소득노인,여,148.0,148
1123074,2025,합계,계,2087.0,2087
1123074,2025,합계,남,466.0,466
1123074,2025,합계,여,1621.0,1621
1123075,2025,국민기초생활보장수급권자,계,1786.0,1786
1123075,2025,국민기초생활보장수급권자,남,661.0,661
1123075,2025,국민기초생활보장수급권자,여,1125.0,1125
1123075,2025,일반,계,2438.0,2438
1123075,2025,일반,남,794.0,794
1123075,2025,일반,여,1644.0,1644
1123075,2025,저소득노인,계,282.0,282
1123075,2025,저소득노인,남,93.0,93
1123075,2025,저소득노인,여,189.0,189
1123075,2025,합계,계,4506.0,4506
1123075,2025,합계,남,1548.0,1548
1123075,2025,합계,여,2958.0,2958
1123076,2025,국민기초생활보장수급권자,계,723.0,723
1123076,2025,국민기초생활보장수급권자,남,212.0,212
1123076,2025,국민기초생활보장수급권자,여,511.0,511
1123076,2025,일반,계,1787.0,1787
1123076,2025,일반,남,551.0,551
1123076,2025,일반,여,1236.0,1236
1123076,2025,저소득노인,계,233.0,233
1123076,2025,저소득노인,남,83.0,83
1123076,2025,저소득노인,여,150.0,150
1123076,2025,합계,계,2743.0,2743
1123076,2025,합계,남,846.0,846
1123076,2025,합계,여,1897.0,1897
1123077,2025,국민기초생활보장수급권자,계,39.0,39
1123077,2025,국민기초생활보장수급권자,남,12.0,12
1123077,2025,국민기초생활보장수급권자,여,27.0,27
1123077,2025,일반,계,821.0,821
1123077,2025,일반,남,192.0,192
1123077,2025,일반,여,629.0,629
1123077,2025,저소득노인,계,8.0,8
1123077,2025,저소득노인,남,2.0,2
1123077,2025,저소득노인,여,6.0,6
1123077,2025,합계,계,868.0,868
1123077,2025,합계,남,206.0,206
1123077,2025,합계,여,662.0,662
1123078,2025,국민기초생활보장수급권자,계,62.0,62
1123078,2025,국민기초생활보장수급권자,남,22.0,22
1123078,2025,국민기초생활보장수급권자,여,40.0,40
1123078,2025,일반,계,677.0,677
1123078,2025,일반,남,197.0,197
1123078,2025,일반,여,480.0,480
1123078,2025,저소득노인,계,9.0,9
1123078,2025,저소득노인,남,2.0,2
1123078,2025,저소득노인,여,7.0,7
1123078,2025,합계,계,748.0,748
1123078,2025,합계,남,221.0,221
1123078,2025,합계,여,527.0,527
1123079,2025,국민기초생활보장수급권자,계,55.0,55
1123079,2025,국민기초생활보장수급권자,남,16.0,16
1123079,2025,국민기초생활보장수급권자,여,39.0,39
1123079,2025,일반,계,635.0,635
1123079,2025,일반,남,142.0,142
1123079,2025,일반,여,493.0,493
1123079,2025,저소득노인,계,19.0,19
1123079,2025,저소득노인,남,7.0,7
1123079,2025,저소득노인,여,12.0,12
1123079,2025,합계,계,709.0,709
1123079,2025,합계,남,165.0,165
1123079,2025,합계,여,544.0,544
1123080,2025,국민기초생활보장수급권자,계,115.0,115
1123080,2025,국민기초생활보장수급권자,남,38.0,38
1123080,2025,국민기초생활보장수급권자,여,77.0,77
1123080,2025,일반,계,699.0,699
1123080,2025,일반,남,186.0,186
1123080,2025,일반,여,513.0,513
1123080,2025,저소득노인,계,24.0,24
1123080,2025,저소득노인,남,7.0,7
1123080,2025,저소득노인,여,17.0,17
1123080,2025,합계,계,838.0,838
1123080,2025,합계,남,231.0,231
1123080,2025,합계,여,607.0,607
