adm_cd,adm_nm,period,a1_cluster_type,elder_year,elder_context_json,elder_available_from,elder_alignment,elder_adm_cd,elder_adm_nm,elder_all_65plus_denominator_status,elder_beneficiary_share_among_living_alone_elderly,elder_beneficiary_total,elder_economic_vulnerability_share_among_living_alone_elderly,elder_economic_vulnerability_total,elder_elderly_living_alone_total,elder_female,elder_female_share,elder_general_total,elder_interpretation,elder_low_income_share_among_living_alone_elderly,elder_low_income_total,elder_male,elder_missing_cells,elder_previous_total,elder_previous_year,elder_rate_among_all_65plus_residents,elder_reference_precision,elder_source_age_minimum,elder_version,elder_yoy_count_change,elder_yoy_count_change_pct
1123051,신사동,2025H2,중간활동·다인가구 중심형,2025,"{""adm_cd"": ""1123051"", ""adm_nm"": ""신사동"", ""all_65plus_denominator_status"": ""not_added_reference_population_and_date_unverified"", ""beneficiary_share_among_living_alone_elderly"": 0.13836477987421383, ""beneficiary_total"": 88, ""economic_vulnerability_share_among_living_alone_elderly"": 0.16352201257861634, ""economic_vulnerability_total"": 104, ""elderly_living_alone_total"": 636, ""female"": 434, ""female_share"": 0.6823899371069182, ""general_total"": 532, ""interpretation"": ""annual_structural_living_arrangement_and_economic_context_not_isolation_cases"", ""low_income_share_among_living_alone_elderly"": 0.025157232704402517, ""low_income_total"": 16, ""male"": 202, ""missing_cells"": 0, ""previous_total"": 605, ""previous_year"": 2024, ""rate_among_all_65plus_residents"": null, ""reference_precision"": ""year"", ""source_age_minimum"": 65, ""version"": ""a1_elder_context_v1"", ""year"": 2025, ""yoy_count_change"": 31, ""yoy_count_change_pct"": 5.123966942148761}",,retrospective_latest_completed_reference_year,1123051,신사동,not_added_reference_population_and_date_unverified,0.13836477987421383,88,0.16352201257861634,104,636,434,0.6823899371069182,532,annual_structural_living_arrangement_and_economic_context_not_isolation_cases,0.025157232704402517,16,202,0,605,2024,,year,65,a1_elder_context_v1,31,5.123966942148761
1123052,논현1동,2025H2,고활동·청년유동·1인가구 중심형,2025,"{""adm_cd"": ""1123052"", ""adm_nm"": ""논현1동"", ""all_65plus_denominator_status"": ""not_added_reference_population_and_date_unverified"", ""beneficiary_share_among_living_alone_elderly"": 0.21814671814671815, ""beneficiary_total"": 226, ""economic_vulnerability_share_among_living_alone_elderly"": 0.23938223938223938, ""economic_vulnerability_total"": 248, ""elderly_living_alone_total"": 1036, ""female"": 652, ""female_share"": 0.6293436293436293, ""general_total"": 788, ""interpretation"": ""annual_structural_living_arrangement_and_economic_context_not_isolation_cases"", ""low_income_share_among_living_alone_elderly"": 0.021235521235521235, ""low_income_total"": 22, ""male"": 384, ""missing_cells"": 0, ""previous_total"": 989, ""previous_year"": 2024, ""rate_among_all_65plus_residents"": null, ""reference_precision"": ""year"", ""source_age_minimum"": 65, ""version"": ""a1_elder_context_v1"", ""year"": 2025, ""yoy_count_change"": 47, ""yoy_count_change_pct"": 4.752275025278063}",,retrospective_latest_completed_reference_year,1123052,논현1동,not_added_reference_population_and_date_unverified,0.21814671814671815,226,0.23938223938223938,248,1036,652,0.6293436293436293,788,annual_structural_living_arrangement_and_economic_context_not_isolation_cases,0.021235521235521235,22,384,0,989,2024,,year,65,a1_elder_context_v1,47,4.752275025278063
1123053,논현2동,2025H2,고활동·청년유동·1인가구 중심형,2025,"{""adm_cd"": ""1123053"", ""adm_nm"": ""논현2동"", ""all_65plus_denominator_status"": ""not_added_reference_population_and_date_unverified"", ""beneficiary_share_among_living_alone_elderly"": 0.15943877551020408, ""beneficiary_total"": 125, ""economic_vulnerability_share_among_living_alone_elderly"": 0.1913265306122449, ""economic_vulnerability_total"": 150, ""elderly_living_alone_total"": 784, ""female"": 560, ""female_share"": 0.7142857142857143, ""general_total"": 634, ""interpretation"": ""annual_structural_living_arrangement_and_economic_context_not_isolation_cases"", ""low_income_share_among_living_alone_elderly"": 0.03188775510204082, ""low_income_total"": 25, ""male"": 224, ""missing_cells"": 0, ""previous_total"": 779, ""previous_year"": 2024, ""rate_among_all_65plus_residents"": null, ""reference_precision"": ""year"", ""source_age_minimum"": 65, ""version"": ""a1_elder_context_v1"", ""year"": 2025, ""yoy_count_change"": 5, ""yoy_count_change_pct"": 0.6418485237484006}",,retrospective_latest_completed_reference_year,1123053,논현2동,not_added_reference_population_and_date_unverified,0.15943877551020408,125,0.1913265306122449,150,784,560,0.7142857142857143,634,annual_structural_living_arrangement_and_economic_context_not_isolation_cases,0.03188775510204082,25,224,0,779,2024,,year,65,a1_elder_context_v1,5,0.6418485237484006
1123058,삼성1동,2025H2,고활동·청년유동·1인가구 중심형,2025,"{""adm_cd"": ""1123058"", ""adm_nm"": ""삼성1동"", ""all_65plus_denominator_status"": ""not_added_reference_population_and_date_unverified"", ""beneficiary_share_among_living_alone_elderly"": 0.0876068376068376, ""beneficiary_total"": 41, ""economic_vulnerability_share_among_living_alone_elderly"": 0.1047008547008547, ""economic_vulnerability_total"": 49, ""elderly_living_alone_total"": 468, ""female"": 327, ""female_share"": 0.6987179487179487, ""general_total"": 419, ""interpretation"": ""annual_structural_living_arrangement_and_economic_context_not_isolation_cases"", ""low_income_share_among_living_alone_elderly"": 0.017094017094017096, ""low_income_total"": 8, ""male"": 141, ""missing_cells"": 0, ""previous_total"": 404, ""previous_year"": 2024, ""rate_among_all_65plus_residents"": null, ""reference_precision"": ""year"", ""source_age_minimum"": 65, ""version"": ""a1_elder_context_v1"", ""year"": 2025, ""yoy_count_change"": 64, ""yoy_count_change_pct"": 15.841584158415834}",,retrospective_latest_completed_reference_year,1123058,삼성1동,not_added_reference_population_and_date_unverified,0.0876068376068376,41,0.1047008547008547,49,468,327,0.6987179487179487,419,annual_structural_living_arrangement_and_economic_context_not_isolation_cases,0.017094017094017096,8,141,0,404,2024,,year,65,a1_elder_context_v1,64,15.841584158415834
1123059,삼성2동,2025H2,고활동·청년유동·1인가구 중심형,2025,"{""adm_cd"": ""1123059"", ""adm_nm"": ""삼성2동"", ""all_65plus_denominator_status"": ""not_added_reference_population_and_date_unverified"", ""beneficiary_share_among_living_alone_elderly"": 0.15587266739846323, ""beneficiary_total"": 142, ""economic_vulnerability_share_among_living_alone_elderly"": 0.18660812294182216, ""economic_vulnerability_total"": 170, ""elderly_living_alone_total"": 911, ""female"": 622, ""female_share"": 0.6827661909989023, ""general_total"": 741, ""interpretation"": ""annual_structural_living_arrangement_and_economic_context_not_isolation_cases"", ""low_income_share_among_living_alone_elderly"": 0.030735455543358946, ""low_income_total"": 28, ""male"": 289, ""missing_cells"": 0, ""previous_total"": 867, ""previous_year"": 2024, ""rate_among_all_65plus_residents"": null, ""reference_precision"": ""year"", ""source_age_minimum"": 65, ""version"": ""a1_elder_context_v1"", ""year"": 2025, ""yoy_count_change"": 44, ""yoy_count_change_pct"": 5.074971164936559}",,retrospective_latest_completed_reference_year,1123059,삼성2동,not_added_reference_population_and_date_unverified,0.15587266739846323,142,0.18660812294182216,170,911,622,0.6827661909989023,741,annual_structural_living_arrangement_and_economic_context_not_isolation_cases,0.030735455543358946,28,289,0,867,2024,,year,65,a1_elder_context_v1,44,5.074971164936559
1123060,대치1동,2025H2,중간활동·다인가구 중심형,2025,"{""adm_cd"": ""1123060"", ""adm_nm"": ""대치1동"", ""all_65plus_denominator_status"": ""not_added_reference_population_and_date_unverified"", ""beneficiary_share_among_living_alone_elderly"": 0.0163265306122449, ""beneficiary_total"": 4, ""economic_vulnerability_share_among_living_alone_elderly"": 0.0326530612244898, ""economic_vulnerability_total"": 8, ""elderly_living_alone_total"": 245, ""female"": 186, ""female_share"": 0.7591836734693878, ""general_total"": 237, ""interpretation"": ""annual_structural_living_arrangement_and_economic_context_not_isolation_cases"", ""low_income_share_among_living_alone_elderly"": 0.0163265306122449, ""low_income_total"": 4, ""male"": 59, ""missing_cells"": 0, ""previous_total"": 229, ""previous_year"": 2024, ""rate_among_all_65plus_residents"": null, ""reference_precision"": ""year"", ""source_age_minimum"": 65, ""version"": ""a1_elder_context_v1"", ""year"": 2025, ""yoy_count_change"": 16, ""yoy_count_change_pct"": 6.986899563318771}",,retrospective_latest_completed_reference_year,1123060,대치1동,not_added_reference_population_and_date_unverified,0.0163265306122449,4,0.0326530612244898,8,245,186,0.7591836734693878,237,annual_structural_living_arrangement_and_economic_context_not_isolation_cases,0.0163265306122449,4,59,0,229,2024,,year,65,a1_elder_context_v1,16,6.986899563318771
1123063,대치4동,2025H2,고활동·청년유동·1인가구 중심형,2025,"{""adm_cd"": ""1123063"", ""adm_nm"": ""대치4동"", ""all_65plus_denominator_status"": ""not_added_reference_population_and_date_unverified"", ""beneficiary_share_among_living_alone_elderly"": 0.22033898305084745, ""beneficiary_total"": 156, ""economic_vulnerability_share_among_living_alone_elderly"": 0.24858757062146894, ""economic_vulnerability_total"": 176, ""elderly_living_alone_total"": 708, ""female"": 474, ""female_share"": 0.6694915254237288, ""general_total"": 532, ""interpretation"": ""annual_structural_living_arrangement_and_economic_context_not_isolation_cases"", ""low_income_share_among_living_alone_elderly"": 0.02824858757062147, ""low_income_total"": 20, ""male"": 234, ""missing_cells"": 0, ""previous_total"": 641, ""previous_year"": 2024, ""rate_among_all_65plus_residents"": null, ""reference_precision"": ""year"", ""source_age_minimum"": 65, ""version"": ""a1_elder_context_v1"", ""year"": 2025, ""yoy_count_change"": 67, ""yoy_count_change_pct"": 10.452418096723859}",,retrospective_latest_completed_reference_year,1123063,대치4동,not_added_reference_population_and_date_unverified,0.22033898305084745,156,0.24858757062146894,176,708,474,0.6694915254237288,532,annual_structural_living_arrangement_and_economic_context_not_isolation_cases,0.02824858757062147,20,234,0,641,2024,,year,65,a1_elder_context_v1,67,10.452418096723859
1123064,역삼1동,2025H2,고활동·청년유동·1인가구 중심형,2025,"{""adm_cd"": ""1123064"", ""adm_nm"": ""역삼1동"", ""all_65plus_denominator_status"": ""not_added_reference_population_and_date_unverified"", ""beneficiary_share_among_living_alone_elderly"": 0.21920668058455114, ""beneficiary_total"": 315, ""economic_vulnerability_share_among_living_alone_elderly"": 0.24147529575504523, ""economic_vulnerability_total"": 347, ""elderly_living_alone_total"": 1437, ""female"": 787, ""female_share"": 0.5476687543493389, ""general_total"": 1090, ""interpretation"": ""annual_structural_living_arrangement_and_economic_context_not_isolation_cases"", ""low_income_share_among_living_alone_elderly"": 0.022268615170494086, ""low_income_total"": 32, ""male"": 650, ""missing_cells"": 0, ""previous_total"": 1338, ""previous_year"": 2024, ""rate_among_all_65plus_residents"": null, ""reference_precision"": ""year"", ""source_age_minimum"": 65, ""version"": ""a1_elder_context_v1"", ""year"": 2025, ""yoy_count_change"": 99, ""yoy_count_change_pct"": 7.399103139013463}",,retrospective_latest_completed_reference_year,1123064,역삼1동,not_added_reference_population_and_date_unverified,0.21920668058455114,315,0.24147529575504523,347,1437,787,0.5476687543493389,1090,annual_structural_living_arrangement_and_economic_context_not_isolation_cases,0.022268615170494086,32,650,0,1338,2024,,year,65,a1_elder_context_v1,99,7.399103139013463
1123065,역삼2동,2025H2,고활동·청년유동·1인가구 중심형,2025,"{""adm_cd"": ""1123065"", ""adm_nm"": ""역삼2동"", ""all_65plus_denominator_status"": ""not_added_reference_population_and_date_unverified"", ""beneficiary_share_among_living_alone_elderly"": 0.15831435079726652, ""beneficiary_total"": 139, ""economic_vulnerability_share_among_living_alone_elderly"": 0.18223234624145787, ""economic_vulnerability_total"": 160, ""elderly_living_alone_total"": 878, ""female"": 586, ""female_share"": 0.6674259681093394, ""general_total"": 718, ""interpretation"": ""annual_structural_living_arrangement_and_economic_context_not_isolation_cases"", ""low_income_share_among_living_alone_elderly"": 0.023917995444191344, ""low_income_total"": 21, ""male"": 292, ""missing_cells"": 0, ""previous_total"": 821, ""previous_year"": 2024, ""rate_among_all_65plus_residents"": null, ""reference_precision"": ""year"", ""source_age_minimum"": 65, ""version"": ""a1_elder_context_v1"", ""year"": 2025, ""yoy_count_change"": 57, ""yoy_count_change_pct"": 6.942752740560287}",,retrospective_latest_completed_reference_year,1123065,역삼2동,not_added_reference_population_and_date_unverified,0.15831435079726652,139,0.18223234624145787,160,878,586,0.6674259681093394,718,annual_structural_living_arrangement_and_economic_context_not_isolation_cases,0.023917995444191344,21,292,0,821,2024,,year,65,a1_elder_context_v1,57,6.942752740560287
1123066,도곡1동,2025H2,중간활동·다인가구 중심형,2025,"{""adm_cd"": ""1123066"", ""adm_nm"": ""도곡1동"", ""all_65plus_denominator_status"": ""not_added_reference_population_and_date_unverified"", ""beneficiary_share_among_living_alone_elderly"": 0.1044776119402985, ""beneficiary_total"": 56, ""economic_vulnerability_share_among_living_alone_elderly"": 0.12126865671641791, ""economic_vulnerability_total"": 65, ""elderly_living_alone_total"": 536, ""female"": 377, ""female_share"": 0.7033582089552238, ""general_total"": 471, ""interpretation"": ""annual_structural_living_arrangement_and_economic_context_not_isolation_cases"", ""low_income_share_among_living_alone_elderly"": 0.016791044776119403, ""low_income_total"": 9, ""male"": 159, ""missing_cells"": 0, ""previous_total"": 514, ""previous_year"": 2024, ""rate_among_all_65plus_residents"": null, ""reference_precision"": ""year"", ""source_age_minimum"": 65, ""version"": ""a1_elder_context_v1"", ""year"": 2025, ""yoy_count_change"": 22, ""yoy_count_change_pct"": 4.280155642023353}",,retrospective_latest_completed_reference_year,1123066,도곡1동,not_added_reference_population_and_date_unverified,0.1044776119402985,56,0.12126865671641791,65,536,377,0.7033582089552238,471,annual_structural_living_arrangement_and_economic_context_not_isolation_cases,0.016791044776119403,9,159,0,514,2024,,year,65,a1_elder_context_v1,22,4.280155642023353
1123067,도곡2동,2025H2,중간활동·다인가구 중심형,2025,"{""adm_cd"": ""1123067"", ""adm_nm"": ""도곡2동"", ""all_65plus_denominator_status"": ""not_added_reference_population_and_date_unverified"", ""beneficiary_share_among_living_alone_elderly"": 0.04798962386511025, ""beneficiary_total"": 37, ""economic_vulnerability_share_among_living_alone_elderly"": 0.058365758754863814, ""economic_vulnerability_total"": 45, ""elderly_living_alone_total"": 771, ""female"": 543, ""female_share"": 0.7042801556420234, ""general_total"": 726, ""interpretation"": ""annual_structural_living_arrangement_and_economic_context_not_isolation_cases"", ""low_income_share_among_living_alone_elderly"": 0.010376134889753566, ""low_income_total"": 8, ""male"": 228, ""missing_cells"": 0, ""previous_total"": 736, ""previous_year"": 2024, ""rate_among_all_65plus_residents"": null, ""reference_precision"": ""year"", ""source_age_minimum"": 65, ""version"": ""a1_elder_context_v1"", ""year"": 2025, ""yoy_count_change"": 35, ""yoy_count_change_pct"": 4.755434782608692}",,retrospective_latest_completed_reference_year,1123067,도곡2동,not_added_reference_population_and_date_unverified,0.04798962386511025,37,0.058365758754863814,45,771,543,0.7042801556420234,726,annual_structural_living_arrangement_and_economic_context_not_isolation_cases,0.010376134889753566,8,228,0,736,2024,,year,65,a1_elder_context_v1,35,4.755434782608692
1123068,개포1동,2025H2,중간활동·다인가구 중심형,2025,"{""adm_cd"": ""1123068"", ""adm_nm"": ""개포1동"", ""all_65plus_denominator_status"": ""not_added_reference_population_and_date_unverified"", ""beneficiary_share_among_living_alone_elderly"": 0.13696612665684832, ""beneficiary_total"": 93, ""economic_vulnerability_share_among_living_alone_elderly"": 0.19145802650957292, ""economic_vulnerability_total"": 130, ""elderly_living_alone_total"": 679, ""female"": 486, ""female_share"": 0.7157584683357879, ""general_total"": 549, ""interpretation"": ""annual_structural_living_arrangement_and_economic_context_not_isolation_cases"", ""low_income_share_among_living_alone_elderly"": 0.054491899852724596, ""low_income_total"": 37, ""male"": 193, ""missing_cells"": 0, ""previous_total"": 677, ""previous_year"": 2024, ""rate_among_all_65plus_residents"": null, ""reference_precision"": ""year"", ""source_age_minimum"": 65, ""version"": ""a1_elder_context_v1"", ""year"": 2025, ""yoy_count_change"": 2, ""yoy_count_change_pct"": 0.2954209748892156}",,retrospective_latest_completed_reference_year,1123068,개포1동,not_added_reference_population_and_date_unverified,0.13696612665684832,93,0.19145802650957292,130,679,486,0.7157584683357879,549,annual_structural_living_arrangement_and_economic_context_not_isolation_cases,0.054491899852724596,37,193,0,677,2024,,year,65,a1_elder_context_v1,2,0.2954209748892156
1123071,개포4동,2025H2,중간활동·다인가구 중심형,2025,"{""adm_cd"": ""1123071"", ""adm_nm"": ""개포4동"", ""all_65plus_denominator_status"": ""not_added_reference_population_and_date_unverified"", ""beneficiary_share_among_living_alone_elderly"": 0.23512747875354106, ""beneficiary_total"": 249, ""economic_vulnerability_share_among_living_alone_elderly"": 0.2559017941454202, ""economic_vulnerability_total"": 271, ""elderly_living_alone_total"": 1059, ""female"": 700, ""female_share"": 0.6610009442870632, ""general_total"": 788, ""interpretation"": ""annual_structural_living_arrangement_and_economic_context_not_isolation_cases"", ""low_income_share_among_living_alone_elderly"": 0.02077431539187913, ""low_income_total"": 22, ""male"": 359, ""missing_cells"": 0, ""previous_total"": 957, ""previous_year"": 2024, ""rate_among_all_65plus_residents"": null, ""reference_precision"": ""year"", ""source_age_minimum"": 65, ""version"": ""a1_elder_context_v1"", ""year"": 2025, ""yoy_count_change"": 102, ""yoy_count_change_pct"": 10.658307210031337}",,retrospective_latest_completed_reference_year,1123071,개포4동,not_added_reference_population_and_date_unverified,0.23512747875354106,249,0.2559017941454202,271,1059,700,0.6610009442870632,788,annual_structural_living_arrangement_and_economic_context_not_isolation_cases,0.02077431539187913,22,359,0,957,2024,,year,65,a1_elder_context_v1,102,10.658307210031337
1123072,일원본동,2025H2,중간활동·다인가구 중심형,2025,"{""adm_cd"": ""1123072"", ""adm_nm"": ""일원본동"", ""all_65plus_denominator_status"": ""not_added_reference_population_and_date_unverified"", ""beneficiary_share_among_living_alone_elderly"": 0.053726169844020795, ""beneficiary_total"": 31, ""economic_vulnerability_share_among_living_alone_elderly"": 0.06412478336221837, ""economic_vulnerability_total"": 37, ""elderly_living_alone_total"": 577, ""female"": 447, ""female_share"": 0.7746967071057193, ""general_total"": 540, ""interpretation"": ""annual_structural_living_arrangement_and_economic_context_not_isolation_cases"", ""low_income_share_among_living_alone_elderly"": 0.010398613518197574, ""low_income_total"": 6, ""male"": 130, ""missing_cells"": 0, ""previous_total"": 522, ""previous_year"": 2024, ""rate_among_all_65plus_residents"": null, ""reference_precision"": ""year"", ""source_age_minimum"": 65, ""version"": ""a1_elder_context_v1"", ""year"": 2025, ""yoy_count_change"": 55, ""yoy_count_change_pct"": 10.53639846743295}",,retrospective_latest_completed_reference_year,1123072,일원본동,not_added_reference_population_and_date_unverified,0.053726169844020795,31,0.06412478336221837,37,577,447,0.7746967071057193,540,annual_structural_living_arrangement_and_economic_context_not_isolation_cases,0.010398613518197574,6,130,0,522,2024,,year,65,a1_elder_context_v1,55,10.53639846743295
1123073,일원1동,2025H2,고령·2인가구·구조적 복지배경 특화형,2025,"{""adm_cd"": ""1123073"", ""adm_nm"": ""일원1동"", ""all_65plus_denominator_status"": ""not_added_reference_population_and_date_unverified"", ""beneficiary_share_among_living_alone_elderly"": 0.32747363134103463, ""beneficiary_total"": 652, ""economic_vulnerability_share_among_living_alone_elderly"": 0.3937719738824711, ""economic_vulnerability_total"": 784, ""elderly_living_alone_total"": 1991, ""female"": 1353, ""female_share"": 0.6795580110497238, ""general_total"": 1207, ""interpretation"": ""annual_structural_living_arrangement_and_economic_context_not_isolation_cases"", ""low_income_share_among_living_alone_elderly"": 0.06629834254143646, ""low_income_total"": 132, ""male"": 638, ""missing_cells"": 0, ""previous_total"": 1906, ""previous_year"": 2024, ""rate_among_all_65plus_residents"": null, ""reference_precision"": ""year"", ""source_age_minimum"": 65, ""version"": ""a1_elder_context_v1"", ""year"": 2025, ""yoy_count_change"": 85, ""yoy_count_change_pct"": 4.459601259181523}",,retrospective_latest_completed_reference_year,1123073,일원1동,not_added_reference_population_and_date_unverified,0.32747363134103463,652,0.3937719738824711,784,1991,1353,0.6795580110497238,1207,annual_structural_living_arrangement_and_economic_context_not_isolation_cases,0.06629834254143646,132,638,0,1906,2024,,year,65,a1_elder_context_v1,85,4.459601259181523
1123074,개포3동,2025H2,고령·2인가구·구조적 복지배경 특화형,2025,"{""adm_cd"": ""1123074"", ""adm_nm"": ""개포3동"", ""all_65plus_denominator_status"": ""not_added_reference_population_and_date_unverified"", ""beneficiary_share_among_living_alone_elderly"": 0.3239099185433637, ""beneficiary_total"": 676, ""economic_vulnerability_share_among_living_alone_elderly"": 0.4206995687589842, ""economic_vulnerability_total"": 878, ""elderly_living_alone_total"": 2087, ""female"": 1621, ""female_share"": 0.7767129851461428, ""general_total"": 1209, ""interpretation"": ""annual_structural_living_arrangement_and_economic_context_not_isolation_cases"", ""low_income_share_among_living_alone_elderly"": 0.09678965021562051, ""low_income_total"": 202, ""male"": 466, ""missing_cells"": 0, ""previous_total"": 1993, ""previous_year"": 2024, ""rate_among_all_65plus_residents"": null, ""reference_precision"": ""year"", ""source_age_minimum"": 65, ""version"": ""a1_elder_context_v1"", ""year"": 2025, ""yoy_count_change"": 94, ""yoy_count_change_pct"": 4.71650777722028}",,retrospective_latest_completed_reference_year,1123074,개포3동,not_added_reference_population_and_date_unverified,0.3239099185433637,676,0.4206995687589842,878,2087,1621,0.7767129851461428,1209,annual_structural_living_arrangement_and_economic_context_not_isolation_cases,0.09678965021562051,202,466,0,1993,2024,,year,65,a1_elder_context_v1,94,4.71650777722028
1123075,수서동,2025H2,고령·2인가구·구조적 복지배경 특화형,2025,"{""adm_cd"": ""1123075"", ""adm_nm"": ""수서동"", ""all_65plus_denominator_status"": ""not_added_reference_population_and_date_unverified"", ""beneficiary_share_among_living_alone_elderly"": 0.39636040834442965, ""beneficiary_total"": 1786, ""economic_vulnerability_share_among_living_alone_elderly"": 0.45894363071460276, ""economic_vulnerability_total"": 2068, ""elderly_living_alone_total"": 4506, ""female"": 2958, ""female_share"": 0.6564580559254327, ""general_total"": 2438, ""interpretation"": ""annual_structural_living_arrangement_and_economic_context_not_isolation_cases"", ""low_income_share_among_living_alone_elderly"": 0.06258322237017311, ""low_income_total"": 282, ""male"": 1548, ""missing_cells"": 0, ""previous_total"": 4249, ""previous_year"": 2024, ""rate_among_all_65plus_residents"": null, ""reference_precision"": ""year"", ""source_age_minimum"": 65, ""version"": ""a1_elder_context_v1"", ""year"": 2025, ""yoy_count_change"": 257, ""yoy_count_change_pct"": 6.04848199576371}",,retrospective_latest_completed_reference_year,1123075,수서동,not_added_reference_population_and_date_unverified,0.39636040834442965,1786,0.45894363071460276,2068,4506,2958,0.6564580559254327,2438,annual_structural_living_arrangement_and_economic_context_not_isolation_cases,0.06258322237017311,282,1548,0,4249,2024,,year,65,a1_elder_context_v1,257,6.04848199576371
1123076,세곡동,2025H2,중간활동·다인가구 중심형,2025,"{""adm_cd"": ""1123076"", ""adm_nm"": ""세곡동"", ""all_65plus_denominator_status"": ""not_added_reference_population_and_date_unverified"", ""beneficiary_share_among_living_alone_elderly"": 0.26358002187386076, ""beneficiary_total"": 723, ""economic_vulnerability_share_among_living_alone_elderly"": 0.34852351440029167, ""economic_vulnerability_total"": 956, ""elderly_living_alone_total"": 2743, ""female"": 1897, ""female_share"": 0.6915785636164783, ""general_total"": 1787, ""interpretation"": ""annual_structural_living_arrangement_and_economic_context_not_isolation_cases"", ""low_income_share_among_living_alone_elderly"": 0.08494349252643091, ""low_income_total"": 233, ""male"": 846, ""missing_cells"": 0, ""previous_total"": 2500, ""previous_year"": 2024, ""rate_among_all_65plus_residents"": null, ""reference_precision"": ""year"", ""source_age_minimum"": 65, ""version"": ""a1_elder_context_v1"", ""year"": 2025, ""yoy_count_change"": 243, ""yoy_count_change_pct"": 9.719999999999995}",,retrospective_latest_completed_reference_year,1123076,세곡동,not_added_reference_population_and_date_unverified,0.26358002187386076,723,0.34852351440029167,956,2743,1897,0.6915785636164783,1787,annual_structural_living_arrangement_and_economic_context_not_isolation_cases,0.08494349252643091,233,846,0,2500,2024,,year,65,a1_elder_context_v1,243,9.719999999999995
1123077,압구정동,2025H2,중간활동·다인가구 중심형,2025,"{""adm_cd"": ""1123077"", ""adm_nm"": ""압구정동"", ""all_65plus_denominator_status"": ""not_added_reference_population_and_date_unverified"", ""beneficiary_share_among_living_alone_elderly"": 0.044930875576036866, ""beneficiary_total"": 39, ""economic_vulnerability_share_among_living_alone_elderly"": 0.05414746543778802, ""economic_vulnerability_total"": 47, ""elderly_living_alone_total"": 868, ""female"": 662, ""female_share"": 0.7626728110599078, ""general_total"": 821, ""interpretation"": ""annual_structural_living_arrangement_and_economic_context_not_isolation_cases"", ""low_income_share_among_living_alone_elderly"": 0.009216589861751152, ""low_income_total"": 8, ""male"": 206, ""missing_cells"": 0, ""previous_total"": 876, ""previous_year"": 2024, ""rate_among_all_65plus_residents"": null, ""reference_precision"": ""year"", ""source_age_minimum"": 65, ""version"": ""a1_elder_context_v1"", ""year"": 2025, ""yoy_count_change"": -8, ""yoy_count_change_pct"": -0.91324200913242}",,retrospective_latest_completed_reference_year,1123077,압구정동,not_added_reference_population_and_date_unverified,0.044930875576036866,39,0.05414746543778802,47,868,662,0.7626728110599078,821,annual_structural_living_arrangement_and_economic_context_not_isolation_cases,0.009216589861751152,8,206,0,876,2024,,year,65,a1_elder_context_v1,-8,-0.91324200913242
1123078,청담동,2025H2,중간활동·다인가구 중심형,2025,"{""adm_cd"": ""1123078"", ""adm_nm"": ""청담동"", ""all_65plus_denominator_status"": ""not_added_reference_population_and_date_unverified"", ""beneficiary_share_among_living_alone_elderly"": 0.08288770053475936, ""beneficiary_total"": 62, ""economic_vulnerability_share_among_living_alone_elderly"": 0.09491978609625669, ""economic_vulnerability_total"": 71, ""elderly_living_alone_total"": 748, ""female"": 527, ""female_share"": 0.7045454545454546, ""general_total"": 677, ""interpretation"": ""annual_structural_living_arrangement_and_economic_context_not_isolation_cases"", ""low_income_share_among_living_alone_elderly"": 0.012032085561497326, ""low_income_total"": 9, ""male"": 221, ""missing_cells"": 0, ""previous_total"": 682, ""previous_year"": 2024, ""rate_among_all_65plus_residents"": null, ""reference_precision"": ""year"", ""source_age_minimum"": 65, ""version"": ""a1_elder_context_v1"", ""year"": 2025, ""yoy_count_change"": 66, ""yoy_count_change_pct"": 9.677419354838701}",,retrospective_latest_completed_reference_year,1123078,청담동,not_added_reference_population_and_date_unverified,0.08288770053475936,62,0.09491978609625669,71,748,527,0.7045454545454546,677,annual_structural_living_arrangement_and_economic_context_not_isolation_cases,0.012032085561497326,9,221,0,682,2024,,year,65,a1_elder_context_v1,66,9.677419354838701
1123079,대치2동,2025H2,중간활동·다인가구 중심형,2025,"{""adm_cd"": ""1123079"", ""adm_nm"": ""대치2동"", ""all_65plus_denominator_status"": ""not_added_reference_population_and_date_unverified"", ""beneficiary_share_among_living_alone_elderly"": 0.07757404795486601, ""beneficiary_total"": 55, ""economic_vulnerability_share_among_living_alone_elderly"": 0.10437235543018336, ""economic_vulnerability_total"": 74, ""elderly_living_alone_total"": 709, ""female"": 544, ""female_share"": 0.767277856135402, ""general_total"": 635, ""interpretation"": ""annual_structural_living_arrangement_and_economic_context_not_isolation_cases"", ""low_income_share_among_living_alone_elderly"": 0.02679830747531735, ""low_income_total"": 19, ""male"": 165, ""missing_cells"": 0, ""previous_total"": 638, ""previous_year"": 2024, ""rate_among_all_65plus_residents"": null, ""reference_precision"": ""year"", ""source_age_minimum"": 65, ""version"": ""a1_elder_context_v1"", ""year"": 2025, ""yoy_count_change"": 71, ""yoy_count_change_pct"": 11.128526645768023}",,retrospective_latest_completed_reference_year,1123079,대치2동,not_added_reference_population_and_date_unverified,0.07757404795486601,55,0.10437235543018336,74,709,544,0.767277856135402,635,annual_structural_living_arrangement_and_economic_context_not_isolation_cases,0.02679830747531735,19,165,0,638,2024,,year,65,a1_elder_context_v1,71,11.128526645768023
1123080,개포2동,2025H2,중간활동·다인가구 중심형,2025,"{""adm_cd"": ""1123080"", ""adm_nm"": ""개포2동"", ""all_65plus_denominator_status"": ""not_added_reference_population_and_date_unverified"", ""beneficiary_share_among_living_alone_elderly"": 0.13723150357995226, ""beneficiary_total"": 115, ""economic_vulnerability_share_among_living_alone_elderly"": 0.1658711217183771, ""economic_vulnerability_total"": 139, ""elderly_living_alone_total"": 838, ""female"": 607, ""female_share"": 0.7243436754176611, ""general_total"": 699, ""interpretation"": ""annual_structural_living_arrangement_and_economic_context_not_isolation_cases"", ""low_income_share_among_living_alone_elderly"": 0.028639618138424822, ""low_income_total"": 24, ""male"": 231, ""missing_cells"": 0, ""previous_total"": 824, ""previous_year"": 2024, ""rate_among_all_65plus_residents"": null, ""reference_precision"": ""year"", ""source_age_minimum"": 65, ""version"": ""a1_elder_context_v1"", ""year"": 2025, ""yoy_count_change"": 14, ""yoy_count_change_pct"": 1.6990291262136026}",,retrospective_latest_completed_reference_year,1123080,개포2동,not_added_reference_population_and_date_unverified,0.13723150357995226,115,0.1658711217183771,139,838,607,0.7243436754176611,699,annual_structural_living_arrangement_and_economic_context_not_isolation_cases,0.028639618138424822,24,231,0,824,2024,,year,65,a1_elder_context_v1,14,1.6990291262136026
